ASV_ID	ZP0371	ZP0395	ZP0396	ZP0399	ZP0458
ASV_1	0	83	108	0	0
ASV_2	136	0	0	0	33
ASV_3	0	0	92	0	76
ASV_4	0	0	104	0	63
ASV_5	68	0	32	0	53
ASV_6	0	0	143	0	0
ASV_7	0	0	130	0	13
ASV_8	0	59	83	0	0
ASV_9	0	0	136	0	0
ASV_10	0	0	0	0	132
ASV_11	0	0	36	0	95
ASV_12	0	0	0	110	14
ASV_13	0	0	119	0	0
ASV_14	0	0	119	0	0
ASV_15	0	105	0	0	13
ASV_16	0	0	118	0	0
ASV_17	105	0	0	0	12
ASV_18	110	0	0	0	0
ASV_19	0	0	110	0	0
ASV_20	0	109	0	0	0
ASV_21	0	51	0	41	15
ASV_22	0	106	0	0	0
ASV_23	0	0	105	0	0
ASV_24	0	0	104	0	0
ASV_25	0	0	0	0	104
ASV_26	103	0	0	0	0
ASV_27	0	0	0	88	15
ASV_28	0	102	0	0	0
ASV_29	0	45	7	50	0
ASV_30	0	0	0	101	0
ASV_31	0	0	0	0	101
ASV_32	0	99	0	0	0
ASV_33	0	0	0	0	99
ASV_34	0	95	0	0	0
ASV_35	0	94	0	0	0
ASV_36	0	94	0	0	0
ASV_37	0	53	41	0	0
ASV_38	0	0	0	0	94
ASV_39	46	0	8	0	38
ASV_40	0	0	0	92	0
ASV_41	0	0	0	0	92
ASV_42	91	0	0	0	0
ASV_43	0	91	0	0	0
ASV_44	18	0	35	0	37
ASV_45	0	0	0	90	0
ASV_46	0	0	0	43	47
ASV_47	0	0	0	0	90
ASV_48	88	0	0	0	0
ASV_49	0	0	87	0	0
ASV_50	0	86	0	0	0
ASV_51	85	0	0	0	0
ASV_52	56	29	0	0	0
ASV_53	23	19	12	0	31
ASV_54	0	85	0	0	0
ASV_55	0	0	85	0	0
ASV_56	0	84	0	0	0
ASV_57	0	84	0	0	0
ASV_58	0	60	0	0	24
ASV_59	0	0	0	49	35
ASV_60	0	83	0	0	0
ASV_61	0	83	0	0	0
ASV_62	0	24	0	39	20
ASV_63	0	17	49	0	17
ASV_64	0	13	0	0	70
ASV_65	0	0	83	0	0
ASV_66	0	0	0	0	83
ASV_67	0	82	0	0	0
ASV_68	60	21	0	0	0
ASV_69	11	0	32	0	38
ASV_70	0	81	0	0	0
ASV_71	0	0	0	0	81
ASV_72	65	0	0	0	15
ASV_73	0	30	0	34	16
ASV_74	0	0	80	0	0
ASV_75	0	0	0	80	0
ASV_76	0	0	0	80	0
ASV_77	13	0	41	0	25
ASV_78	0	79	0	0	0
ASV_79	0	79	0	0	0
ASV_80	0	27	0	38	14
ASV_81	0	24	0	44	11
ASV_82	0	21	43	0	15
ASV_83	0	0	79	0	0
ASV_84	49	29	0	0	0
ASV_85	0	0	78	0	0
ASV_86	16	0	23	0	38
ASV_87	0	23	0	37	17
ASV_88	0	22	0	41	14
ASV_89	0	0	31	0	46
ASV_90	0	0	0	77	0
ASV_91	0	0	0	0	77
ASV_92	0	0	0	0	77
ASV_93	13	0	36	0	27
ASV_94	13	0	25	0	38
ASV_95	9	0	31	0	36
ASV_96	0	76	0	0	0
ASV_97	0	0	76	0	0
ASV_98	0	0	0	0	76
ASV_99	75	0	0	0	0
ASV_100	75	0	0	0	0
ASV_101	0	21	0	41	13
ASV_102	0	74	0	0	0
ASV_103	0	74	0	0	0
ASV_104	0	74	0	0	0
ASV_105	0	31	0	28	15
ASV_106	0	0	74	0	0
ASV_107	0	0	74	0	0
ASV_108	12	0	22	0	39
ASV_109	0	73	0	0	0
ASV_110	0	30	0	28	15
ASV_111	0	6	67	0	0
ASV_112	0	0	73	0	0
ASV_113	0	0	0	73	0
ASV_114	72	0	0	0	0
ASV_115	34	38	0	0	0
ASV_116	17	0	27	0	28
ASV_117	14	0	22	0	36
ASV_118	0	72	0	0	0
ASV_119	0	34	0	30	8
ASV_120	0	0	10	40	22
ASV_121	0	45	18	0	8
ASV_122	0	0	6	47	18
ASV_123	70	0	0	0	0
ASV_124	0	70	0	0	0
ASV_125	0	13	21	0	36
ASV_126	0	0	0	0	70
ASV_127	0	69	0	0	0
ASV_128	0	69	0	0	0
ASV_129	68	0	0	0	0
ASV_130	0	68	0	0	0
ASV_131	0	0	68	0	0
ASV_132	0	0	68	0	0
ASV_133	0	0	68	0	0
ASV_134	0	0	0	0	68
ASV_135	0	0	0	0	68
ASV_136	0	37	0	0	30
ASV_137	0	0	0	0	67
ASV_138	66	0	0	0	0
ASV_139	66	0	0	0	0
ASV_140	16	0	20	0	30
ASV_141	0	66	0	0	0
ASV_142	0	66	0	0	0
ASV_143	0	16	10	0	40
ASV_144	0	0	0	0	66
ASV_145	0	0	0	0	66
ASV_146	0	0	0	0	66
ASV_147	0	0	0	0	66
ASV_148	17	0	20	0	28
ASV_149	0	65	0	0	0
ASV_150	0	65	0	0	0
ASV_151	0	25	0	22	18
ASV_152	0	21	0	25	19
ASV_153	0	9	23	0	33
ASV_154	0	0	65	0	0
ASV_155	0	0	65	0	0
ASV_156	0	0	0	65	0
ASV_157	0	0	0	0	65
ASV_158	0	64	0	0	0
ASV_159	0	64	0	0	0
ASV_160	0	0	64	0	0
ASV_161	0	0	64	0	0
ASV_162	0	0	64	0	0
ASV_163	63	0	0	0	0
ASV_164	63	0	0	0	0
ASV_165	63	0	0	0	0
ASV_166	5	46	12	0	0
ASV_167	0	63	0	0	0
ASV_168	0	63	0	0	0
ASV_169	0	0	63	0	0
ASV_170	0	0	63	0	0
ASV_171	0	0	63	0	0
ASV_172	0	0	63	0	0
ASV_173	0	0	4	43	16
ASV_174	0	0	0	0	63
ASV_175	62	0	0	0	0
ASV_176	12	0	25	0	25
ASV_177	7	0	24	0	31
ASV_178	6	0	28	0	28
ASV_179	0	62	0	0	0
ASV_180	0	62	0	0	0
ASV_181	0	62	0	0	0
ASV_182	0	0	62	0	0
ASV_183	0	0	0	62	0
ASV_184	26	0	35	0	0
ASV_185	6	44	11	0	0
ASV_186	0	61	0	0	0
ASV_187	0	18	16	0	27
ASV_188	0	0	61	0	0
ASV_189	0	0	61	0	0
ASV_190	0	0	0	61	0
ASV_191	17	0	13	0	30
ASV_192	10	0	19	0	31
ASV_193	0	60	0	0	0
ASV_194	0	60	0	0	0
ASV_195	0	0	0	60	0
ASV_196	0	0	0	0	60
ASV_197	59	0	0	0	0
ASV_198	59	0	0	0	0
ASV_199	7	0	28	0	24
ASV_200	0	59	0	0	0
ASV_201	0	59	0	0	0
ASV_202	0	18	0	28	13
ASV_203	0	0	0	59	0
ASV_204	0	0	0	40	19
ASV_205	0	0	0	0	59
ASV_206	0	0	0	0	59
ASV_207	58	0	0	0	0
ASV_208	0	58	0	0	0
ASV_209	0	0	58	0	0
ASV_210	0	0	58	0	0
ASV_211	0	0	58	0	0
ASV_212	0	0	0	58	0
ASV_213	0	0	0	58	0
ASV_214	0	0	0	0	58
ASV_215	12	34	11	0	0
ASV_216	0	0	0	0	57
ASV_217	56	0	0	0	0
ASV_218	56	0	0	0	0
ASV_219	0	56	0	0	0
ASV_220	0	56	0	0	0
ASV_221	0	0	0	56	0
ASV_222	0	0	0	0	56
ASV_223	55	0	0	0	0
ASV_224	55	0	0	0	0
ASV_225	55	0	0	0	0
ASV_226	33	9	13	0	0
ASV_227	11	0	20	0	24
ASV_228	0	55	0	0	0
ASV_229	0	55	0	0	0
ASV_230	0	55	0	0	0
ASV_231	0	0	55	0	0
ASV_232	38	4	12	0	0
ASV_233	7	0	22	0	25
ASV_234	0	54	0	0	0
ASV_235	0	12	14	0	28
ASV_236	0	0	54	0	0
ASV_237	0	0	54	0	0
ASV_238	0	0	54	0	0
ASV_239	0	0	54	0	0
ASV_240	0	53	0	0	0
ASV_241	0	53	0	0	0
ASV_242	0	18	0	26	9
ASV_243	52	0	0	0	0
ASV_244	9	35	8	0	0
ASV_245	0	52	0	0	0
ASV_246	0	52	0	0	0
ASV_247	0	52	0	0	0
ASV_248	0	0	52	0	0
ASV_249	0	0	52	0	0
ASV_250	0	0	52	0	0
ASV_251	0	0	0	52	0
ASV_252	0	0	0	52	0
ASV_253	0	51	0	0	0
ASV_254	0	51	0	0	0
ASV_255	0	0	51	0	0
ASV_256	0	0	51	0	0
ASV_257	0	0	51	0	0
ASV_258	50	0	0	0	0
ASV_259	50	0	0	0	0
ASV_260	50	0	0	0	0
ASV_261	9	35	6	0	0
ASV_262	0	0	50	0	0
ASV_263	0	0	50	0	0
ASV_264	0	0	50	0	0
ASV_265	0	0	50	0	0
ASV_266	0	0	0	50	0
ASV_267	0	0	0	0	50
ASV_268	49	0	0	0	0
ASV_269	7	32	10	0	0
ASV_270	0	49	0	0	0
ASV_271	0	49	0	0	0
ASV_272	0	14	15	0	20
ASV_273	0	5	12	0	32
ASV_274	0	0	49	0	0
ASV_275	0	0	0	49	0
ASV_276	0	0	0	49	0
ASV_277	48	0	0	0	0
ASV_278	48	0	0	0	0
ASV_279	48	0	0	0	0
ASV_280	48	0	0	0	0
ASV_281	17	7	10	0	14
ASV_282	0	48	0	0	0
ASV_283	0	9	7	0	32
ASV_284	0	0	48	0	0
ASV_285	0	0	0	48	0
ASV_286	0	0	0	48	0
ASV_287	0	0	0	48	0
ASV_288	0	0	0	0	48
ASV_289	0	0	0	0	48
ASV_290	47	0	0	0	0
ASV_291	0	47	0	0	0
ASV_292	0	47	0	0	0
ASV_293	0	0	47	0	0
ASV_294	0	0	0	0	47
ASV_295	46	0	0	0	0
ASV_296	46	0	0	0	0
ASV_297	5	29	12	0	0
ASV_298	0	46	0	0	0
ASV_299	0	46	0	0	0
ASV_300	0	0	46	0	0
ASV_301	0	0	0	46	0
ASV_302	0	0	0	46	0
ASV_303	0	0	0	46	0
ASV_304	0	0	0	46	0
ASV_305	0	0	0	0	46
ASV_306	0	0	0	0	46
ASV_307	45	0	0	0	0
ASV_308	11	31	3	0	0
ASV_309	0	45	0	0	0
ASV_310	0	0	0	45	0
ASV_311	0	0	0	45	0
ASV_312	0	0	0	45	0
ASV_313	0	0	0	0	45
ASV_314	44	0	0	0	0
ASV_315	0	44	0	0	0
ASV_316	0	44	0	0	0
ASV_317	0	44	0	0	0
ASV_318	0	10	10	0	24
ASV_319	0	2	13	0	29
ASV_320	0	0	44	0	0
ASV_321	0	0	35	0	9
ASV_322	0	0	0	44	0
ASV_323	0	0	0	44	0
ASV_324	0	0	0	44	0
ASV_325	0	0	0	0	44
ASV_326	0	0	0	0	44
ASV_327	0	0	0	0	44
ASV_328	0	43	0	0	0
ASV_329	0	43	0	0	0
ASV_330	0	43	0	0	0
ASV_331	0	43	0	0	0
ASV_332	0	43	0	0	0
ASV_333	0	0	43	0	0
ASV_334	0	0	43	0	0
ASV_335	0	0	43	0	0
ASV_336	0	0	43	0	0
ASV_337	0	0	0	43	0
ASV_338	0	0	0	0	43
ASV_339	42	0	0	0	0
ASV_340	0	42	0	0	0
ASV_341	0	5	13	0	24
ASV_342	0	0	42	0	0
ASV_343	0	0	42	0	0
ASV_344	0	0	0	42	0
ASV_345	0	0	0	42	0
ASV_346	41	0	0	0	0
ASV_347	19	0	22	0	0
ASV_348	0	41	0	0	0
ASV_349	0	41	0	0	0
ASV_350	0	41	0	0	0
ASV_351	0	0	41	0	0
ASV_352	0	0	41	0	0
ASV_353	0	0	41	0	0
ASV_354	0	0	16	8	17
ASV_355	0	0	0	41	0
ASV_356	0	0	0	41	0
ASV_357	40	0	0	0	0
ASV_358	0	20	0	0	20
ASV_359	0	0	40	0	0
ASV_360	0	0	40	0	0
ASV_361	0	0	40	0	0
ASV_362	0	0	0	40	0
ASV_363	0	0	0	40	0
ASV_364	0	0	0	40	0
ASV_365	0	0	0	0	40
ASV_366	39	0	0	0	0
ASV_367	0	39	0	0	0
ASV_368	0	39	0	0	0
ASV_369	0	39	0	0	0
ASV_370	0	14	0	16	9
ASV_371	0	0	39	0	0
ASV_372	0	0	0	39	0
ASV_373	0	0	0	0	39
ASV_374	38	0	0	0	0
ASV_375	38	0	0	0	0
ASV_376	38	0	0	0	0
ASV_377	38	0	0	0	0
ASV_378	0	38	0	0	0
ASV_379	0	18	20	0	0
ASV_380	0	0	38	0	0
ASV_381	0	0	38	0	0
ASV_382	0	0	38	0	0
ASV_383	0	0	38	0	0
ASV_384	0	0	0	38	0
ASV_385	0	0	0	38	0
ASV_386	0	0	0	0	38
ASV_387	0	0	0	0	38
ASV_388	16	0	21	0	0
ASV_389	0	37	0	0	0
ASV_390	0	37	0	0	0
ASV_391	0	0	37	0	0
ASV_392	0	0	37	0	0
ASV_393	0	0	0	37	0
ASV_394	0	0	0	0	37
ASV_395	0	0	0	0	37
ASV_396	7	27	2	0	0
ASV_397	0	36	0	0	0
ASV_398	0	36	0	0	0
ASV_399	0	36	0	0	0
ASV_400	0	36	0	0	0
ASV_401	0	36	0	0	0
ASV_402	0	0	36	0	0
ASV_403	0	0	0	36	0
ASV_404	0	0	0	36	0
ASV_405	0	0	0	36	0
ASV_406	35	0	0	0	0
ASV_407	23	0	0	0	12
ASV_408	21	0	14	0	0
ASV_409	0	35	0	0	0
ASV_410	0	35	0	0	0
ASV_411	0	17	0	0	18
ASV_412	0	0	0	35	0
ASV_413	0	0	0	35	0
ASV_414	0	0	0	0	35
ASV_415	0	0	0	0	35
ASV_416	0	0	0	0	35
ASV_417	0	0	0	0	35
ASV_418	15	0	19	0	0
ASV_419	14	0	20	0	0
ASV_420	5	25	4	0	0
ASV_421	0	34	0	0	0
ASV_422	0	34	0	0	0
ASV_423	0	34	0	0	0
ASV_424	0	34	0	0	0
ASV_425	0	0	34	0	0
ASV_426	0	0	0	34	0
ASV_427	0	0	0	34	0
ASV_428	0	0	0	0	34
ASV_429	0	0	0	0	34
ASV_430	33	0	0	0	0
ASV_431	0	33	0	0	0
ASV_432	0	33	0	0	0
ASV_433	0	33	0	0	0
ASV_434	0	33	0	0	0
ASV_435	0	0	33	0	0
ASV_436	0	0	33	0	0
ASV_437	0	0	33	0	0
ASV_438	0	0	0	0	33
ASV_439	32	0	0	0	0
ASV_440	17	0	15	0	0
ASV_441	0	32	0	0	0
ASV_442	0	32	0	0	0
ASV_443	0	32	0	0	0
ASV_444	0	0	32	0	0
ASV_445	0	0	32	0	0
ASV_446	0	0	32	0	0
ASV_447	0	0	0	32	0
ASV_448	0	0	0	0	32
ASV_449	0	0	0	0	32
ASV_450	31	0	0	0	0
ASV_451	31	0	0	0	0
ASV_452	31	0	0	0	0
ASV_453	15	0	16	0	0
ASV_454	0	31	0	0	0
ASV_455	0	31	0	0	0
ASV_456	0	31	0	0	0
ASV_457	0	31	0	0	0
ASV_458	0	0	31	0	0
ASV_459	0	0	31	0	0
ASV_460	0	0	31	0	0
ASV_461	0	0	31	0	0
ASV_462	0	0	31	0	0
ASV_463	0	0	0	31	0
ASV_464	0	0	0	0	31
ASV_465	0	0	0	0	31
ASV_466	0	0	0	0	31
ASV_467	30	0	0	0	0
ASV_468	15	0	15	0	0
ASV_469	0	30	0	0	0
ASV_470	0	30	0	0	0
ASV_471	0	0	0	30	0
ASV_472	29	0	0	0	0
ASV_473	29	0	0	0	0
ASV_474	0	29	0	0	0
ASV_475	0	29	0	0	0
ASV_476	0	29	0	0	0
ASV_477	0	0	29	0	0
ASV_478	0	0	29	0	0
ASV_479	0	0	0	29	0
ASV_480	13	0	15	0	0
ASV_481	0	28	0	0	0
ASV_482	0	28	0	0	0
ASV_483	0	18	10	0	0
ASV_484	0	0	28	0	0
ASV_485	0	0	28	0	0
ASV_486	0	0	28	0	0
ASV_487	0	0	28	0	0
ASV_488	0	0	0	28	0
ASV_489	0	0	0	28	0
ASV_490	0	0	0	28	0
ASV_491	0	0	0	0	28
ASV_492	0	0	0	0	28
ASV_493	0	0	0	0	28
ASV_494	0	0	0	0	28
ASV_495	0	0	0	0	28
ASV_496	0	0	0	0	28
ASV_497	0	27	0	0	0
ASV_498	0	27	0	0	0
ASV_499	0	27	0	0	0
ASV_500	0	27	0	0	0
ASV_501	0	27	0	0	0
ASV_502	0	0	27	0	0
ASV_503	0	0	27	0	0
ASV_504	0	0	27	0	0
ASV_505	0	0	0	27	0
ASV_506	0	0	0	27	0
ASV_507	0	0	0	0	27
ASV_508	0	0	0	0	27
ASV_509	0	26	0	0	0
ASV_510	0	26	0	0	0
ASV_511	0	26	0	0	0
ASV_512	0	0	26	0	0
ASV_513	0	0	26	0	0
ASV_514	0	0	26	0	0
ASV_515	0	0	26	0	0
ASV_516	0	0	26	0	0
ASV_517	0	0	12	0	14
ASV_518	0	0	0	26	0
ASV_519	0	0	0	0	26
ASV_520	0	0	0	0	26
ASV_521	25	0	0	0	0
ASV_522	0	25	0	0	0
ASV_523	0	25	0	0	0
ASV_524	0	25	0	0	0
ASV_525	0	0	25	0	0
ASV_526	0	0	25	0	0
ASV_527	0	0	25	0	0
ASV_528	0	0	25	0	0
ASV_529	0	0	25	0	0
ASV_530	0	0	25	0	0
ASV_531	0	0	0	25	0
ASV_532	0	0	0	25	0
ASV_533	0	0	0	25	0
ASV_534	0	0	0	0	25
ASV_535	0	0	0	0	25
ASV_536	0	0	0	0	25
ASV_537	0	0	0	0	25
ASV_538	24	0	0	0	0
ASV_539	24	0	0	0	0
ASV_540	24	0	0	0	0
ASV_541	24	0	0	0	0
ASV_542	12	0	12	0	0
ASV_543	0	24	0	0	0
ASV_544	0	24	0	0	0
ASV_545	0	24	0	0	0
ASV_546	0	24	0	0	0
ASV_547	0	24	0	0	0
ASV_548	0	0	24	0	0
ASV_549	0	0	0	24	0
ASV_550	0	0	0	0	24
ASV_551	0	0	0	0	24
ASV_552	0	0	0	0	24
ASV_553	0	0	0	0	24
ASV_554	0	0	0	0	24
ASV_555	0	0	0	0	24
ASV_556	23	0	0	0	0
ASV_557	0	23	0	0	0
ASV_558	0	23	0	0	0
ASV_559	0	23	0	0	0
ASV_560	0	23	0	0	0
ASV_561	0	15	8	0	0
ASV_562	0	0	23	0	0
ASV_563	0	0	23	0	0
ASV_564	0	0	23	0	0
ASV_565	0	0	10	0	13
ASV_566	0	0	0	0	23
ASV_567	0	0	0	0	23
ASV_568	0	0	0	0	23
ASV_569	0	0	0	0	23
ASV_570	0	0	0	0	23
ASV_571	0	22	0	0	0
ASV_572	0	22	0	0	0
ASV_573	0	22	0	0	0
ASV_574	0	22	0	0	0
ASV_575	0	22	0	0	0
ASV_576	0	22	0	0	0
ASV_577	0	22	0	0	0
ASV_578	0	0	22	0	0
ASV_579	0	0	22	0	0
ASV_580	0	0	22	0	0
ASV_581	0	0	22	0	0
ASV_582	0	0	22	0	0
ASV_583	0	0	0	22	0
ASV_584	0	0	0	22	0
ASV_585	0	0	0	22	0
ASV_586	0	0	0	22	0
ASV_587	0	0	0	0	22
ASV_588	21	0	0	0	0
ASV_589	12	0	9	0	0
ASV_590	10	0	11	0	0
ASV_591	0	21	0	0	0
ASV_592	0	21	0	0	0
ASV_593	0	21	0	0	0
ASV_594	0	21	0	0	0
ASV_595	0	21	0	0	0
ASV_596	0	21	0	0	0
ASV_597	0	21	0	0	0
ASV_598	0	21	0	0	0
ASV_599	0	21	0	0	0
ASV_600	0	0	21	0	0
ASV_601	0	0	21	0	0
ASV_602	0	0	21	0	0
ASV_603	0	0	21	0	0
ASV_604	0	0	0	0	21
ASV_605	0	0	0	0	21
ASV_606	0	0	0	0	21
ASV_607	0	0	0	0	21
ASV_608	0	0	0	0	21
ASV_609	0	20	0	0	0
ASV_610	0	20	0	0	0
ASV_611	0	20	0	0	0
ASV_612	0	20	0	0	0
ASV_613	0	0	20	0	0
ASV_614	0	0	20	0	0
ASV_615	0	0	20	0	0
ASV_616	0	0	20	0	0
ASV_617	0	0	20	0	0
ASV_618	0	0	0	20	0
ASV_619	0	0	0	0	20
ASV_620	0	0	0	0	20
ASV_621	0	0	0	0	20
ASV_622	0	0	0	0	20
ASV_623	0	0	0	0	20
ASV_624	0	0	0	0	20
ASV_625	0	0	0	0	20
ASV_626	19	0	0	0	0
ASV_627	0	19	0	0	0
ASV_628	0	19	0	0	0
ASV_629	0	19	0	0	0
ASV_630	0	19	0	0	0
ASV_631	0	0	19	0	0
ASV_632	0	0	19	0	0
ASV_633	0	0	19	0	0
ASV_634	0	0	0	19	0
ASV_635	0	0	0	0	19
ASV_636	0	0	0	0	19
ASV_637	0	0	0	0	19
ASV_638	0	0	0	0	19
ASV_639	0	0	0	0	19
ASV_640	0	0	0	0	19
ASV_641	0	0	0	0	19
ASV_642	0	0	0	0	19
ASV_643	0	0	0	0	19
ASV_644	0	0	0	0	19
ASV_645	0	0	0	0	19
ASV_646	18	0	0	0	0
ASV_647	0	18	0	0	0
ASV_648	0	18	0	0	0
ASV_649	0	18	0	0	0
ASV_650	0	18	0	0	0
ASV_651	0	18	0	0	0
ASV_652	0	18	0	0	0
ASV_653	0	18	0	0	0
ASV_654	0	0	18	0	0
ASV_655	0	0	18	0	0
ASV_656	0	0	18	0	0
ASV_657	0	0	0	18	0
ASV_658	0	0	0	0	18
ASV_659	0	0	0	0	18
ASV_660	0	0	0	0	18
ASV_661	0	0	0	0	18
ASV_662	0	0	0	0	18
ASV_663	0	0	0	0	18
ASV_664	0	0	0	0	18
ASV_665	0	0	0	0	18
ASV_666	0	0	0	0	18
ASV_667	0	0	0	0	18
ASV_668	0	0	0	0	18
ASV_669	0	0	0	0	18
ASV_670	0	0	0	0	18
ASV_671	0	17	0	0	0
ASV_672	0	0	17	0	0
ASV_673	0	0	17	0	0
ASV_674	0	0	17	0	0
ASV_675	0	0	17	0	0
ASV_676	0	0	17	0	0
ASV_677	0	0	0	0	17
ASV_678	0	0	0	0	17
ASV_679	0	0	0	0	17
ASV_680	0	0	0	0	17
ASV_681	0	0	0	0	17
ASV_682	0	0	0	0	17
ASV_683	0	0	0	0	17
ASV_684	0	0	0	0	17
ASV_685	16	0	0	0	0
ASV_686	0	16	0	0	0
ASV_687	0	16	0	0	0
ASV_688	0	16	0	0	0
ASV_689	0	16	0	0	0
ASV_690	0	16	0	0	0
ASV_691	0	16	0	0	0
ASV_692	0	16	0	0	0
ASV_693	0	16	0	0	0
ASV_694	0	16	0	0	0
ASV_695	0	16	0	0	0
ASV_696	0	16	0	0	0
ASV_697	0	16	0	0	0
ASV_698	0	16	0	0	0
ASV_699	0	16	0	0	0
ASV_700	0	16	0	0	0
ASV_701	0	0	16	0	0
ASV_702	0	0	16	0	0
ASV_703	0	0	16	0	0
ASV_704	0	0	16	0	0
ASV_705	0	0	16	0	0
ASV_706	0	0	0	0	16
ASV_707	0	0	0	0	16
ASV_708	15	0	0	0	0
ASV_709	0	15	0	0	0
ASV_710	0	15	0	0	0
ASV_711	0	15	0	0	0
ASV_712	0	15	0	0	0
ASV_713	0	15	0	0	0
ASV_714	0	15	0	0	0
ASV_715	0	15	0	0	0
ASV_716	0	15	0	0	0
ASV_717	0	15	0	0	0
ASV_718	0	15	0	0	0
ASV_719	0	15	0	0	0
ASV_720	0	0	15	0	0
ASV_721	0	0	0	0	15
ASV_722	0	0	0	0	15
ASV_723	0	0	0	0	15
ASV_724	0	0	0	0	15
ASV_725	0	0	0	0	15
ASV_726	0	0	0	0	15
ASV_727	0	0	0	0	15
ASV_728	0	0	0	0	15
ASV_729	0	0	0	0	15
ASV_730	0	0	0	0	15
ASV_731	0	0	0	0	15
ASV_732	0	0	0	0	15
ASV_733	0	0	0	0	15
ASV_734	0	0	0	0	15
ASV_735	0	0	0	0	15
ASV_736	0	0	0	0	15
ASV_737	0	0	0	0	15
ASV_738	14	0	0	0	0
ASV_739	14	0	0	0	0
ASV_740	0	14	0	0	0
ASV_741	0	14	0	0	0
ASV_742	0	14	0	0	0
ASV_743	0	14	0	0	0
ASV_744	0	14	0	0	0
ASV_745	0	14	0	0	0
ASV_746	0	14	0	0	0
ASV_747	0	14	0	0	0
ASV_748	0	14	0	0	0
ASV_749	0	14	0	0	0
ASV_750	0	0	14	0	0
ASV_751	0	0	14	0	0
ASV_752	0	0	14	0	0
ASV_753	0	0	14	0	0
ASV_754	0	0	14	0	0
ASV_755	0	0	0	0	14
ASV_756	0	0	0	0	14
ASV_757	0	0	0	0	14
ASV_758	0	0	0	0	14
ASV_759	0	0	0	0	14
ASV_760	0	0	0	0	14
ASV_761	0	0	0	0	14
ASV_762	0	0	0	0	14
ASV_763	0	0	0	0	14
ASV_764	0	0	0	0	14
ASV_765	0	0	0	0	14
ASV_766	0	0	0	0	14
ASV_767	13	0	0	0	0
ASV_768	13	0	0	0	0
ASV_769	13	0	0	0	0
ASV_770	13	0	0	0	0
ASV_771	0	13	0	0	0
ASV_772	0	13	0	0	0
ASV_773	0	13	0	0	0
ASV_774	0	13	0	0	0
ASV_775	0	13	0	0	0
ASV_776	0	13	0	0	0
ASV_777	0	13	0	0	0
ASV_778	0	13	0	0	0
ASV_779	0	13	0	0	0
ASV_780	0	13	0	0	0
ASV_781	0	0	13	0	0
ASV_782	0	0	0	0	13
ASV_783	0	0	0	0	13
ASV_784	0	0	0	0	13
ASV_785	0	0	0	0	13
ASV_786	0	0	0	0	13
ASV_787	0	0	0	0	13
ASV_788	0	0	0	0	13
ASV_789	0	0	0	0	13
ASV_790	0	0	0	0	13
ASV_791	12	0	0	0	0
ASV_792	12	0	0	0	0
ASV_793	12	0	0	0	0
ASV_794	0	12	0	0	0
ASV_795	0	12	0	0	0
ASV_796	0	12	0	0	0
ASV_797	0	12	0	0	0
ASV_798	0	12	0	0	0
ASV_799	0	12	0	0	0
ASV_800	0	12	0	0	0
ASV_801	0	12	0	0	0
ASV_802	0	12	0	0	0
ASV_803	0	12	0	0	0
ASV_804	0	0	12	0	0
ASV_805	0	0	12	0	0
ASV_806	0	0	0	0	12
ASV_807	0	0	0	0	12
ASV_808	0	0	0	0	12
ASV_809	0	0	0	0	12
ASV_810	0	0	0	0	12
ASV_811	0	0	0	0	12
ASV_812	0	0	0	0	12
ASV_813	0	0	0	0	12
ASV_814	0	0	0	0	12
ASV_815	0	0	0	0	12
ASV_816	0	0	0	0	12
ASV_817	0	0	0	0	12
ASV_818	0	0	0	0	12
ASV_819	0	0	0	0	12
ASV_820	0	0	0	0	12
ASV_821	0	11	0	0	0
ASV_822	0	11	0	0	0
ASV_823	0	11	0	0	0
ASV_824	0	11	0	0	0
ASV_825	0	0	11	0	0
ASV_826	0	0	11	0	0
ASV_827	0	0	11	0	0
ASV_828	0	0	0	0	11
ASV_829	0	0	0	0	11
ASV_830	0	0	0	0	11
ASV_831	0	0	0	0	11
ASV_832	0	0	0	0	11
ASV_833	0	0	0	0	11
ASV_834	0	0	0	0	11
ASV_835	0	0	0	0	11
ASV_836	0	0	0	0	11
ASV_837	10	0	0	0	0
ASV_838	0	10	0	0	0
ASV_839	0	10	0	0	0
ASV_840	0	10	0	0	0
ASV_841	0	10	0	0	0
ASV_842	0	10	0	0	0
ASV_843	0	0	10	0	0
ASV_844	0	0	10	0	0
ASV_845	0	0	10	0	0
ASV_846	0	0	10	0	0
ASV_847	0	0	10	0	0
ASV_848	0	0	10	0	0
ASV_849	0	0	0	0	10
ASV_850	0	0	0	0	10
ASV_851	0	0	0	0	10
ASV_852	0	0	0	0	10
ASV_853	0	0	0	0	10
ASV_854	0	0	0	0	10
ASV_855	0	0	0	0	10
ASV_856	0	0	0	0	10
ASV_857	0	0	0	0	10
ASV_858	0	0	0	0	10
ASV_859	0	0	0	0	10
ASV_860	0	0	0	0	10
ASV_861	0	0	0	0	10
ASV_862	0	0	0	0	10
ASV_863	0	0	0	0	10
ASV_864	0	0	0	0	10
ASV_865	0	0	0	0	10
ASV_866	0	0	0	0	10
ASV_867	9	0	0	0	0
ASV_868	9	0	0	0	0
ASV_869	0	9	0	0	0
ASV_870	0	9	0	0	0
ASV_871	0	9	0	0	0
ASV_872	0	9	0	0	0
ASV_873	0	9	0	0	0
ASV_874	0	9	0	0	0
ASV_875	0	0	9	0	0
ASV_876	0	0	0	9	0
ASV_877	0	0	0	0	9
ASV_878	0	0	0	0	9
ASV_879	0	0	0	0	9
ASV_880	0	0	0	0	9
ASV_881	0	0	0	0	9
ASV_882	0	0	0	0	9
ASV_883	0	0	0	0	9
ASV_884	0	0	0	0	9
ASV_885	0	0	0	0	9
ASV_886	0	0	0	0	9
ASV_887	0	0	0	0	9
ASV_888	0	8	0	0	0
ASV_889	0	8	0	0	0
ASV_890	0	8	0	0	0
ASV_891	0	8	0	0	0
ASV_892	0	8	0	0	0
ASV_893	0	8	0	0	0
ASV_894	0	8	0	0	0
ASV_895	0	8	0	0	0
ASV_896	0	8	0	0	0
ASV_897	0	8	0	0	0
ASV_898	0	8	0	0	0
ASV_899	0	8	0	0	0
ASV_900	0	8	0	0	0
ASV_901	0	8	0	0	0
ASV_902	0	8	0	0	0
ASV_903	0	8	0	0	0
ASV_904	0	0	8	0	0
ASV_905	0	0	8	0	0
ASV_906	0	0	8	0	0
ASV_907	0	0	8	0	0
ASV_908	0	0	8	0	0
ASV_909	0	0	8	0	0
ASV_910	0	0	8	0	0
ASV_911	0	0	0	0	8
ASV_912	0	0	0	0	8
ASV_913	0	0	0	0	8
ASV_914	0	0	0	0	8
ASV_915	0	0	0	0	8
ASV_916	0	0	0	0	8
ASV_917	0	0	0	0	8
ASV_918	0	0	0	0	8
ASV_919	0	0	0	0	8
ASV_920	0	0	0	0	8
ASV_921	0	7	0	0	0
ASV_922	0	0	0	0	7
ASV_923	0	0	0	0	7
ASV_924	0	0	0	0	7
ASV_925	0	0	0	0	7
ASV_926	6	0	0	0	0
ASV_927	0	6	0	0	0
ASV_928	0	6	0	0	0
ASV_929	0	6	0	0	0
ASV_930	0	6	0	0	0
ASV_931	0	6	0	0	0
ASV_932	0	0	6	0	0
ASV_933	0	0	6	0	0
ASV_934	0	0	6	0	0
ASV_935	0	0	0	0	6
ASV_936	0	0	0	0	6
ASV_937	5	0	0	0	0
ASV_938	4	0	0	0	0
ASV_939	4	0	0	0	0
ASV_940	4	0	0	0	0
ASV_941	4	0	0	0	0
ASV_942	0	4	0	0	0
ASV_943	0	4	0	0	0
ASV_944	0	0	4	0	0
ASV_945	0	0	4	0	0
ASV_946	0	0	0	0	4
ASV_947	0	3	0	0	0
ASV_948	0	3	0	0	0
ASV_949	0	3	0	0	0
ASV_950	0	3	0	0	0
ASV_951	0	0	3	0	0
ASV_952	0	0	3	0	0
ASV_953	0	0	0	3	0
ASV_954	0	0	0	0	3
ASV_955	0	0	0	0	3
ASV_956	0	2	0	0	0
ASV_957	0	2	0	0	0
ASV_958	0	2	0	0	0
ASV_959	0	2	0	0	0
ASV_960	0	2	0	0	0
ASV_961	0	2	0	0	0
ASV_962	0	2	0	0	0
ASV_963	0	2	0	0	0
ASV_964	0	2	0	0	0
ASV_965	0	2	0	0	0
ASV_966	0	0	2	0	0
ASV_967	0	0	2	0	0
ASV_968	0	0	2	0	0
ASV_969	0	0	2	0	0
ASV_970	0	0	2	0	0
ASV_971	0	0	0	2	0
ASV_972	0	0	0	2	0
ASV_973	0	0	0	2	0
ASV_974	0	0	0	2	0
ASV_975	0	0	0	0	2
ASV_976	0	0	0	0	2
ASV_977	0	0	0	0	2
ASV_978	0	0	0	0	2
ASV_979	0	0	0	0	1
ASV_980	0	0	0	0	1
ASV_981	0	0	0	0	1
ASV_982	0	0	0	0	1
