Dataset_ID	Percent_Reads_Remaining
SG_39_Judith	99.99
SG_39_Judith	100.0
SG_39_Judith	99.99
SG_39_Judith	100.0
SG_39_Judith	100.0
SG_39_Judith	99.99
SG_39_Judith	100.0
SG_39_Judith	100.0
SG_39_Judith	100.0
SG_39_Judith	100.0
SG_39_Judith	99.99
SG_39_Judith	100.0
SG_39_Judith	99.91
SG_39_Judith	100.0
SG_39_Judith	99.99
SG_39_Judith	100.0
SG_39_Judith	99.99
SG_39_Judith	99.94
SG_39_Judith	100.0
SG_39_Judith	99.97
SG_39_Judith	99.99
SG_39_Judith	100.0
SG_39_Judith	100.0
SG_39_Judith	100.0
SG_39_Judith	100.0
SG_39_Judith	100.0
SG_39_Judith	99.97
SG_39_Judith	99.99
SG_39_Judith	99.95
SG_39_Judith	100.0
SG_39_Judith	100.0
SG_39_Judith	100.0
SG_39_Judith	100.0
SG_39_Judith	100.0
SG_39_Judith	100.0
SG_39_Judith	100.0
SG_39_Judith	99.99
SG_39_Judith	99.92
SG_39_Judith	100.0
SG_95_Costigan	100.0
SG_95_Costigan	99.99
SG_95_Costigan	100.0
SG_95_Costigan	99.99
SG_95_Costigan	100.0
SG_95_Costigan	100.0
SG_95_Costigan	99.98
SG_95_Costigan	99.98
SG_95_Costigan	99.99
SG_95_Costigan	99.99
SG_95_Costigan	100.0
SG_95_Costigan	100.0
SG_95_Costigan	100.0
SG_95_Costigan	100.0
SG_95_Costigan	100.0
SG_95_Costigan	99.99
SG_95_Costigan	99.99
SG_95_Costigan	100.0
SG_95_Costigan	99.99
SG_95_Costigan	99.98
SG_95_Costigan	100.0
SG_95_Costigan	99.98
SG_95_Costigan	100.0
SG_95_Costigan	100.0
SG_95_Costigan	99.99
SG_95_Costigan	99.98
SG_95_Costigan	100.0
SG_95_Costigan	100.0
SG_95_Costigan	99.99
SG_95_Costigan	100.0
SG_95_Costigan	100.0
SG_95_Costigan	100.0
SG_95_Costigan	99.99
SG_95_Costigan	100.0
SG_95_Costigan	100.0
SG_95_Costigan	99.99
SG_95_Costigan	99.99
SG_95_Costigan	100.0
SG_95_Costigan	100.0
SG_95_Costigan	99.99
SG_95_Costigan	99.99
SG_95_Costigan	100.0
SG_95_Costigan	100.0
SG_95_Costigan	99.99
SG_95_Costigan	100.0
SG_95_Costigan	99.99
SG_95_Costigan	99.99
SG_95_Costigan	100.0
SG_95_Costigan	99.97
SG_95_Costigan	100.0
SG_95_Costigan	100.0
SG_95_Costigan	99.99
SG_95_Costigan	99.99
SG_95_Costigan	100.0
SG_95_Costigan	100.0
SG_95_Costigan	99.95
SG_95_Costigan	100.0
SG_95_Costigan	100.0
SG_95_Costigan	99.99
SG_95_Costigan	100.0
SG_95_Costigan	100.0
SG_95_Costigan	100.0
SG_95_Costigan	99.99
SG_95_Costigan	99.99
SG_95_Costigan	100.0
SG_95_Costigan	100.0
SG_95_Costigan	100.0
SG_95_Costigan	100.0
SG_95_Costigan	99.99
SG_95_Costigan	99.99
SG_95_Costigan	99.99
SG_95_Costigan	99.99
SG_95_Costigan	100.0
SG_95_Costigan	100.0
SG_95_Costigan	100.0
SG_95_Costigan	100.0
SG_95_Costigan	99.99
SG_95_Costigan	100.0
SG_95_Costigan	99.99
SG_95_Costigan	100.0
SG_95_Costigan	100.0
SG_95_Costigan	100.0
SG_95_Costigan	100.0
SG_95_Costigan	100.0
SG_95_Costigan	99.99
SG_95_Costigan	99.99
SG_95_Costigan	100.0
SG_95_Costigan	100.0
SG_95_Costigan	100.0
SG_95_Costigan	99.99
SG_95_Costigan	100.0
SG_95_Costigan	99.99
SG_95_Costigan	100.0
SG_95_Costigan	99.99
SG_95_Costigan	100.0
SG_118_Leonard	99.96
SG_118_Leonard	99.65
SG_118_Leonard	99.83
SG_118_Leonard	99.95
SG_118_Leonard	99.76
SG_118_Leonard	99.85
SG_118_Leonard	99.87
SG_118_Leonard	99.92
SG_118_Leonard	99.9
SG_118_Leonard	99.86
SG_118_Leonard	99.98
SG_118_Leonard	99.92
SG_118_Leonard	99.92
SG_118_Leonard	99.93
SG_118_Leonard	99.97
SG_118_Leonard	99.92
SG_118_Leonard	99.98
SG_118_Leonard	99.97
SG_118_Leonard	99.71
SG_118_Leonard	99.94
SG_118_Leonard	99.95
SG_118_Leonard	99.93
SG_118_Leonard	99.98
SG_118_Leonard	99.98
SG_118_Leonard	99.96
SG_118_Leonard	99.94
SG_118_Leonard	99.97
SG_118_Leonard	99.87
SG_118_Leonard	99.78
SG_118_Leonard	99.98
SG_118_Leonard	99.98
SG_118_Leonard	99.97
SG_118_Leonard	99.93
SG_118_Leonard	81.22
SG_118_Leonard	99.93
SG_118_Leonard	99.83
SG_118_Leonard	99.94
SG_118_Leonard	99.85
SG_118_Leonard	99.81
SG_118_Leonard	99.26
SG_118_Leonard	98.97
SG_118_Leonard	99.99
SG_118_Leonard	99.89
SG_118_Leonard	99.76
SG_118_Leonard	99.94
SG_118_Leonard	99.98
SG_118_Leonard	99.92
SG_118_Leonard	99.97
SG_118_Leonard	99.94
SG_118_Leonard	99.87
SG_118_Leonard	99.82
SG_118_Leonard	99.95
SG_118_Leonard	99.93
SG_118_Leonard	99.98
SG_118_Leonard	99.85
SG_118_Leonard	99.88
SG_118_Leonard	98.99
SG_118_Leonard	99.79
SG_118_Leonard	98.64
SG_118_Leonard	99.12
SG_118_Leonard	99.94
SG_118_Leonard	99.96
SG_118_Leonard	99.64
SG_118_Leonard	99.93
SG_118_Leonard	99.5
SG_118_Leonard	99.35
SG_118_Leonard	99.68
SG_118_Leonard	81.65
SG_118_Leonard	99.99
SG_118_Leonard	99.91
SG_118_Leonard	99.52
SG_118_Leonard	99.92
SG_118_Leonard	99.9
SG_118_Leonard	88.93
SG_118_Leonard	99.99
SG_118_Leonard	99.99
SG_118_Leonard	99.94
SG_118_Leonard	99.91
SG_118_Leonard	99.98
SG_118_Leonard	99.95
SG_118_Leonard	99.95
SG_118_Leonard	99.95
SG_118_Leonard	99.99
SG_118_Leonard	99.96
SG_118_Leonard	99.96
SG_118_Leonard	99.97
SG_118_Leonard	99.68
SG_118_Leonard	99.79
SG_118_Leonard	99.82
SG_118_Leonard	99.67
SG_118_Leonard	99.59
SG_118_Leonard	99.68
SG_118_Leonard	99.77
SG_118_Leonard	99.28
SG_118_Leonard	99.92
SG_118_Leonard	99.81
SG_118_Leonard	99.96
SG_118_Leonard	99.93
SG_118_Leonard	99.91
SG_118_Leonard	99.97
SG_118_Leonard	99.86
SG_118_Leonard	99.98
SG_118_Leonard	99.93
SG_118_Leonard	98.82
SG_118_Leonard	99.68
SG_118_Leonard	99.87
SG_118_Leonard	99.84
SG_118_Leonard	99.99
SG_118_Leonard	94.91
SG_118_Leonard	99.82
SG_118_Leonard	99.97
SG_118_Leonard	99.97
SG_118_Leonard	99.87
SG_118_Leonard	99.93
SG_118_Leonard	99.99
SG_118_Leonard	99.98
SG_118_Leonard	99.97
SG_118_Leonard	99.93
SG_132_Francavilla	99.92
SG_132_Francavilla	99.97
SG_132_Francavilla	99.99
SG_132_Francavilla	99.99
SG_132_Francavilla	99.98
SG_132_Francavilla	99.84
SG_132_Francavilla	99.99
SG_132_Francavilla	99.96
SG_132_Francavilla	99.44
SG_132_Francavilla	99.93
SG_132_Francavilla	99.12
SG_132_Francavilla	98.77
SG_132_Francavilla	99.95
SG_132_Francavilla	99.92
SG_132_Francavilla	99.56
SG_132_Francavilla	99.96
SG_132_Francavilla	99.97
SG_132_Francavilla	99.8
SG_132_Francavilla	98.59
SG_132_Francavilla	99.81
SG_132_Francavilla	99.89
SG_132_Francavilla	99.91
SG_132_Francavilla	99.99
SG_132_Francavilla	99.9
SG_132_Francavilla	99.69
SG_132_Francavilla	99.98
SG_132_Francavilla	99.96
SG_132_Francavilla	99.8
SG_132_Francavilla	99.98
SG_132_Francavilla	99.78
SG_132_Francavilla	99.77
SG_132_Francavilla	99.93
SG_132_Francavilla	99.78
SG_132_Francavilla	99.98
SG_132_Francavilla	99.92
SG_132_Francavilla	99.44
SG_132_Francavilla	99.93
SG_132_Francavilla	99.79
SG_132_Francavilla	99.99
SG_132_Francavilla	99.89
SG_132_Francavilla	100.0
SG_132_Francavilla	99.97
SG_132_Francavilla	99.94
SG_132_Francavilla	99.94
SG_132_Francavilla	96.83
SG_132_Francavilla	99.99
SG_132_Francavilla	99.99
SG_132_Francavilla	99.88
SG_132_Francavilla	99.98
SG_132_Francavilla	99.45
SG_132_Francavilla	99.9
SG_132_Francavilla	98.99
SG_132_Francavilla	99.9
SG_132_Francavilla	99.77
SG_132_Francavilla	98.94
SG_132_Francavilla	99.98
SG_132_Francavilla	99.99
SG_132_Francavilla	99.85
SG_132_Francavilla	99.96
SG_132_Francavilla	99.49
SG_132_Francavilla	99.99
SG_132_Francavilla	99.99
SG_132_Francavilla	99.57
SG_132_Francavilla	99.99
SG_132_Francavilla	99.95
SG_132_Francavilla	99.97
SG_132_Francavilla	99.99
SG_132_Francavilla	99.99
SG_132_Francavilla	99.91
SG_132_Francavilla	99.94
SG_132_Francavilla	99.99
SG_132_Francavilla	99.52
SG_132_Francavilla	99.96
SG_132_Francavilla	99.96
SG_132_Francavilla	99.76
SG_132_Francavilla	99.95
SG_132_Francavilla	99.05
SG_132_Francavilla	98.15
SG_132_Francavilla	99.86
SG_132_Francavilla	99.96
SG_132_Francavilla	98.97
SG_132_Francavilla	99.98
SG_132_Francavilla	98.49
SG_132_Francavilla	99.88
SG_132_Francavilla	99.81
SG_132_Francavilla	99.93
SG_132_Francavilla	99.87
SG_132_Francavilla	99.43
SG_132_Francavilla	100.0
SG_132_Francavilla	99.71
SG_132_Francavilla	99.81
SG_132_Francavilla	99.99
SG_132_Francavilla	99.99
SG_132_Francavilla	99.97
SG_132_Francavilla	99.99
SG_132_Francavilla	99.99
SG_132_Francavilla	99.98
SG_132_Francavilla	99.93
SG_132_Francavilla	99.97
SG_132_Francavilla	99.92
SG_132_Francavilla	99.96
SG_132_Francavilla	99.54
SG_132_Francavilla	99.94
SG_132_Francavilla	99.98
SG_132_Francavilla	99.98
SG_132_Francavilla	99.11
SG_132_Francavilla	98.35
SG_132_Francavilla	99.99
SG_132_Francavilla	99.57
SG_132_Francavilla	100.0
SG_132_Francavilla	99.96
SG_132_Francavilla	99.98
SG_132_Francavilla	99.95
SG_132_Francavilla	99.94
SG_132_Francavilla	99.99
SG_132_Francavilla	99.84
SG_132_Francavilla	99.95
SG_132_Francavilla	99.83
SG_132_Francavilla	99.98
SG_132_Francavilla	99.61
SG_132_Francavilla	99.97
SG_132_Francavilla	99.99
SG_132_Francavilla	99.98
SG_132_Francavilla	99.67
SG_132_Francavilla	94.26
SG_132_Francavilla	99.93
SG_132_Francavilla	99.57
SG_132_Francavilla	99.7
SG_132_Francavilla	99.72
SG_132_Francavilla	99.99
SG_132_Francavilla	99.97
SG_132_Francavilla	98.33
SG_80_Mouzan_Stool	99.98
SG_80_Mouzan_Stool	99.94
SG_80_Mouzan_Stool	99.98
SG_80_Mouzan_Duodenal	8.61
SG_80_Mouzan_Stool	99.86
SG_80_Mouzan_Stool	99.99
SG_80_Mouzan_Stool	99.9
SG_80_Mouzan_Duodenal	8.129999999999995
SG_80_Mouzan_Stool	99.59
SG_80_Mouzan_Stool	99.97
SG_80_Mouzan_Stool	99.98
SG_80_Mouzan_Stool	99.99
SG_80_Mouzan_Duodenal	7.390000000000001
SG_80_Mouzan_Stool	99.99
SG_80_Mouzan_Stool	99.4
SG_80_Mouzan_Stool	99.6
SG_80_Mouzan_Duodenal	7.659999999999997
SG_80_Mouzan_Stool	99.97
SG_80_Mouzan_Stool	99.8
SG_80_Mouzan_Stool	99.89
SG_80_Mouzan_Stool	99.99
SG_80_Mouzan_Stool	99.49
SG_80_Mouzan_Stool	99.67
SG_80_Mouzan_Stool	99.99
SG_80_Mouzan_Stool	99.95
SG_80_Mouzan_Stool	99.63
SG_80_Mouzan_Stool	99.92
SG_80_Mouzan_Stool	99.96
SG_80_Mouzan_Duodenal	9.450000000000003
SG_80_Mouzan_Stool	99.61
SG_80_Mouzan_Duodenal	3.3499999999999943
SG_80_Mouzan_Stool	99.57
SG_80_Mouzan_Stool	99.98
SG_80_Mouzan_Stool	99.98
SG_80_Mouzan_Duodenal	8.540000000000006
SG_80_Mouzan_Stool	99.99
SG_80_Mouzan_Stool	100.0
SG_80_Mouzan_Stool	99.98
SG_80_Mouzan_Stool	99.93
SG_80_Mouzan_Stool	93.15
SG_80_Mouzan_Stool	99.51
SG_80_Mouzan_Stool	99.99
SG_80_Mouzan_Stool	99.61
SG_80_Mouzan_Duodenal	8.450000000000003
SG_80_Mouzan_Duodenal	10.920000000000002
SG_80_Mouzan_Stool	99.97
SG_80_Mouzan_Duodenal	10.900000000000006
SG_80_Mouzan_Duodenal	10.180000000000007
SG_80_Mouzan_Duodenal	5.519999999999996
SG_80_Mouzan_Duodenal	9.790000000000006
SG_80_Mouzan_Duodenal	6.599999999999994
SG_80_Mouzan_Duodenal	19.310000000000002
SG_80_Mouzan_Duodenal	9.079999999999998
SG_80_Mouzan_Duodenal	6.849999999999994
SG_80_Mouzan_Duodenal	7.549999999999997
SG_80_Mouzan_Duodenal	10.879999999999995
SG_80_Mouzan_Stool	99.98
SG_80_Mouzan_Duodenal	7.959999999999994
SG_80_Mouzan_Duodenal	8.819999999999993
SG_80_Mouzan_Duodenal	7.560000000000002
SG_80_Mouzan_Duodenal	6.6200000000000045
SG_80_Mouzan_Duodenal	6.900000000000006
SG_80_Mouzan_Duodenal	6.659999999999997
SG_80_Mouzan_Duodenal	11.340000000000003
SG_80_Mouzan_Duodenal	5.329999999999998
SG_80_Mouzan_Duodenal	5.25
SG_80_Mouzan_Duodenal	11.11
SG_80_Mouzan_Stool	99.95
SG_80_Mouzan_Duodenal	9.230000000000004
SG_80_Mouzan_Duodenal	9.290000000000006
SG_80_Mouzan_Duodenal	11.760000000000005
SG_80_Mouzan_Duodenal	5.549999999999997
SG_80_Mouzan_Duodenal	9.060000000000002
SG_80_Mouzan_Duodenal	8.870000000000005
SG_80_Mouzan_Duodenal	6.989999999999995
SG_80_Mouzan_Duodenal	8.75
SG_80_Mouzan_Stool	99.98
SG_80_Mouzan_Duodenal	12.260000000000005
SG_80_Mouzan_Duodenal	7.359999999999999
SG_80_Mouzan_Duodenal	8.099999999999994
