Dataset_ID	Num_ASVs
16S_102_Bodkhe	397.0
16S_102_Bodkhe	344.0
16S_102_Bodkhe	12.0
16S_102_Bodkhe	441.0
16S_102_Bodkhe	313.0
16S_102_Bodkhe	386.0
16S_102_Bodkhe	18.0
16S_102_Bodkhe	424.0
16S_102_Bodkhe	258.0
16S_102_Bodkhe	235.0
16S_102_Bodkhe	251.0
16S_102_Bodkhe	230.0
16S_102_Bodkhe	422.0
16S_102_Bodkhe	494.0
16S_102_Bodkhe	524.0
16S_102_Bodkhe	279.0
16S_102_Bodkhe	520.0
16S_102_Bodkhe	384.0
16S_102_Bodkhe	598.0
16S_102_Bodkhe	448.0
16S_102_Bodkhe	482.0
16S_102_Bodkhe	566.0
16S_102_Bodkhe	440.0
16S_102_Bodkhe	336.0
16S_102_Bodkhe	306.0
16S_102_Bodkhe	316.0
16S_102_Bodkhe	440.0
16S_102_Bodkhe	479.0
16S_102_Bodkhe	449.0
16S_102_Bodkhe	179.0
16S_102_Bodkhe	438.0
16S_102_Bodkhe	307.0
16S_102_Bodkhe	319.0
16S_102_Bodkhe	242.0
16S_102_Bodkhe	716.0
16S_102_Bodkhe	532.0
16S_102_Bodkhe	232.0
16S_102_Bodkhe	451.0
16S_102_Bodkhe	281.0
16S_102_Bodkhe	363.0
16S_102_Bodkhe	130.0
16S_102_Bodkhe	1092.0
16S_102_Bodkhe	985.0
16S_102_Bodkhe	755.0
16S_102_Bodkhe	296.0
16S_102_Bodkhe	134.0
16S_102_Bodkhe	39.0
16S_102_Bodkhe	227.0
16S_102_Bodkhe	344.0
16S_102_Bodkhe	746.0
16S_102_Bodkhe	286.0
16S_102_Bodkhe	318.0
16S_102_Bodkhe	211.0
16S_102_Bodkhe	297.0
16S_102_Bodkhe	432.0
16S_102_Bodkhe	450.0
16S_102_Bodkhe	443.0
16S_102_Bodkhe	635.0
16S_102_Bodkhe	199.0
16S_102_Bodkhe	393.0
16S_102_Bodkhe	429.0
16S_102_Bodkhe	352.0
16S_102_Bodkhe	380.0
16S_102_Bodkhe	235.0
16S_102_Bodkhe	627.0
16S_102_Bodkhe	647.0
16S_102_Bodkhe	227.0
16S_102_Bodkhe	122.0
16S_102_Bodkhe	265.0
16S_102_Bodkhe	900.0
16S_102_Bodkhe	115.0
16S_102_Bodkhe	248.0
16S_102_Bodkhe	713.0
16S_102_Bodkhe	361.0
16S_102_Bodkhe	1184.0
16S_102_Bodkhe	327.0
16S_102_Bodkhe	802.0
16S_102_Bodkhe	561.0
16S_102_Bodkhe	415.0
16S_102_Bodkhe	301.0
16S_102_Bodkhe	205.0
16S_102_Bodkhe	117.0
16S_102_Bodkhe	268.0
16S_102_Bodkhe	354.0
16S_102_Bodkhe	200.0
16S_102_Bodkhe	333.0
16S_102_Bodkhe	395.0
16S_102_Bodkhe	404.0
16S_102_Bodkhe	404.0
16S_102_Bodkhe	510.0
16S_102_Bodkhe	438.0
16S_102_Bodkhe	482.0
16S_102_Bodkhe	528.0
16S_102_Bodkhe	327.0
16S_102_Bodkhe	371.0
16S_102_Bodkhe	359.0
16S_102_Bodkhe	579.0
16S_102_Bodkhe	256.0
16S_102_Bodkhe	319.0
16S_102_Bodkhe	126.0
16S_102_Bodkhe	126.0
16S_102_Bodkhe	217.0
16S_119_Salamon	541.0
16S_119_Salamon	509.0
16S_119_Salamon	491.0
16S_119_Salamon	309.0
16S_119_Salamon	452.0
16S_119_Salamon	434.0
16S_119_Salamon	528.0
16S_119_Salamon	424.0
16S_119_Salamon	363.0
16S_119_Salamon	463.0
16S_119_Salamon	459.0
16S_119_Salamon	355.0
16S_119_Salamon	531.0
16S_119_Salamon	478.0
16S_119_Salamon	244.0
16S_119_Salamon	244.0
16S_119_Salamon	471.0
16S_119_Salamon	229.0
16S_119_Salamon	370.0
16S_119_Salamon	310.0
16S_119_Salamon	462.0
16S_119_Salamon	296.0
16S_119_Salamon	331.0
16S_119_Salamon	380.0
16S_119_Salamon	438.0
16S_119_Salamon	288.0
16S_119_Salamon	471.0
16S_119_Salamon	39.0
16S_119_Salamon	245.0
16S_119_Salamon	40.0
16S_119_Salamon	287.0
16S_119_Salamon	48.0
16S_119_Salamon	268.0
16S_119_Salamon	271.0
16S_119_Salamon	389.0
16S_119_Salamon	317.0
16S_119_Salamon	581.0
16S_119_Salamon	556.0
16S_119_Salamon	480.0
16S_119_Salamon	542.0
16S_119_Salamon	439.0
16S_119_Salamon	431.0
16S_119_Salamon	491.0
16S_119_Salamon	357.0
16S_119_Salamon	457.0
16S_119_Salamon	538.0
16S_119_Salamon	477.0
16S_119_Salamon	465.0
16S_119_Salamon	188.0
16S_119_Salamon	567.0
16S_119_Salamon	516.0
16S_119_Salamon	670.0
16S_119_Salamon	540.0
16S_119_Salamon	307.0
16S_119_Salamon	485.0
16S_119_Salamon	583.0
16S_119_Salamon	393.0
16S_119_Salamon	406.0
16S_119_Salamon	485.0
16S_119_Salamon	405.0
16S_119_Salamon	443.0
16S_119_Salamon	436.0
16S_119_Salamon	435.0
16S_119_Salamon	318.0
16S_119_Salamon	267.0
16S_119_Salamon	487.0
16S_119_Salamon	391.0
16S_119_Salamon	592.0
16S_119_Salamon	723.0
16S_119_Salamon	612.0
16S_119_Salamon	348.0
16S_119_Salamon	175.0
16S_119_Salamon	431.0
16S_119_Salamon	578.0
16S_119_Salamon	397.0
16S_119_Salamon	424.0
16S_119_Salamon	501.0
16S_119_Salamon	235.0
16S_119_Salamon	238.0
16S_119_Salamon	468.0
16S_119_Salamon	253.0
16S_119_Salamon	452.0
16S_119_Salamon	471.0
16S_119_Salamon	998.0
16S_119_Salamon	302.0
16S_119_Salamon	293.0
16S_119_Salamon	454.0
16S_119_Salamon	341.0
16S_119_Salamon	422.0
16S_119_Salamon	461.0
16S_119_Salamon	445.0
16S_119_Salamon	247.0
16S_119_Salamon	387.0
16S_119_Salamon	279.0
16S_119_Salamon	247.0
16S_119_Salamon	431.0
16S_119_Salamon	250.0
16S_119_Salamon	264.0
16S_119_Salamon	493.0
16S_119_Salamon	462.0
16S_119_Salamon	411.0
16S_119_Salamon	625.0
16S_119_Salamon	625.0
16S_119_Salamon	169.0
16S_119_Salamon	511.0
16S_119_Salamon	395.0
16S_119_Salamon	288.0
16S_119_Salamon	338.0
16S_119_Salamon	371.0
16S_119_Salamon	318.0
16S_119_Salamon	527.0
16S_119_Salamon	497.0
16S_119_Salamon	750.0
16S_119_Salamon	466.0
16S_119_Salamon	562.0
16S_119_Salamon	541.0
16S_119_Salamon	674.0
16S_119_Salamon	398.0
16S_119_Salamon	517.0
16S_1211_Milletich	93.0
16S_1211_Milletich	62.0
16S_1211_Milletich	127.0
16S_1211_Milletich	91.0
16S_1211_Milletich	127.0
16S_1211_Milletich	160.0
16S_1211_Milletich	115.0
16S_1211_Milletich	102.0
16S_1211_Milletich	109.0
16S_1211_Milletich	111.0
16S_1211_Milletich	99.0
16S_1211_Milletich	77.0
16S_1211_Milletich	121.0
16S_1211_Milletich	95.0
16S_1211_Milletich	98.0
16S_1211_Milletich	62.0
16S_1211_Milletich	102.0
16S_1211_Milletich	69.0
16S_1211_Milletich	120.0
16S_1211_Milletich	57.0
16S_1211_Milletich	77.0
16S_1211_Milletich	56.0
16S_1211_Milletich	55.0
16S_1211_Milletich	124.0
16S_1211_Milletich	105.0
16S_1211_Milletich	130.0
16S_1211_Milletich	98.0
16S_1211_Milletich	92.0
16S_1211_Milletich	75.0
16S_1211_Milletich	121.0
16S_1211_Milletich	96.0
16S_1211_Milletich	117.0
16S_1211_Milletich	142.0
16S_1211_Milletich	106.0
16S_1211_Milletich	102.0
16S_1211_Milletich	144.0
16S_1211_Milletich	83.0
16S_1211_Milletich	74.0
16S_1211_Milletich	123.0
16S_1211_Milletich	115.0
16S_1211_Milletich	75.0
16S_1211_Milletich	95.0
16S_1211_Milletich	136.0
16S_1211_Milletich	91.0
16S_1211_Milletich	87.0
16S_1211_Milletich	98.0
16S_1211_Milletich	85.0
16S_1211_Milletich	83.0
16S_1211_Milletich	53.0
16S_1211_Milletich	120.0
16S_1211_Milletich	101.0
16S_1211_Milletich	173.0
16S_1211_Milletich	122.0
16S_1211_Milletich	65.0
16S_1211_Milletich	70.0
16S_1211_Milletich	91.0
16S_1211_Milletich	87.0
16S_1211_Milletich	90.0
16S_1211_Milletich	91.0
16S_1211_Milletich	93.0
16S_1211_Milletich	96.0
16S_1211_Milletich	101.0
16S_1211_Milletich	137.0
16S_1211_Milletich	128.0
16S_1211_Milletich	65.0
16S_1211_Milletich	115.0
16S_1211_Milletich	83.0
16S_1211_Milletich	123.0
16S_1211_Milletich	103.0
16S_1211_Milletich	104.0
16S_1211_Milletich	102.0
16S_1211_Milletich	102.0
16S_1211_Milletich	103.0
16S_1211_Milletich	130.0
16S_1211_Milletich	85.0
16S_1211_Milletich	124.0
16S_1211_Milletich	98.0
16S_1211_Milletich	93.0
16S_1211_Milletich	127.0
16S_1211_Milletich	166.0
16S_1211_Milletich	64.0
16S_1211_Milletich	135.0
16S_1211_Milletich	81.0
16S_1211_Milletich	82.0
16S_1211_Milletich	103.0
16S_1211_Milletich	83.0
16S_1211_Milletich	58.0
16S_1211_Milletich	55.0
16S_1211_Milletich	84.0
16S_1211_Milletich	95.0
16S_1211_Milletich	104.0
16S_1211_Milletich	104.0
16S_1211_Milletich	81.0
16S_1211_Milletich	69.0
16S_1211_Milletich	42.0
16S_1211_Milletich	94.0
16S_1211_Milletich	132.0
16S_1211_Milletich	120.0
16S_1211_Milletich	139.0
16S_1211_Milletich	112.0
16S_1211_Milletich	55.0
16S_1211_Milletich	163.0
16S_1211_Milletich	105.0
16S_1211_Milletich	79.0
16S_1211_Milletich	123.0
16S_1211_Milletich	86.0
16S_1211_Milletich	128.0
16S_1211_Milletich	148.0
16S_1211_Milletich	124.0
16S_1211_Milletich	79.0
16S_1211_Milletich	125.0
16S_1211_Milletich	118.0
16S_1211_Milletich	83.0
16S_1211_Milletich	136.0
16S_1211_Milletich	126.0
16S_1211_Milletich	71.0
16S_1211_Milletich	149.0
16S_1211_Milletich	124.0
16S_1211_Milletich	123.0
16S_1211_Milletich	21.0
16S_1211_Milletich	106.0
16S_1211_Milletich	133.0
16S_1211_Milletich	38.0
16S_1211_Milletich	158.0
16S_1211_Milletich	66.0
16S_1211_Milletich	101.0
16S_1211_Milletich	99.0
16S_1211_Milletich	161.0
16S_1211_Milletich	117.0
16S_1211_Milletich	143.0
16S_1211_Milletich	19.0
16S_1211_Milletich	95.0
16S_1211_Milletich	106.0
16S_1211_Milletich	43.0
16S_1211_Milletich	56.0
16S_1211_Milletich	105.0
16S_1211_Milletich	50.0
16S_1211_Milletich	58.0
16S_1211_Milletich	63.0
16S_1211_Milletich	65.0
16S_1211_Milletich	66.0
16S_1211_Milletich	103.0
16S_1211_Milletich	75.0
16S_1211_Milletich	92.0
16S_1211_Milletich	107.0
16S_1211_Milletich	226.0
16S_1211_Milletich	158.0
16S_1211_Milletich	78.0
16S_1211_Milletich	86.0
16S_1211_Milletich	234.0
16S_1211_Milletich	129.0
16S_1211_Milletich	100.0
16S_1211_Milletich	78.0
16S_1211_Milletich	146.0
16S_1211_Milletich	153.0
16S_1211_Milletich	94.0
16S_1211_Milletich	60.0
16S_1211_Milletich	148.0
16S_1211_Milletich	146.0
16S_1211_Milletich	36.0
16S_1211_Milletich	130.0
16S_1211_Milletich	118.0
16S_1211_Milletich	63.0
16S_1211_Milletich	137.0
16S_1211_Milletich	19.0
16S_1211_Milletich	132.0
16S_1211_Milletich	114.0
16S_1211_Milletich	114.0
16S_1211_Milletich	100.0
16S_1211_Milletich	268.0
16S_1211_Milletich	153.0
16S_1211_Milletich	115.0
16S_1211_Milletich	186.0
16S_1211_Milletich	163.0
16S_1211_Milletich	185.0
16S_1211_Milletich	251.0
16S_1211_Milletich	82.0
16S_1211_Milletich	173.0
16S_1211_Milletich	98.0
16S_1211_Milletich	145.0
16S_1211_Milletich	116.0
16S_1211_Milletich	28.0
16S_1211_Milletich	155.0
16S_1211_Milletich	82.0
16S_1211_Milletich	71.0
16S_1211_Milletich	105.0
16S_1211_Milletich	13.0
16S_1211_Milletich	101.0
16S_1211_Milletich	151.0
16S_1211_Milletich	118.0
16S_1211_Milletich	146.0
16S_1211_Milletich	55.0
16S_1211_Milletich	98.0
16S_1211_Milletich	107.0
16S_1211_Milletich	102.0
16S_1211_Milletich	97.0
16S_1211_Milletich	68.0
16S_1211_Milletich	80.0
16S_1211_Milletich	93.0
16S_1211_Milletich	95.0
16S_1211_Milletich	143.0
16S_1211_Milletich	24.0
16S_1211_Milletich	100.0
16S_1211_Milletich	117.0
16S_1211_Milletich	128.0
16S_1211_Milletich	128.0
16S_1211_Milletich	145.0
16S_1211_Milletich	176.0
16S_1211_Milletich	65.0
16S_1211_Milletich	107.0
16S_1211_Milletich	29.0
16S_1211_Milletich	156.0
16S_1211_Milletich	110.0
16S_1211_Milletich	69.0
16S_1211_Milletich	135.0
16S_1211_Milletich	83.0
16S_1211_Milletich	80.0
16S_1211_Milletich	106.0
16S_1211_Milletich	118.0
16S_1211_Milletich	82.0
16S_1211_Milletich	97.0
16S_1211_Milletich	81.0
16S_1211_Milletich	157.0
16S_1211_Milletich	203.0
16S_1211_Milletich	69.0
16S_1211_Milletich	74.0
16S_1211_Milletich	99.0
16S_1211_Milletich	100.0
16S_1211_Milletich	154.0
16S_1211_Milletich	28.0
16S_1211_Milletich	43.0
16S_1211_Milletich	14.0
16S_1211_Milletich	36.0
16S_1211_Milletich	182.0
16S_1211_Milletich	63.0
16S_1211_Milletich	27.0
16S_1211_Milletich	97.0
16S_1211_Milletich	129.0
16S_1211_Milletich	33.0
16S_1211_Milletich	60.0
16S_1211_Milletich	106.0
16S_1211_Milletich	104.0
16S_1211_Milletich	86.0
16S_1211_Milletich	130.0
16S_1211_Milletich	72.0
16S_1211_Milletich	107.0
16S_1211_Milletich	66.0
16S_1211_Milletich	118.0
16S_1211_Milletich	155.0
16S_1211_Milletich	174.0
16S_1211_Milletich	94.0
16S_1211_Milletich	212.0
16S_1211_Milletich	159.0
16S_1211_Milletich	132.0
16S_1211_Milletich	105.0
16S_1211_Milletich	178.0
16S_1211_Milletich	114.0
16S_1211_Milletich	200.0
16S_1211_Milletich	85.0
16S_1211_Milletich	121.0
16S_1211_Milletich	97.0
16S_1211_Milletich	161.0
16S_1211_Milletich	155.0
16S_1211_Milletich	108.0
16S_1211_Milletich	103.0
16S_1211_Milletich	162.0
16S_1211_Milletich	148.0
16S_1211_Milletich	150.0
16S_1211_Milletich	110.0
16S_1211_Milletich	84.0
16S_1211_Milletich	198.0
16S_1211_Milletich	149.0
16S_1211_Milletich	155.0
16S_1211_Milletich	134.0
16S_1211_Milletich	109.0
16S_1211_Milletich	179.0
16S_1211_Milletich	69.0
16S_1211_Milletich	98.0
16S_1211_Milletich	179.0
16S_1211_Milletich	135.0
16S_1211_Milletich	204.0
16S_1211_Milletich	154.0
16S_1211_Milletich	150.0
16S_1211_Milletich	158.0
16S_1211_Milletich	155.0
16S_1211_Milletich	121.0
16S_1211_Milletich	120.0
16S_1211_Milletich	128.0
16S_1211_Milletich	55.0
16S_1211_Milletich	80.0
16S_1211_Milletich	97.0
16S_1211_Milletich	53.0
16S_1211_Milletich	127.0
16S_1211_Milletich	135.0
16S_1211_Milletich	44.0
16S_1211_Milletich	94.0
16S_1211_Milletich	64.0
16S_1211_Milletich	140.0
16S_1211_Milletich	96.0
16S_1211_Milletich	92.0
16S_1211_Milletich	61.0
16S_1211_Milletich	65.0
16S_1211_Milletich	123.0
16S_1211_Milletich	62.0
16S_1211_Milletich	82.0
16S_1211_Milletich	88.0
16S_1211_Milletich	64.0
16S_1211_Milletich	129.0
16S_1211_Milletich	56.0
16S_1211_Milletich	116.0
16S_1211_Milletich	78.0
16S_1211_Milletich	99.0
16S_1211_Milletich	95.0
16S_1211_Milletich	62.0
16S_1211_Milletich	60.0
16S_1211_Milletich	68.0
16S_1211_Milletich	158.0
16S_1211_Milletich	155.0
16S_1211_Milletich	136.0
16S_1211_Milletich	260.0
16S_1211_Milletich	119.0
16S_1211_Milletich	132.0
16S_1211_Milletich	137.0
16S_1211_Milletich	92.0
16S_1211_Milletich	104.0
16S_1211_Milletich	154.0
16S_1211_Milletich	150.0
16S_1211_Milletich	119.0
16S_1211_Milletich	151.0
16S_1211_Milletich	126.0
16S_1211_Milletich	112.0
16S_1211_Milletich	72.0
16S_1211_Milletich	110.0
16S_1211_Milletich	111.0
16S_1211_Milletich	51.0
16S_1211_Milletich	200.0
16S_1211_Milletich	215.0
16S_1211_Milletich	112.0
16S_1211_Milletich	106.0
16S_1211_Milletich	169.0
16S_1211_Milletich	108.0
16S_1211_Milletich	170.0
16S_1211_Milletich	126.0
16S_1211_Milletich	82.0
16S_1211_Milletich	154.0
16S_1211_Milletich	148.0
16S_1211_Milletich	114.0
16S_1211_Milletich	33.0
16S_1211_Milletich	36.0
16S_1211_Milletich	76.0
16S_1211_Milletich	97.0
16S_1211_Milletich	110.0
16S_1211_Milletich	73.0
16S_1211_Milletich	58.0
16S_1211_Milletich	74.0
16S_1211_Milletich	124.0
16S_1211_Milletich	133.0
16S_1211_Milletich	122.0
16S_1211_Milletich	109.0
16S_1211_Milletich	122.0
16S_1211_Milletich	172.0
16S_1211_Milletich	48.0
16S_1211_Milletich	69.0
16S_1211_Milletich	181.0
16S_1211_Milletich	182.0
16S_1211_Milletich	75.0
16S_1211_Milletich	59.0
16S_1211_Milletich	52.0
16S_1211_Milletich	69.0
16S_1211_Milletich	61.0
16S_1211_Milletich	146.0
16S_1211_Milletich	104.0
16S_1211_Milletich	129.0
16S_1211_Milletich	83.0
16S_1211_Milletich	31.0
16S_1211_Milletich	102.0
16S_1211_Milletich	107.0
16S_1211_Milletich	43.0
16S_1211_Milletich	130.0
16S_1211_Milletich	32.0
16S_1211_Milletich	11.0
16S_1211_Milletich	83.0
16S_1211_Milletich	101.0
16S_1211_Milletich	58.0
16S_1211_Milletich	65.0
16S_1211_Milletich	96.0
16S_1211_Milletich	137.0
16S_1211_Milletich	87.0
16S_1211_Milletich	77.0
16S_1211_Milletich	148.0
16S_1211_Milletich	80.0
16S_1211_Milletich	75.0
16S_1211_Milletich	84.0
16S_1211_Milletich	67.0
16S_1211_Milletich	69.0
16S_1211_Milletich	87.0
16S_1211_Milletich	81.0
16S_1211_Milletich	65.0
16S_1211_Milletich	86.0
16S_1211_Milletich	78.0
16S_1211_Milletich	55.0
16S_1211_Milletich	89.0
16S_1211_Milletich	79.0
16S_1211_Milletich	75.0
16S_1211_Milletich	83.0
16S_1211_Milletich	61.0
16S_1211_Milletich	82.0
16S_1211_Milletich	84.0
16S_1211_Milletich	53.0
16S_1211_Milletich	98.0
16S_1211_Milletich	69.0
16S_1211_Milletich	73.0
16S_1211_Milletich	102.0
16S_1211_Milletich	84.0
16S_1211_Milletich	78.0
16S_1211_Milletich	74.0
16S_1211_Milletich	77.0
16S_1211_Milletich	118.0
16S_1211_Milletich	119.0
16S_1211_Milletich	33.0
16S_1211_Milletich	145.0
16S_1211_Milletich	131.0
16S_1211_Milletich	71.0
16S_1211_Milletich	98.0
16S_1211_Milletich	69.0
16S_1211_Milletich	93.0
16S_1211_Milletich	96.0
16S_1211_Milletich	38.0
16S_1211_Milletich	150.0
16S_1211_Milletich	159.0
16S_1211_Milletich	116.0
16S_1211_Milletich	136.0
16S_1211_Milletich	83.0
16S_1211_Milletich	77.0
16S_1211_Milletich	90.0
16S_1211_Milletich	87.0
16S_1211_Milletich	112.0
16S_1211_Milletich	95.0
16S_1211_Milletich	49.0
16S_1211_Milletich	162.0
16S_1211_Milletich	54.0
16S_1211_Milletich	74.0
16S_1211_Milletich	84.0
16S_1211_Milletich	135.0
16S_1211_Milletich	28.0
16S_1211_Milletich	74.0
16S_1211_Milletich	73.0
16S_1211_Milletich	26.0
16S_1211_Milletich	93.0
16S_1211_Milletich	19.0
16S_1211_Milletich	123.0
16S_1211_Milletich	107.0
16S_1211_Milletich	107.0
16S_1211_Milletich	69.0
16S_1211_Milletich	45.0
16S_1211_Milletich	48.0
16S_1211_Milletich	118.0
16S_1211_Milletich	44.0
16S_1211_Milletich	83.0
16S_1211_Milletich	133.0
16S_1211_Milletich	129.0
16S_1211_Milletich	56.0
16S_1211_Milletich	46.0
16S_1211_Milletich	41.0
16S_1211_Milletich	60.0
16S_1211_Milletich	93.0
16S_1211_Milletich	82.0
16S_1211_Milletich	68.0
16S_1211_Milletich	104.0
16S_1211_Milletich	175.0
16S_1211_Milletich	124.0
16S_1211_Milletich	112.0
16S_1211_Milletich	56.0
16S_1211_Milletich	59.0
16S_1211_Milletich	105.0
16S_1211_Milletich	88.0
16S_1211_Milletich	69.0
16S_1211_Milletich	77.0
16S_1211_Milletich	117.0
16S_1211_Milletich	72.0
16S_1211_Milletich	99.0
16S_1211_Milletich	112.0
16S_1211_Milletich	68.0
16S_1211_Milletich	69.0
16S_1211_Milletich	41.0
16S_1211_Milletich	103.0
16S_1211_Milletich	66.0
16S_1211_Milletich	126.0
16S_1211_Milletich	64.0
16S_1211_Milletich	37.0
16S_1211_Milletich	48.0
16S_1211_Milletich	87.0
16S_1211_Milletich	104.0
16S_1211_Milletich	86.0
16S_1211_Milletich	104.0
16S_1211_Milletich	126.0
16S_1211_Milletich	72.0
16S_1211_Milletich	72.0
16S_1211_Milletich	74.0
16S_1211_Milletich	46.0
16S_1211_Milletich	86.0
16S_1211_Milletich	112.0
16S_1211_Milletich	75.0
16S_1211_Milletich	58.0
16S_1211_Milletich	110.0
16S_1211_Milletich	161.0
16S_1211_Milletich	114.0
16S_1211_Milletich	89.0
16S_1211_Milletich	127.0
16S_1211_Milletich	113.0
16S_1211_Milletich	69.0
16S_1211_Milletich	55.0
16S_1211_Milletich	86.0
16S_1211_Milletich	66.0
16S_1211_Milletich	66.0
16S_1211_Milletich	103.0
16S_1211_Milletich	66.0
16S_1211_Milletich	80.0
16S_1211_Milletich	93.0
16S_1211_Milletich	85.0
16S_1211_Milletich	123.0
16S_1211_Milletich	96.0
16S_1211_Milletich	106.0
16S_1211_Milletich	64.0
16S_1211_Milletich	98.0
16S_1211_Milletich	114.0
16S_1211_Milletich	80.0
16S_1211_Milletich	87.0
16S_1211_Milletich	120.0
16S_1211_Milletich	115.0
16S_1211_Milletich	94.0
16S_1211_Milletich	66.0
16S_1211_Milletich	66.0
16S_1211_Milletich	62.0
16S_1211_Milletich	168.0
16S_1211_Milletich	103.0
16S_1211_Milletich	84.0
16S_1211_Milletich	88.0
16S_1211_Milletich	111.0
16S_1211_Milletich	191.0
16S_1211_Milletich	103.0
16S_1211_Milletich	74.0
16S_1211_Milletich	125.0
16S_1211_Milletich	87.0
16S_1211_Milletich	102.0
16S_1211_Milletich	143.0
16S_1211_Milletich	100.0
16S_1211_Milletich	86.0
16S_1211_Milletich	184.0
16S_1211_Milletich	220.0
16S_1211_Milletich	121.0
16S_1211_Milletich	116.0
16S_1211_Milletich	131.0
16S_1211_Milletich	149.0
16S_1211_Milletich	123.0
16S_1211_Milletich	127.0
16S_1211_Milletich	143.0
16S_1211_Milletich	79.0
16S_1211_Milletich	109.0
16S_1211_Milletich	55.0
16S_1211_Milletich	78.0
16S_1211_Milletich	94.0
16S_1211_Milletich	201.0
16S_1211_Milletich	116.0
16S_1211_Milletich	153.0
16S_1211_Milletich	101.0
16S_1211_Milletich	122.0
16S_1211_Milletich	150.0
16S_1211_Milletich	115.0
16S_1211_Milletich	114.0
16S_1211_Milletich	157.0
16S_1211_Milletich	198.0
16S_1211_Milletich	166.0
16S_1211_Milletich	104.0
16S_1211_Milletich	130.0
16S_1211_Milletich	134.0
16S_1211_Milletich	109.0
16S_1211_Milletich	39.0
16S_1211_Milletich	92.0
16S_1211_Milletich	96.0
16S_1211_Milletich	89.0
16S_1211_Milletich	108.0
16S_1211_Milletich	149.0
16S_1211_Milletich	121.0
16S_1211_Milletich	182.0
16S_1211_Milletich	157.0
16S_1211_Milletich	116.0
16S_1211_Milletich	157.0
16S_1211_Milletich	115.0
16S_1211_Milletich	81.0
16S_1211_Milletich	147.0
16S_1211_Milletich	163.0
16S_1211_Milletich	113.0
16S_1211_Milletich	170.0
16S_1211_Milletich	65.0
16S_1211_Milletich	138.0
16S_1211_Milletich	117.0
16S_1211_Milletich	153.0
16S_1211_Milletich	142.0
16S_1211_Milletich	125.0
16S_1211_Milletich	84.0
16S_1211_Milletich	119.0
16S_1211_Milletich	164.0
16S_1211_Milletich	133.0
16S_1211_Milletich	124.0
16S_1211_Milletich	120.0
16S_1211_Milletich	120.0
16S_1211_Milletich	104.0
16S_1211_Milletich	128.0
16S_1211_Milletich	92.0
16S_1211_Milletich	162.0
16S_1211_Milletich	89.0
16S_1211_Milletich	90.0
16S_1211_Milletich	56.0
16S_1211_Milletich	262.0
16S_1211_Milletich	77.0
16S_1211_Milletich	110.0
16S_1211_Milletich	123.0
16S_1211_Milletich	283.0
16S_1211_Milletich	113.0
16S_1211_Milletich	142.0
16S_1211_Milletich	113.0
16S_1211_Milletich	89.0
16S_1211_Milletich	103.0
16S_1211_Milletich	174.0
16S_1211_Milletich	125.0
16S_1211_Milletich	102.0
16S_1211_Milletich	145.0
16S_1211_Milletich	97.0
16S_1211_Milletich	176.0
16S_1211_Milletich	82.0
16S_1211_Milletich	191.0
16S_1211_Milletich	68.0
16S_1211_Milletich	151.0
16S_1211_Milletich	233.0
16S_1211_Milletich	68.0
16S_1211_Milletich	71.0
16S_1211_Milletich	61.0
16S_1211_Milletich	120.0
16S_1211_Milletich	148.0
16S_1211_Milletich	126.0
16S_1211_Milletich	73.0
16S_1211_Milletich	87.0
16S_1211_Milletich	129.0
16S_1211_Milletich	73.0
16S_1211_Milletich	125.0
16S_1211_Milletich	64.0
16S_1211_Milletich	49.0
16S_1211_Milletich	124.0
16S_1211_Milletich	21.0
16S_1211_Milletich	147.0
16S_1211_Milletich	103.0
16S_1211_Milletich	99.0
16S_1211_Milletich	136.0
16S_1211_Milletich	114.0
16S_1211_Milletich	73.0
16S_1211_Milletich	111.0
16S_1211_Milletich	159.0
16S_1211_Milletich	95.0
16S_1211_Milletich	239.0
16S_1211_Milletich	97.0
16S_1211_Milletich	78.0
16S_1211_Milletich	89.0
16S_1211_Milletich	135.0
16S_1211_Milletich	109.0
16S_1211_Milletich	85.0
16S_1211_Milletich	114.0
16S_1211_Milletich	116.0
16S_1211_Milletich	112.0
16S_1211_Milletich	121.0
16S_1211_Milletich	82.0
16S_1211_Milletich	117.0
16S_1211_Milletich	78.0
16S_1211_Milletich	145.0
16S_1211_Milletich	23.0
16S_1211_Milletich	90.0
16S_1211_Milletich	128.0
16S_1211_Milletich	75.0
16S_1211_Milletich	89.0
16S_1211_Milletich	59.0
16S_1211_Milletich	114.0
16S_1211_Milletich	110.0
16S_1211_Milletich	118.0
16S_1211_Milletich	103.0
16S_1211_Milletich	144.0
16S_1211_Milletich	121.0
16S_1211_Milletich	87.0
16S_1211_Milletich	75.0
16S_1211_Milletich	111.0
16S_1211_Milletich	65.0
16S_1211_Milletich	106.0
16S_1211_Milletich	63.0
16S_1211_Milletich	114.0
16S_1211_Milletich	43.0
16S_1211_Milletich	68.0
16S_1211_Milletich	136.0
16S_1211_Milletich	110.0
16S_1211_Milletich	105.0
16S_1211_Milletich	187.0
16S_1211_Milletich	133.0
16S_1211_Milletich	148.0
16S_1211_Milletich	190.0
16S_1211_Milletich	90.0
16S_1211_Milletich	112.0
16S_1211_Milletich	145.0
16S_1211_Milletich	86.0
16S_1211_Milletich	148.0
16S_1211_Milletich	154.0
16S_1211_Milletich	116.0
16S_1211_Milletich	125.0
16S_1211_Milletich	123.0
16S_1211_Milletich	55.0
16S_1211_Milletich	119.0
16S_1211_Milletich	206.0
16S_1211_Milletich	110.0
16S_1211_Milletich	96.0
16S_1211_Milletich	163.0
16S_1211_Milletich	148.0
16S_1211_Milletich	59.0
16S_1211_Milletich	89.0
16S_1211_Milletich	96.0
16S_1211_Milletich	266.0
16S_1211_Milletich	32.0
16S_1211_Milletich	136.0
16S_1211_Milletich	126.0
16S_1211_Milletich	293.0
16S_1211_Milletich	227.0
16S_1211_Milletich	80.0
16S_1211_Milletich	85.0
16S_1211_Milletich	150.0
16S_1211_Milletich	224.0
16S_1211_Milletich	53.0
16S_1211_Milletich	142.0
16S_1211_Milletich	124.0
16S_1211_Milletich	160.0
16S_1211_Milletich	36.0
16S_1211_Milletich	91.0
16S_1211_Milletich	181.0
16S_1211_Milletich	69.0
16S_1211_Milletich	83.0
16S_1211_Milletich	114.0
16S_1211_Milletich	41.0
16S_1211_Milletich	106.0
16S_1211_Milletich	94.0
16S_1211_Milletich	81.0
16S_1211_Milletich	115.0
16S_1211_Milletich	77.0
16S_1211_Milletich	96.0
16S_1211_Milletich	60.0
16S_1211_Milletich	55.0
16S_1211_Milletich	93.0
16S_1211_Milletich	92.0
16S_1211_Milletich	73.0
16S_1211_Milletich	91.0
16S_1211_Milletich	76.0
16S_1211_Milletich	86.0
16S_1211_Milletich	71.0
16S_1211_Milletich	89.0
16S_1211_Milletich	93.0
16S_1211_Milletich	127.0
16S_1211_Milletich	166.0
16S_1211_Milletich	164.0
16S_1211_Milletich	68.0
16S_1211_Milletich	109.0
16S_1211_Milletich	84.0
16S_1211_Milletich	64.0
16S_1211_Milletich	134.0
16S_1211_Milletich	85.0
16S_1211_Milletich	59.0
16S_1211_Milletich	49.0
16S_1211_Milletich	76.0
16S_1211_Milletich	85.0
16S_1211_Milletich	24.0
16S_1211_Milletich	67.0
16S_1211_Milletich	74.0
16S_1211_Milletich	115.0
16S_1211_Milletich	80.0
16S_1211_Milletich	87.0
16S_1211_Milletich	100.0
16S_1211_Milletich	93.0
16S_1211_Milletich	85.0
16S_1211_Milletich	66.0
16S_1211_Milletich	82.0
16S_1211_Milletich	90.0
16S_1211_Milletich	85.0
16S_1211_Milletich	88.0
16S_1211_Milletich	72.0
16S_1211_Milletich	86.0
16S_1211_Milletich	85.0
16S_1211_Milletich	89.0
16S_1211_Milletich	106.0
16S_1211_Milletich	65.0
16S_1211_Milletich	73.0
16S_1211_Milletich	75.0
16S_1211_Milletich	109.0
16S_1211_Milletich	76.0
16S_1211_Milletich	23.0
16S_1211_Milletich	67.0
16S_1211_Milletich	54.0
16S_1211_Milletich	111.0
16S_1211_Milletich	56.0
16S_1211_Milletich	73.0
16S_1211_Milletich	78.0
16S_1211_Milletich	62.0
16S_1211_Milletich	62.0
16S_1211_Milletich	101.0
16S_1211_Milletich	74.0
16S_1211_Milletich	77.0
16S_1211_Milletich	98.0
16S_1211_Milletich	80.0
16S_1211_Milletich	55.0
16S_1211_Milletich	110.0
16S_1211_Milletich	77.0
16S_1211_Milletich	84.0
16S_1211_Milletich	51.0
16S_1211_Milletich	69.0
16S_1211_Milletich	79.0
16S_1211_Milletich	82.0
16S_1211_Milletich	79.0
16S_1211_Milletich	61.0
16S_1211_Milletich	91.0
16S_1211_Milletich	79.0
16S_1211_Milletich	109.0
16S_1211_Milletich	86.0
16S_1211_Milletich	38.0
16S_1211_Milletich	134.0
16S_1211_Milletich	77.0
16S_1211_Milletich	91.0
16S_1211_Milletich	71.0
16S_1211_Milletich	70.0
16S_1211_Milletich	83.0
16S_1211_Milletich	59.0
16S_1211_Milletich	99.0
16S_1211_Milletich	137.0
16S_1211_Milletich	130.0
16S_1211_Milletich	58.0
16S_1211_Milletich	75.0
16S_1211_Milletich	82.0
16S_1211_Milletich	83.0
16S_1211_Milletich	142.0
16S_1211_Milletich	114.0
16S_1211_Milletich	126.0
16S_1211_Milletich	95.0
16S_1211_Milletich	111.0
16S_1211_Milletich	54.0
16S_1211_Milletich	39.0
16S_1211_Milletich	173.0
16S_1211_Milletich	132.0
16S_1211_Milletich	82.0
16S_1211_Milletich	92.0
16S_1211_Milletich	96.0
16S_1211_Milletich	75.0
16S_1211_Milletich	345.0
16S_1211_Milletich	94.0
16S_1211_Milletich	96.0
16S_1211_Milletich	255.0
16S_1211_Milletich	95.0
16S_1211_Milletich	134.0
16S_1211_Milletich	110.0
16S_1211_Milletich	77.0
16S_1211_Milletich	61.0
16S_1211_Milletich	123.0
16S_1211_Milletich	114.0
16S_1211_Milletich	124.0
16S_1211_Milletich	94.0
16S_1211_Milletich	120.0
16S_1211_Milletich	111.0
16S_1211_Milletich	99.0
16S_1211_Milletich	132.0
16S_1211_Milletich	249.0
16S_1211_Milletich	102.0
16S_1211_Milletich	328.0
16S_1211_Milletich	118.0
16S_1211_Milletich	120.0
16S_1211_Milletich	127.0
16S_1211_Milletich	93.0
16S_1211_Milletich	85.0
16S_1211_Milletich	82.0
16S_1211_Milletich	136.0
16S_1211_Milletich	24.0
16S_1211_Milletich	79.0
16S_1211_Milletich	84.0
16S_1211_Milletich	85.0
16S_1211_Milletich	91.0
16S_1211_Milletich	211.0
16S_1211_Milletich	99.0
16S_1211_Milletich	108.0
16S_1211_Milletich	161.0
16S_1211_Milletich	117.0
16S_1211_Milletich	137.0
16S_1211_Milletich	119.0
16S_1211_Milletich	110.0
16S_1211_Milletich	235.0
16S_1211_Milletich	133.0
16S_1211_Milletich	121.0
16S_1211_Milletich	84.0
16S_1211_Milletich	90.0
16S_1211_Milletich	70.0
16S_1211_Milletich	108.0
16S_1211_Milletich	102.0
16S_1211_Milletich	78.0
16S_1211_Milletich	99.0
16S_1211_Milletich	80.0
16S_1211_Milletich	217.0
16S_1211_Milletich	83.0
16S_1211_Milletich	96.0
16S_1211_Milletich	88.0
16S_1211_Milletich	103.0
16S_1211_Milletich	110.0
16S_1211_Milletich	74.0
16S_1211_Milletich	74.0
16S_1211_Milletich	202.0
16S_1211_Milletich	94.0
16S_1211_Milletich	61.0
16S_1211_Milletich	167.0
16S_1211_Milletich	89.0
16S_1211_Milletich	86.0
16S_1211_Milletich	105.0
16S_1211_Milletich	132.0
16S_1211_Milletich	84.0
16S_1211_Milletich	135.0
16S_1211_Milletich	106.0
16S_1211_Milletich	147.0
16S_1211_Milletich	103.0
16S_1211_Milletich	126.0
16S_1211_Milletich	90.0
16S_1211_Milletich	113.0
16S_1211_Milletich	42.0
16S_1211_Milletich	161.0
16S_1211_Milletich	132.0
16S_1211_Milletich	87.0
16S_1211_Milletich	81.0
16S_1211_Milletich	108.0
16S_1211_Milletich	67.0
16S_1211_Milletich	81.0
16S_1211_Milletich	50.0
16S_1211_Milletich	83.0
16S_1211_Milletich	78.0
16S_1211_Milletich	116.0
16S_1211_Milletich	102.0
16S_1211_Milletich	92.0
16S_1211_Milletich	95.0
16S_1211_Milletich	84.0
16S_1211_Milletich	67.0
16S_1211_Milletich	43.0
16S_1211_Milletich	69.0
16S_1211_Milletich	121.0
16S_1211_Milletich	67.0
16S_1211_Milletich	118.0
16S_1211_Milletich	86.0
16S_1211_Milletich	82.0
16S_1211_Milletich	95.0
16S_1211_Milletich	56.0
16S_1211_Milletich	163.0
16S_1211_Milletich	66.0
16S_1211_Milletich	80.0
16S_1211_Milletich	97.0
16S_1211_Milletich	30.0
16S_1211_Milletich	95.0
16S_1211_Milletich	39.0
16S_1211_Milletich	82.0
16S_1211_Milletich	59.0
16S_1211_Milletich	69.0
16S_1211_Milletich	99.0
16S_1211_Milletich	80.0
16S_1211_Milletich	82.0
16S_1211_Milletich	77.0
16S_1211_Milletich	43.0
16S_1211_Milletich	94.0
16S_1211_Milletich	75.0
16S_1211_Milletich	68.0
16S_1211_Milletich	85.0
16S_1211_Milletich	88.0
16S_1211_Milletich	75.0
16S_1211_Milletich	64.0
16S_1211_Milletich	95.0
16S_1211_Milletich	109.0
16S_1211_Milletich	91.0
16S_1211_Milletich	77.0
16S_1211_Milletich	87.0
16S_1211_Milletich	84.0
16S_1211_Milletich	97.0
16S_1211_Milletich	37.0
16S_1211_Milletich	118.0
16S_1211_Milletich	160.0
16S_1211_Milletich	276.0
16S_1211_Milletich	66.0
16S_1211_Milletich	99.0
16S_1211_Milletich	137.0
16S_1211_Milletich	45.0
16S_1211_Milletich	98.0
16S_1211_Milletich	50.0
16S_1211_Milletich	123.0
16S_1211_Milletich	97.0
16S_1211_Milletich	92.0
16S_1211_Milletich	118.0
16S_1211_Milletich	124.0
16S_1211_Milletich	95.0
16S_1211_Milletich	201.0
16S_1211_Milletich	80.0
16S_1211_Milletich	89.0
16S_1211_Milletich	108.0
16S_1211_Milletich	107.0
16S_1211_Milletich	87.0
16S_1211_Milletich	178.0
16S_1211_Milletich	35.0
16S_1211_Milletich	114.0
16S_1211_Milletich	94.0
16S_1211_Milletich	99.0
16S_1211_Milletich	57.0
16S_1211_Milletich	93.0
16S_1211_Milletich	90.0
16S_1211_Milletich	85.0
16S_1211_Milletich	102.0
16S_1211_Milletich	79.0
16S_1211_Milletich	114.0
16S_1211_Milletich	81.0
16S_1211_Milletich	60.0
16S_1211_Milletich	119.0
16S_1211_Milletich	51.0
16S_1211_Milletich	113.0
16S_1211_Milletich	118.0
16S_1211_Milletich	78.0
16S_1211_Milletich	71.0
16S_1211_Milletich	56.0
16S_1211_Milletich	80.0
16S_1211_Milletich	70.0
16S_1211_Milletich	75.0
16S_1211_Milletich	62.0
16S_1211_Milletich	86.0
16S_1211_Milletich	69.0
16S_1211_Milletich	72.0
16S_1211_Milletich	104.0
16S_1211_Milletich	91.0
16S_1211_Milletich	64.0
16S_1211_Milletich	67.0
16S_1211_Milletich	122.0
16S_1211_Milletich	81.0
16S_1211_Milletich	65.0
16S_1211_Milletich	117.0
16S_1211_Milletich	87.0
16S_1211_Milletich	125.0
16S_1211_Milletich	85.0
16S_1211_Milletich	123.0
16S_1211_Milletich	124.0
16S_1211_Milletich	68.0
16S_1211_Milletich	84.0
16S_1211_Milletich	71.0
16S_1211_Milletich	92.0
16S_1211_Milletich	68.0
16S_1211_Milletich	71.0
16S_1211_Milletich	73.0
16S_1211_Milletich	116.0
16S_1211_Milletich	75.0
16S_1211_Milletich	64.0
16S_1211_Milletich	142.0
16S_1211_Milletich	84.0
16S_1211_Milletich	105.0
16S_1211_Milletich	87.0
16S_1211_Milletich	80.0
16S_1211_Milletich	76.0
16S_1211_Milletich	72.0
16S_1211_Milletich	132.0
16S_1211_Milletich	84.0
16S_1211_Milletich	69.0
16S_1211_Milletich	146.0
16S_1211_Milletich	180.0
16S_1211_Milletich	133.0
16S_1211_Milletich	125.0
16S_1211_Milletich	68.0
16S_1211_Milletich	132.0
16S_1211_Milletich	123.0
16S_1211_Milletich	119.0
16S_1211_Milletich	183.0
16S_1211_Milletich	173.0
16S_1211_Milletich	106.0
16S_1211_Milletich	170.0
16S_1211_Milletich	89.0
16S_1211_Milletich	114.0
16S_1211_Milletich	157.0
16S_1211_Milletich	87.0
16S_1211_Milletich	99.0
16S_1211_Milletich	119.0
16S_1211_Milletich	116.0
16S_1211_Milletich	106.0
16S_1211_Milletich	108.0
16S_1211_Milletich	99.0
16S_1211_Milletich	95.0
16S_1211_Milletich	103.0
16S_1211_Milletich	77.0
16S_1211_Milletich	195.0
16S_1211_Milletich	150.0
16S_1211_Milletich	126.0
16S_1211_Milletich	179.0
16S_1211_Milletich	104.0
16S_1211_Milletich	95.0
16S_1211_Milletich	100.0
16S_1211_Milletich	252.0
16S_1211_Milletich	113.0
16S_1211_Milletich	165.0
16S_1211_Milletich	124.0
16S_1211_Milletich	41.0
16S_1211_Milletich	93.0
16S_1211_Milletich	190.0
16S_1211_Milletich	125.0
16S_1211_Milletich	119.0
16S_1211_Milletich	191.0
16S_1211_Milletich	87.0
16S_1211_Milletich	203.0
16S_1211_Milletich	138.0
16S_1211_Milletich	40.0
16S_1211_Milletich	76.0
16S_1211_Milletich	97.0
16S_1211_Milletich	95.0
16S_1211_Milletich	170.0
16S_1211_Milletich	195.0
16S_1211_Milletich	101.0
16S_1211_Milletich	100.0
16S_1211_Milletich	94.0
16S_1211_Milletich	80.0
16S_1211_Milletich	105.0
16S_1211_Milletich	88.0
16S_1211_Milletich	149.0
16S_1211_Milletich	62.0
16S_1211_Milletich	107.0
16S_1211_Milletich	112.0
16S_1211_Milletich	206.0
16S_1211_Milletich	73.0
16S_1211_Milletich	111.0
16S_1211_Milletich	92.0
16S_1211_Milletich	140.0
16S_1211_Milletich	106.0
16S_1211_Milletich	85.0
16S_1211_Milletich	128.0
16S_1211_Milletich	109.0
16S_1211_Milletich	116.0
16S_1211_Milletich	100.0
16S_1211_Milletich	24.0
16S_1211_Milletich	53.0
16S_1211_Milletich	8.0
16S_1211_Milletich	80.0
16S_1211_Milletich	114.0
16S_1211_Milletich	109.0
16S_1211_Milletich	109.0
16S_1211_Milletich	97.0
16S_1211_Milletich	68.0
16S_1211_Milletich	165.0
16S_1211_Milletich	48.0
16S_1211_Milletich	79.0
16S_1211_Milletich	139.0
16S_1211_Milletich	94.0
16S_1211_Milletich	97.0
16S_1211_Milletich	64.0
16S_1211_Milletich	62.0
16S_1211_Milletich	124.0
16S_1211_Milletich	81.0
16S_1211_Milletich	35.0
16S_1211_Milletich	94.0
16S_1211_Milletich	83.0
16S_1211_Milletich	64.0
16S_1211_Milletich	39.0
16S_1211_Milletich	85.0
16S_1211_Milletich	94.0
16S_1211_Milletich	47.0
16S_1211_Milletich	39.0
16S_1211_Milletich	122.0
16S_1211_Milletich	79.0
16S_1211_Milletich	62.0
16S_1211_Milletich	84.0
16S_1211_Milletich	104.0
16S_1211_Milletich	96.0
16S_1211_Milletich	42.0
16S_1211_Milletich	118.0
16S_1211_Milletich	79.0
16S_1211_Milletich	71.0
16S_1211_Milletich	78.0
16S_1211_Milletich	83.0
16S_1211_Milletich	66.0
16S_1211_Milletich	86.0
16S_1211_Milletich	64.0
16S_1211_Milletich	57.0
16S_1211_Milletich	108.0
16S_1211_Milletich	85.0
16S_1211_Milletich	108.0
16S_1211_Milletich	67.0
16S_1211_Milletich	90.0
16S_1211_Milletich	52.0
16S_1211_Milletich	134.0
16S_1211_Milletich	150.0
16S_1211_Milletich	80.0
16S_1211_Milletich	123.0
16S_1211_Milletich	89.0
16S_1211_Milletich	96.0
16S_1211_Milletich	57.0
16S_1211_Milletich	89.0
16S_1211_Milletich	38.0
16S_1211_Milletich	58.0
16S_1211_Milletich	113.0
16S_1211_Milletich	118.0
16S_1211_Milletich	109.0
16S_1211_Milletich	83.0
16S_1211_Milletich	91.0
16S_1211_Milletich	104.0
16S_1211_Milletich	127.0
16S_1211_Milletich	123.0
16S_1211_Milletich	121.0
16S_1211_Milletich	33.0
16S_1211_Milletich	260.0
16S_1211_Milletich	73.0
16S_1211_Milletich	89.0
16S_1211_Milletich	77.0
16S_136_Nobel	1026.0
16S_136_Nobel	1053.0
16S_136_Nobel	1150.0
16S_136_Nobel	1227.0
16S_136_Nobel	1172.0
16S_136_Nobel	1254.0
16S_136_Nobel	456.0
16S_136_Nobel	977.0
16S_136_Nobel	1065.0
16S_136_Nobel	1141.0
16S_136_Nobel	1053.0
16S_136_Nobel	825.0
16S_136_Nobel	679.0
16S_136_Nobel	695.0
16S_136_Nobel	748.0
16S_136_Nobel	597.0
16S_136_Nobel	600.0
16S_136_Nobel	653.0
16S_136_Nobel	885.0
16S_136_Nobel	926.0
16S_136_Nobel	511.0
16S_136_Nobel	748.0
16S_136_Nobel	678.0
16S_136_Nobel	919.0
16S_136_Nobel	744.0
16S_136_Nobel	819.0
16S_136_Nobel	575.0
16S_136_Nobel	666.0
16S_136_Nobel	658.0
16S_136_Nobel	820.0
16S_136_Nobel	632.0
16S_136_Nobel	719.0
16S_136_Nobel	897.0
16S_136_Nobel	756.0
16S_136_Nobel	537.0
16S_136_Nobel	1695.0
16S_136_Nobel	1158.0
16S_136_Nobel	1437.0
16S_136_Nobel	1321.0
16S_136_Nobel	1530.0
16S_136_Nobel	972.0
16S_136_Nobel	530.0
16S_136_Nobel	754.0
16S_136_Nobel	1120.0
16S_136_Nobel	1105.0
16S_136_Nobel	1173.0
16S_136_Nobel	1017.0
16S_136_Nobel	1109.0
16S_136_Nobel	1146.0
16S_136_Nobel	937.0
16S_136_Nobel	998.0
16S_136_Nobel	874.0
16S_136_Nobel	853.0
16S_136_Nobel	1077.0
16S_136_Nobel	1044.0
16S_136_Nobel	1022.0
16S_136_Nobel	1036.0
16S_136_Nobel	813.0
16S_136_Nobel	828.0
16S_136_Nobel	893.0
16S_136_Nobel	988.0
16S_136_Nobel	956.0
16S_136_Nobel	758.0
16S_136_Nobel	871.0
16S_136_Nobel	848.0
16S_136_Nobel	718.0
16S_136_Nobel	1441.0
16S_136_Nobel	1018.0
16S_136_Nobel	928.0
16S_136_Nobel	1290.0
16S_136_Nobel	1084.0
16S_136_Nobel	923.0
16S_136_Nobel	914.0
16S_136_Nobel	939.0
16S_136_Nobel	735.0
16S_136_Nobel	622.0
16S_136_Nobel	517.0
16S_136_Nobel	1094.0
16S_136_Nobel	913.0
16S_136_Nobel	1015.0
16S_136_Nobel	1209.0
16S_136_Nobel	1101.0
16S_136_Nobel	973.0
16S_136_Nobel	1059.0
16S_136_Nobel	949.0
16S_136_Nobel	837.0
16S_136_Nobel	737.0
16S_136_Nobel	727.0
16S_136_Nobel	1006.0
16S_136_Nobel	748.0
16S_136_Nobel	996.0
16S_136_Nobel	1024.0
16S_136_Nobel	907.0
16S_136_Nobel	843.0
16S_136_Nobel	857.0
16S_136_Nobel	929.0
16S_136_Nobel	1038.0
16S_136_Nobel	926.0
16S_136_Nobel	899.0
16S_136_Nobel	1016.0
16S_136_Nobel	1042.0
16S_136_Nobel	851.0
16S_136_Nobel	548.0
16S_136_Nobel	788.0
16S_136_Nobel	852.0
16S_136_Nobel	916.0
16S_136_Nobel	736.0
16S_136_Nobel	732.0
16S_136_Nobel	679.0
16S_136_Nobel	827.0
16S_136_Nobel	832.0
16S_136_Nobel	632.0
16S_136_Nobel	901.0
16S_136_Nobel	933.0
16S_136_Nobel	894.0
16S_136_Nobel	877.0
16S_136_Nobel	683.0
16S_136_Nobel	692.0
16S_136_Nobel	668.0
16S_136_Nobel	488.0
16S_136_Nobel	735.0
16S_136_Nobel	642.0
16S_136_Nobel	749.0
16S_136_Nobel	500.0
16S_136_Nobel	563.0
16S_136_Nobel	672.0
16S_136_Nobel	578.0
16S_136_Nobel	620.0
16S_136_Nobel	861.0
16S_136_Nobel	808.0
16S_136_Nobel	621.0
16S_136_Nobel	868.0
16S_136_Nobel	609.0
16S_136_Nobel	874.0
16S_136_Nobel	1081.0
16S_136_Nobel	1048.0
16S_179_Verdu	116.0
16S_179_Verdu	257.0
16S_179_Verdu	127.0
16S_179_Verdu	90.0
16S_179_Verdu	210.0
16S_179_Verdu	116.0
16S_179_Verdu	141.0
16S_179_Verdu	144.0
16S_179_Verdu	183.0
16S_179_Verdu	108.0
16S_179_Verdu	151.0
16S_179_Verdu	173.0
16S_179_Verdu	143.0
16S_179_Verdu	102.0
16S_179_Verdu	99.0
16S_179_Verdu	185.0
16S_179_Verdu	216.0
16S_179_Verdu	242.0
16S_179_Verdu	186.0
16S_179_Verdu	159.0
16S_179_Verdu	253.0
16S_179_Verdu	186.0
16S_179_Verdu	199.0
16S_179_Verdu	191.0
16S_179_Verdu	194.0
16S_179_Verdu	59.0
16S_179_Verdu	236.0
16S_179_Verdu	169.0
16S_179_Verdu	237.0
16S_179_Verdu	214.0
16S_179_Verdu	191.0
16S_179_Verdu	226.0
16S_179_Verdu	100.0
16S_179_Verdu	146.0
16S_179_Verdu	60.0
16S_179_Verdu	98.0
16S_179_Verdu	68.0
16S_179_Verdu	212.0
16S_179_Verdu	88.0
16S_179_Verdu	105.0
16S_179_Verdu	59.0
16S_179_Verdu	163.0
16S_179_Verdu	126.0
16S_179_Verdu	136.0
16S_179_Verdu	161.0
16S_179_Verdu	206.0
16S_179_Verdu	124.0
16S_179_Verdu	120.0
16S_179_Verdu	136.0
16S_179_Verdu	168.0
16S_179_Verdu	223.0
16S_179_Verdu	219.0
16S_179_Verdu	199.0
16S_179_Verdu	142.0
16S_179_Verdu	258.0
16S_179_Verdu	145.0
16S_179_Verdu	143.0
16S_179_Verdu	120.0
16S_179_Verdu	135.0
16S_179_Verdu	151.0
16S_179_Verdu	143.0
16S_179_Verdu	229.0
16S_179_Verdu	81.0
16S_179_Verdu	95.0
16S_179_Verdu	115.0
16S_179_Verdu	33.0
16S_179_Verdu	118.0
16S_179_Verdu	85.0
16S_179_Verdu	98.0
16S_179_Verdu	118.0
16S_179_Verdu	112.0
16S_179_Verdu	126.0
16S_179_Verdu	116.0
16S_179_Verdu	155.0
16S_179_Verdu	100.0
16S_179_Verdu	123.0
16S_179_Verdu	80.0
16S_179_Verdu	133.0
16S_179_Verdu	137.0
16S_179_Verdu	147.0
16S_179_Verdu	162.0
16S_179_Verdu	139.0
16S_179_Verdu	151.0
16S_179_Verdu	165.0
16S_179_Verdu	168.0
16S_179_Verdu	108.0
16S_179_Verdu	135.0
16S_179_Verdu	119.0
16S_179_Verdu	129.0
16S_179_Verdu	114.0
16S_179_Verdu	156.0
16S_179_Verdu	123.0
16S_179_Verdu	131.0
16S_179_Verdu	91.0
16S_179_Verdu	123.0
16S_179_Verdu	316.0
16S_179_Verdu	134.0
16S_179_Verdu	134.0
16S_179_Verdu	172.0
16S_179_Verdu	82.0
16S_179_Verdu	87.0
16S_179_Verdu	154.0
16S_179_Verdu	134.0
16S_179_Verdu	204.0
16S_179_Verdu	138.0
16S_179_Verdu	206.0
16S_179_Verdu	56.0
16S_179_Verdu	122.0
16S_179_Verdu	139.0
16S_179_Verdu	139.0
16S_179_Verdu	96.0
16S_179_Verdu	87.0
16S_179_Verdu	89.0
16S_179_Verdu	258.0
16S_179_Verdu	65.0
16S_179_Verdu	72.0
16S_179_Verdu	83.0
16S_179_Verdu	150.0
16S_179_Verdu	90.0
16S_179_Verdu	72.0
16S_179_Verdu	73.0
16S_179_Verdu	105.0
16S_179_Verdu	104.0
16S_179_Verdu	37.0
16S_179_Verdu	120.0
16S_179_Verdu	101.0
16S_179_Verdu	218.0
16S_179_Verdu	121.0
16S_179_Verdu	119.0
16S_179_Verdu	92.0
16S_179_Verdu	133.0
16S_179_Verdu	200.0
16S_179_Verdu	122.0
16S_179_Verdu	74.0
16S_179_Verdu	78.0
16S_179_Verdu	179.0
16S_179_Verdu	101.0
16S_179_Verdu	156.0
16S_179_Verdu	170.0
16S_179_Verdu	86.0
16S_179_Verdu	116.0
16S_179_Verdu	112.0
16S_179_Verdu	124.0
16S_179_Verdu	176.0
16S_179_Verdu	192.0
16S_179_Verdu	297.0
16S_179_Verdu	93.0
16S_179_Verdu	83.0
16S_179_Verdu	82.0
16S_179_Verdu	89.0
16S_179_Verdu	192.0
16S_179_Verdu	86.0
16S_179_Verdu	25.0
16S_179_Verdu	109.0
16S_179_Verdu	120.0
16S_179_Verdu	125.0
16S_179_Verdu	48.0
16S_179_Verdu	85.0
16S_179_Verdu	168.0
16S_179_Verdu	234.0
16S_179_Verdu	122.0
16S_179_Verdu	164.0
16S_179_Verdu	105.0
16S_179_Verdu	266.0
16S_179_Verdu	116.0
16S_179_Verdu	46.0
16S_179_Verdu	45.0
16S_179_Verdu	97.0
16S_179_Verdu	180.0
16S_179_Verdu	106.0
16S_179_Verdu	109.0
16S_179_Verdu	115.0
16S_179_Verdu	205.0
16S_179_Verdu	127.0
16S_179_Verdu	77.0
16S_179_Verdu	87.0
16S_179_Verdu	87.0
16S_179_Verdu	164.0
16S_179_Verdu	137.0
16S_20_Caminero	148.0
16S_20_Caminero	245.0
16S_20_Caminero	0.0
16S_20_Caminero	133.0
16S_20_Caminero	19.0
16S_20_Caminero	115.0
16S_20_Caminero	24.0
16S_20_Caminero	30.0
16S_20_Caminero	8.0
16S_20_Caminero	11.0
16S_20_Caminero	13.0
16S_20_Caminero	15.0
16S_20_Caminero	9.0
16S_20_Caminero	147.0
16S_20_Caminero	146.0
16S_20_Caminero	165.0
16S_20_Caminero	9.0
16S_20_Caminero	97.0
16S_20_Caminero	118.0
16S_20_Caminero	130.0
16S_20_Rawson	125.0
16S_20_Rawson	112.0
16S_20_Rawson	142.0
16S_20_Rawson	66.0
16S_20_Rawson	150.0
16S_20_Rawson	116.0
16S_20_Rawson	56.0
16S_20_Rawson	54.0
16S_20_Rawson	89.0
16S_20_Rawson	64.0
16S_20_Rawson	63.0
16S_20_Rawson	101.0
16S_20_Rawson	202.0
16S_20_Rawson	63.0
16S_20_Rawson	137.0
16S_20_Rawson	197.0
16S_20_Rawson	99.0
16S_20_Rawson	50.0
16S_20_Rawson	95.0
16S_20_Rawson	121.0
16S_227_Oscarsson	420.0
16S_227_Oscarsson	493.0
16S_227_Oscarsson	380.0
16S_227_Oscarsson	325.0
16S_227_Oscarsson	538.0
16S_227_Oscarsson	464.0
16S_227_Oscarsson	347.0
16S_227_Oscarsson	622.0
16S_227_Oscarsson	821.0
16S_227_Oscarsson	185.0
16S_227_Oscarsson	688.0
16S_227_Oscarsson	362.0
16S_227_Oscarsson	393.0
16S_227_Oscarsson	469.0
16S_227_Oscarsson	456.0
16S_227_Oscarsson	424.0
16S_227_Oscarsson	490.0
16S_227_Oscarsson	405.0
16S_227_Oscarsson	419.0
16S_227_Oscarsson	317.0
16S_227_Oscarsson	514.0
16S_227_Oscarsson	377.0
16S_227_Oscarsson	531.0
16S_227_Oscarsson	362.0
16S_227_Oscarsson	435.0
16S_227_Oscarsson	324.0
16S_227_Oscarsson	324.0
16S_227_Oscarsson	401.0
16S_227_Oscarsson	276.0
16S_227_Oscarsson	545.0
16S_227_Oscarsson	201.0
16S_227_Oscarsson	670.0
16S_227_Oscarsson	491.0
16S_227_Oscarsson	418.0
16S_227_Oscarsson	323.0
16S_227_Oscarsson	384.0
16S_227_Oscarsson	379.0
16S_227_Oscarsson	381.0
16S_227_Oscarsson	384.0
16S_227_Oscarsson	396.0
16S_227_Oscarsson	477.0
16S_227_Oscarsson	251.0
16S_227_Oscarsson	234.0
16S_227_Oscarsson	217.0
16S_227_Oscarsson	346.0
16S_227_Oscarsson	309.0
16S_227_Oscarsson	189.0
16S_227_Oscarsson	341.0
16S_227_Oscarsson	312.0
16S_227_Oscarsson	248.0
16S_227_Oscarsson	119.0
16S_227_Oscarsson	136.0
16S_227_Oscarsson	146.0
16S_227_Oscarsson	424.0
16S_227_Oscarsson	436.0
16S_227_Oscarsson	348.0
16S_227_Oscarsson	303.0
16S_227_Oscarsson	469.0
16S_227_Oscarsson	462.0
16S_227_Oscarsson	506.0
16S_227_Oscarsson	630.0
16S_227_Oscarsson	470.0
16S_227_Oscarsson	536.0
16S_227_Oscarsson	366.0
16S_227_Oscarsson	468.0
16S_227_Oscarsson	250.0
16S_227_Oscarsson	755.0
16S_227_Oscarsson	605.0
16S_227_Oscarsson	551.0
16S_227_Oscarsson	721.0
16S_227_Oscarsson	342.0
16S_227_Oscarsson	329.0
16S_227_Oscarsson	441.0
16S_227_Oscarsson	610.0
16S_227_Oscarsson	722.0
16S_227_Oscarsson	419.0
16S_227_Oscarsson	488.0
16S_227_Oscarsson	468.0
16S_227_Oscarsson	742.0
16S_227_Oscarsson	542.0
16S_227_Oscarsson	679.0
16S_227_Oscarsson	483.0
16S_227_Oscarsson	568.0
16S_227_Oscarsson	668.0
16S_227_Oscarsson	458.0
16S_227_Oscarsson	601.0
16S_227_Oscarsson	157.0
16S_227_Oscarsson	650.0
16S_227_Oscarsson	584.0
16S_227_Oscarsson	878.0
16S_227_Oscarsson	454.0
16S_227_Oscarsson	350.0
16S_227_Oscarsson	270.0
16S_227_Oscarsson	278.0
16S_227_Oscarsson	387.0
16S_227_Oscarsson	383.0
16S_227_Oscarsson	190.0
16S_227_Oscarsson	611.0
16S_227_Oscarsson	121.0
16S_227_Oscarsson	522.0
16S_227_Oscarsson	343.0
16S_227_Oscarsson	268.0
16S_227_Oscarsson	355.0
16S_227_Oscarsson	606.0
16S_227_Oscarsson	410.0
16S_227_Oscarsson	290.0
16S_227_Oscarsson	368.0
16S_227_Oscarsson	498.0
16S_227_Oscarsson	495.0
16S_227_Oscarsson	553.0
16S_227_Oscarsson	629.0
16S_227_Oscarsson	629.0
16S_227_Oscarsson	333.0
16S_227_Oscarsson	481.0
16S_227_Oscarsson	349.0
16S_227_Oscarsson	373.0
16S_227_Oscarsson	570.0
16S_227_Oscarsson	305.0
16S_227_Oscarsson	334.0
16S_227_Oscarsson	411.0
16S_227_Oscarsson	609.0
16S_227_Oscarsson	493.0
16S_227_Oscarsson	468.0
16S_227_Oscarsson	536.0
16S_227_Oscarsson	631.0
16S_227_Oscarsson	664.0
16S_227_Oscarsson	374.0
16S_227_Oscarsson	500.0
16S_227_Oscarsson	350.0
16S_227_Oscarsson	344.0
16S_227_Oscarsson	377.0
16S_227_Oscarsson	507.0
16S_227_Oscarsson	544.0
16S_227_Oscarsson	521.0
16S_227_Oscarsson	522.0
16S_227_Oscarsson	551.0
16S_227_Oscarsson	311.0
16S_227_Oscarsson	625.0
16S_227_Oscarsson	385.0
16S_227_Oscarsson	436.0
16S_227_Oscarsson	349.0
16S_227_Oscarsson	436.0
16S_227_Oscarsson	372.0
16S_227_Oscarsson	774.0
16S_227_Oscarsson	485.0
16S_227_Oscarsson	784.0
16S_227_Oscarsson	693.0
16S_227_Oscarsson	236.0
16S_227_Oscarsson	698.0
16S_227_Oscarsson	688.0
16S_227_Oscarsson	729.0
16S_227_Oscarsson	408.0
16S_227_Oscarsson	599.0
16S_227_Oscarsson	645.0
16S_227_Oscarsson	495.0
16S_227_Oscarsson	762.0
16S_227_Oscarsson	861.0
16S_227_Oscarsson	955.0
16S_227_Oscarsson	810.0
16S_227_Oscarsson	950.0
16S_227_Oscarsson	1103.0
16S_227_Oscarsson	351.0
16S_227_Oscarsson	235.0
16S_227_Oscarsson	391.0
16S_227_Oscarsson	277.0
16S_227_Oscarsson	244.0
16S_227_Oscarsson	629.0
16S_227_Oscarsson	597.0
16S_227_Oscarsson	440.0
16S_227_Oscarsson	540.0
16S_227_Oscarsson	623.0
16S_227_Oscarsson	808.0
16S_227_Oscarsson	463.0
16S_227_Oscarsson	238.0
16S_227_Oscarsson	687.0
16S_227_Oscarsson	382.0
16S_227_Oscarsson	286.0
16S_227_Oscarsson	334.0
16S_227_Oscarsson	460.0
16S_227_Oscarsson	306.0
16S_227_Oscarsson	379.0
16S_227_Oscarsson	353.0
16S_227_Oscarsson	153.0
16S_227_Oscarsson	355.0
16S_227_Oscarsson	252.0
16S_227_Oscarsson	558.0
16S_227_Oscarsson	405.0
16S_227_Oscarsson	383.0
16S_227_Oscarsson	341.0
16S_227_Oscarsson	453.0
16S_227_Oscarsson	314.0
16S_227_Oscarsson	479.0
16S_227_Oscarsson	767.0
16S_227_Oscarsson	473.0
16S_227_Oscarsson	446.0
16S_227_Oscarsson	487.0
16S_227_Oscarsson	448.0
16S_227_Oscarsson	487.0
16S_227_Oscarsson	739.0
16S_227_Oscarsson	766.0
16S_227_Oscarsson	325.0
16S_227_Oscarsson	419.0
16S_227_Oscarsson	432.0
16S_227_Oscarsson	394.0
16S_227_Oscarsson	242.0
16S_227_Oscarsson	270.0
16S_227_Oscarsson	739.0
16S_227_Oscarsson	605.0
16S_227_Oscarsson	824.0
16S_227_Oscarsson	380.0
16S_227_Oscarsson	329.0
16S_227_Oscarsson	608.0
16S_227_Oscarsson	371.0
16S_227_Oscarsson	269.0
16S_227_Oscarsson	213.0
16S_227_Oscarsson	443.0
16S_227_Oscarsson	324.0
16S_227_Oscarsson	363.0
16S_227_Oscarsson	409.0
16S_227_Oscarsson	317.0
16S_227_Oscarsson	596.0
16S_227_Oscarsson	684.0
16S_227_Oscarsson	431.0
16S_227_Oscarsson	391.0
16S_227_Oscarsson	515.0
16S_227_Oscarsson	491.0
16S_227_Oscarsson	542.0
16S_24_Giacomin	42.0
16S_24_Giacomin	55.0
16S_24_Giacomin	44.0
16S_24_Giacomin	38.0
16S_24_Giacomin	61.0
16S_24_Giacomin	74.0
16S_24_Giacomin	75.0
16S_24_Giacomin	72.0
16S_24_Giacomin	83.0
16S_24_Giacomin	49.0
16S_24_Giacomin	71.0
16S_24_Giacomin	58.0
16S_24_Giacomin	55.0
16S_24_Giacomin	126.0
16S_24_Giacomin	43.0
16S_24_Giacomin	50.0
16S_24_Giacomin	77.0
16S_24_Giacomin	35.0
16S_24_Giacomin	194.0
16S_24_Giacomin	129.0
16S_24_Giacomin	109.0
16S_24_Giacomin	58.0
16S_24_Giacomin	65.0
16S_24_Giacomin	44.0
16S_25_Francavilla	15.0
16S_25_Francavilla	7.0
16S_25_Francavilla	8.0
16S_25_Francavilla	6.0
16S_25_Francavilla	11.0
16S_25_Francavilla	11.0
16S_25_Francavilla	8.0
16S_25_Francavilla	10.0
16S_25_Francavilla	7.0
16S_25_Francavilla	11.0
16S_25_Francavilla	18.0
16S_25_Francavilla	16.0
16S_25_Francavilla	8.0
16S_25_Francavilla	12.0
16S_25_Francavilla	102.0
16S_25_Francavilla	86.0
16S_25_Francavilla	103.0
16S_25_Francavilla	14.0
16S_25_Francavilla	103.0
16S_25_Francavilla	114.0
16S_25_Francavilla	102.0
16S_25_Francavilla	86.0
16S_25_Francavilla	103.0
16S_25_Francavilla	103.0
16S_25_Francavilla	114.0
16S_27_Federica	119.0
16S_27_Federica	390.0
16S_27_Federica	177.0
16S_27_Federica	95.0
16S_27_Federica	122.0
16S_27_Federica	122.0
16S_27_Federica	224.0
16S_27_Federica	117.0
16S_27_Federica	112.0
16S_27_Federica	117.0
16S_27_Federica	130.0
16S_27_Federica	296.0
16S_27_Federica	166.0
16S_27_Federica	129.0
16S_27_Federica	116.0
16S_27_Federica	130.0
16S_27_Federica	144.0
16S_27_Federica	198.0
16S_27_Federica	125.0
16S_27_Federica	145.0
16S_27_Federica	116.0
16S_27_Federica	257.0
16S_27_Federica	133.0
16S_27_Federica	62.0
16S_27_Federica	140.0
16S_27_Federica	148.0
16S_27_Federica	127.0
16S_27_Fornasaro	231.0
16S_27_Fornasaro	241.0
16S_27_Fornasaro	177.0
16S_27_Fornasaro	193.0
16S_27_Fornasaro	229.0
16S_27_Fornasaro	211.0
16S_27_Fornasaro	268.0
16S_27_Fornasaro	264.0
16S_27_Fornasaro	221.0
16S_27_Fornasaro	151.0
16S_27_Fornasaro	242.0
16S_27_Fornasaro	138.0
16S_27_Fornasaro	159.0
16S_27_Fornasaro	173.0
16S_27_Fornasaro	151.0
16S_27_Fornasaro	152.0
16S_27_Fornasaro	262.0
16S_27_Fornasaro	140.0
16S_27_Fornasaro	151.0
16S_27_Fornasaro	223.0
16S_27_Fornasaro	203.0
16S_27_Fornasaro	246.0
16S_27_Fornasaro	194.0
16S_27_Fornasaro	226.0
16S_27_Fornasaro	227.0
16S_27_Fornasaro	250.0
16S_27_Fornasaro	173.0
16S_49_Turjeman	89.0
16S_49_Turjeman	113.0
16S_49_Turjeman	90.0
16S_49_Turjeman	101.0
16S_49_Turjeman	140.0
16S_49_Turjeman	98.0
16S_49_Turjeman	121.0
16S_49_Turjeman	207.0
16S_49_Turjeman	112.0
16S_49_Turjeman	90.0
16S_49_Turjeman	121.0
16S_49_Turjeman	101.0
16S_49_Turjeman	70.0
16S_49_Turjeman	169.0
16S_49_Turjeman	158.0
16S_49_Turjeman	141.0
16S_49_Turjeman	141.0
16S_49_Turjeman	87.0
16S_49_Turjeman	133.0
16S_49_Turjeman	231.0
16S_49_Turjeman	105.0
16S_49_Turjeman	118.0
16S_49_Turjeman	72.0
16S_49_Turjeman	109.0
16S_49_Turjeman	107.0
16S_49_Turjeman	96.0
16S_49_Turjeman	102.0
16S_49_Turjeman	159.0
16S_49_Turjeman	147.0
16S_49_Turjeman	119.0
16S_49_Turjeman	140.0
16S_49_Turjeman	147.0
16S_49_Turjeman	179.0
16S_49_Turjeman	105.0
16S_49_Turjeman	124.0
16S_49_Turjeman	125.0
16S_49_Turjeman	111.0
16S_49_Turjeman	137.0
16S_49_Turjeman	129.0
16S_49_Turjeman	215.0
16S_49_Turjeman	102.0
16S_49_Turjeman	107.0
16S_49_Turjeman	181.0
16S_49_Turjeman	70.0
16S_49_Turjeman	131.0
16S_49_Turjeman	194.0
16S_49_Turjeman	211.0
16S_49_Turjeman	114.0
16S_49_Turjeman	149.0
16S_50_Bibbo	338.0
16S_50_Bibbo	180.0
16S_50_Bibbo	264.0
16S_50_Bibbo	295.0
16S_50_Bibbo	313.0
16S_50_Bibbo	199.0
16S_50_Bibbo	292.0
16S_50_Bibbo	235.0
16S_50_Bibbo	280.0
16S_50_Bibbo	215.0
16S_50_Bibbo	221.0
16S_50_Bibbo	321.0
16S_50_Bibbo	409.0
16S_50_Bibbo	369.0
16S_50_Bibbo	355.0
16S_50_Bibbo	354.0
16S_50_Bibbo	226.0
16S_50_Bibbo	224.0
16S_50_Bibbo	242.0
16S_50_Bibbo	226.0
16S_50_Bibbo	307.0
16S_50_Bibbo	299.0
16S_50_Bibbo	285.0
16S_50_Bibbo	220.0
16S_50_Bibbo	352.0
16S_50_Bibbo	221.0
16S_50_Bibbo	243.0
16S_50_Bibbo	339.0
16S_50_Bibbo	240.0
16S_50_Bibbo	352.0
16S_50_Bibbo	307.0
16S_50_Bibbo	288.0
16S_50_Bibbo	344.0
16S_50_Bibbo	291.0
16S_50_Bibbo	262.0
16S_50_Bibbo	216.0
16S_50_Bibbo	353.0
16S_50_Bibbo	323.0
16S_50_Bibbo	257.0
16S_50_Bibbo	152.0
16S_50_Bibbo	367.0
16S_50_Bibbo	284.0
16S_50_Bibbo	218.0
16S_50_Bibbo	169.0
16S_50_Bibbo	199.0
16S_50_Bibbo	200.0
16S_50_Bibbo	167.0
16S_50_Bibbo	183.0
16S_50_Bibbo	229.0
16S_50_Bibbo	183.0
16S_56_Laffaldano	47.0
16S_56_Laffaldano	88.0
16S_56_Laffaldano	49.0
16S_56_Laffaldano	50.0
16S_56_Laffaldano	166.0
16S_56_Laffaldano	81.0
16S_56_Laffaldano	90.0
16S_56_Laffaldano	55.0
16S_56_Laffaldano	119.0
16S_56_Laffaldano	86.0
16S_56_Laffaldano	78.0
16S_56_Laffaldano	60.0
16S_56_Laffaldano	27.0
16S_56_Laffaldano	89.0
16S_56_Laffaldano	87.0
16S_56_Laffaldano	91.0
16S_56_Laffaldano	74.0
16S_56_Laffaldano	41.0
16S_56_Laffaldano	57.0
16S_56_Laffaldano	78.0
16S_56_Laffaldano	76.0
16S_56_Laffaldano	94.0
16S_56_Laffaldano	107.0
16S_56_Laffaldano	55.0
16S_56_Laffaldano	106.0
16S_56_Laffaldano	95.0
16S_56_Laffaldano	47.0
16S_56_Laffaldano	130.0
16S_56_Laffaldano	110.0
16S_56_Laffaldano	64.0
16S_56_Laffaldano	53.0
16S_56_Laffaldano	111.0
16S_56_Laffaldano	102.0
16S_56_Laffaldano	51.0
16S_56_Laffaldano	109.0
16S_56_Laffaldano	83.0
16S_56_Laffaldano	48.0
16S_56_Laffaldano	98.0
16S_56_Laffaldano	84.0
16S_56_Laffaldano	99.0
16S_56_Laffaldano	97.0
16S_56_Laffaldano	67.0
16S_56_Laffaldano	95.0
16S_56_Laffaldano	72.0
16S_56_Laffaldano	70.0
16S_56_Laffaldano	67.0
16S_56_Laffaldano	79.0
16S_56_Laffaldano	130.0
16S_56_Laffaldano	87.0
16S_56_Laffaldano	104.0
16S_56_Laffaldano	64.0
16S_56_Laffaldano	81.0
16S_56_Laffaldano	92.0
16S_56_Laffaldano	154.0
16S_56_Laffaldano	116.0
16S_56_Laffaldano	79.0
16S_68_Girdhar	95.0
16S_68_Girdhar	71.0
16S_68_Girdhar	60.0
16S_68_Girdhar	29.0
16S_68_Girdhar	51.0
16S_68_Girdhar	59.0
16S_68_Girdhar	16.0
16S_68_Girdhar	41.0
16S_68_Girdhar	36.0
16S_68_Girdhar	53.0
16S_68_Girdhar	94.0
16S_68_Girdhar	93.0
16S_68_Girdhar	95.0
16S_68_Girdhar	104.0
16S_68_Girdhar	92.0
16S_68_Girdhar	95.0
16S_68_Girdhar	87.0
16S_68_Girdhar	100.0
16S_68_Girdhar	97.0
16S_68_Girdhar	74.0
16S_68_Girdhar	54.0
16S_68_Girdhar	67.0
16S_68_Girdhar	130.0
16S_68_Girdhar	110.0
16S_68_Girdhar	97.0
16S_68_Girdhar	51.0
16S_68_Girdhar	48.0
16S_68_Girdhar	75.0
16S_68_Girdhar	103.0
16S_68_Girdhar	136.0
16S_68_Girdhar	80.0
16S_68_Girdhar	73.0
16S_68_Girdhar	107.0
16S_68_Girdhar	49.0
16S_68_Girdhar	94.0
16S_68_Girdhar	100.0
16S_68_Girdhar	126.0
16S_68_Girdhar	87.0
16S_68_Girdhar	92.0
16S_68_Girdhar	68.0
16S_68_Girdhar	86.0
16S_68_Girdhar	74.0
16S_68_Girdhar	112.0
16S_68_Girdhar	90.0
16S_68_Girdhar	94.0
16S_68_Girdhar	73.0
16S_68_Girdhar	58.0
16S_68_Girdhar	76.0
16S_68_Girdhar	90.0
16S_68_Girdhar	77.0
16S_68_Girdhar	60.0
16S_68_Girdhar	117.0
16S_68_Girdhar	71.0
16S_68_Girdhar	97.0
16S_68_Girdhar	50.0
16S_68_Girdhar	74.0
16S_68_Girdhar	98.0
16S_68_Girdhar	64.0
16S_68_Girdhar	85.0
16S_68_Girdhar	101.0
16S_68_Girdhar	90.0
16S_68_Girdhar	81.0
16S_68_Girdhar	96.0
16S_68_Girdhar	73.0
16S_68_Girdhar	106.0
16S_68_Girdhar	88.0
16S_68_Girdhar	130.0
16S_68_Girdhar	143.0
16S_5_Senicar	141.0
16S_5_Senicar	336.0
16S_5_Senicar	263.0
16S_5_Senicar	105.0
16S_5_Senicar	328.0
16S_60_Shi	1756.0
16S_60_Shi	1451.0
16S_60_Shi	1461.0
16S_60_Shi	1240.0
16S_60_Shi	1242.0
16S_60_Shi	1277.0
16S_60_Shi	1079.0
16S_60_Shi	1877.0
16S_60_Shi	1789.0
16S_60_Shi	1585.0
16S_60_Shi	1290.0
16S_60_Shi	1775.0
16S_60_Shi	1014.0
16S_60_Shi	1621.0
16S_60_Shi	605.0
16S_60_Shi	856.0
16S_60_Shi	1197.0
16S_60_Shi	1897.0
16S_60_Shi	1566.0
16S_60_Shi	1551.0
16S_60_Shi	1287.0
16S_60_Shi	849.0
16S_60_Shi	1361.0
16S_60_Shi	1291.0
16S_60_Shi	1380.0
16S_60_Shi	1444.0
16S_60_Shi	1439.0
16S_60_Shi	1818.0
16S_60_Shi	1284.0
16S_60_Shi	1550.0
16S_60_Shi	1684.0
16S_60_Shi	1180.0
16S_60_Shi	1332.0
16S_60_Shi	1737.0
16S_60_Shi	1789.0
16S_60_Shi	1437.0
16S_60_Shi	242.0
16S_60_Shi	1860.0
16S_60_Shi	891.0
16S_60_Shi	1628.0
16S_60_Shi	1220.0
16S_60_Shi	1079.0
16S_60_Shi	1011.0
16S_60_Shi	1540.0
16S_60_Shi	626.0
16S_60_Shi	1375.0
16S_60_Shi	1422.0
16S_60_Shi	1751.0
16S_60_Shi	1058.0
16S_60_Shi	1203.0
16S_60_Shi	1706.0
16S_60_Shi	1399.0
16S_60_Shi	929.0
16S_60_Shi	1502.0
16S_60_Shi	1461.0
16S_60_Shi	1299.0
16S_60_Shi	1443.0
16S_60_Shi	1060.0
16S_60_Shi	1048.0
16S_60_Shi	1235.0
16S_62_Tian	210.0
16S_62_Tian	122.0
16S_62_Tian	188.0
16S_62_Tian	467.0
16S_62_Tian	129.0
16S_62_Tian	240.0
16S_62_Tian	147.0
16S_62_Tian	168.0
16S_62_Tian	209.0
16S_62_Tian	84.0
16S_62_Tian	106.0
16S_62_Tian	189.0
16S_62_Tian	243.0
16S_62_Tian	122.0
16S_62_Tian	127.0
16S_62_Tian	100.0
16S_62_Tian	117.0
16S_62_Tian	278.0
16S_62_Tian	238.0
16S_62_Tian	187.0
16S_62_Tian	168.0
16S_62_Tian	186.0
16S_62_Tian	160.0
16S_62_Tian	69.0
16S_62_Tian	149.0
16S_62_Tian	218.0
16S_62_Tian	213.0
16S_62_Tian	117.0
16S_62_Tian	92.0
16S_62_Tian	88.0
16S_62_Tian	134.0
16S_62_Tian	208.0
16S_62_Tian	181.0
16S_62_Tian	149.0
16S_62_Tian	100.0
16S_62_Tian	169.0
16S_62_Tian	167.0
16S_62_Tian	281.0
16S_62_Tian	175.0
16S_62_Tian	164.0
16S_62_Tian	167.0
16S_62_Tian	136.0
16S_62_Tian	305.0
16S_62_Tian	186.0
16S_62_Tian	196.0
16S_62_Tian	123.0
16S_62_Tian	225.0
16S_62_Tian	139.0
16S_62_Tian	256.0
16S_62_Tian	124.0
16S_62_Tian	133.0
16S_62_Tian	43.0
16S_62_Tian	23.0
16S_62_Tian	263.0
16S_62_Tian	165.0
16S_62_Tian	133.0
16S_62_Tian	113.0
16S_62_Tian	191.0
16S_62_Tian	192.0
16S_62_Tian	170.0
16S_62_Tian	202.0
16S_62_Tian	186.0
16S_80_Garcia	234.0
16S_80_Garcia	311.0
16S_80_Garcia	282.0
16S_80_Garcia	258.0
16S_80_Garcia	65.0
16S_80_Garcia	143.0
16S_80_Garcia	209.0
16S_80_Garcia	179.0
16S_80_Garcia	173.0
16S_80_Garcia	184.0
16S_80_Garcia	203.0
16S_80_Garcia	338.0
16S_80_Garcia	158.0
16S_80_Garcia	352.0
16S_80_Garcia	216.0
16S_80_Garcia	207.0
16S_80_Garcia	142.0
16S_80_Garcia	396.0
16S_80_Garcia	294.0
16S_80_Garcia	147.0
16S_80_Garcia	260.0
16S_80_Garcia	125.0
16S_80_Garcia	254.0
16S_80_Garcia	348.0
16S_80_Garcia	271.0
16S_80_Garcia	127.0
16S_80_Garcia	134.0
16S_80_Garcia	328.0
16S_80_Garcia	177.0
16S_80_Garcia	170.0
16S_80_Garcia	49.0
16S_80_Garcia	281.0
16S_80_Garcia	158.0
16S_80_Garcia	312.0
16S_80_Garcia	180.0
16S_80_Garcia	202.0
16S_80_Garcia	299.0
16S_80_Garcia	141.0
16S_80_Garcia	190.0
16S_80_Garcia	160.0
16S_80_Garcia	241.0
16S_80_Garcia	349.0
16S_80_Garcia	342.0
16S_80_Garcia	218.0
16S_80_Garcia	187.0
16S_80_Garcia	99.0
16S_80_Garcia	318.0
16S_80_Garcia	332.0
16S_80_Garcia	100.0
16S_80_Garcia	271.0
16S_80_Garcia	164.0
16S_80_Garcia	376.0
16S_80_Garcia	283.0
16S_80_Garcia	304.0
16S_80_Garcia	122.0
16S_80_Garcia	185.0
16S_80_Garcia	106.0
16S_80_Garcia	81.0
16S_80_Garcia	344.0
16S_80_Garcia	203.0
16S_80_Garcia	311.0
16S_80_Garcia	318.0
16S_80_Garcia	324.0
16S_80_Garcia	211.0
16S_80_Garcia	286.0
16S_80_Garcia	366.0
16S_80_Garcia	316.0
16S_80_Garcia	238.0
16S_80_Garcia	145.0
16S_80_Garcia	238.0
16S_80_Garcia	89.0
16S_80_Garcia	195.0
16S_80_Garcia	292.0
16S_80_Garcia	195.0
16S_80_Garcia	121.0
16S_80_Garcia	133.0
16S_80_Garcia	279.0
16S_80_Garcia	241.0
16S_80_Garcia	78.0
16S_80_Garcia	65.0
16S_96_Quagliariello	757.0
16S_96_Quagliariello	339.0
16S_96_Quagliariello	325.0
16S_96_Quagliariello	412.0
16S_96_Quagliariello	571.0
16S_96_Quagliariello	401.0
16S_96_Quagliariello	445.0
16S_96_Quagliariello	768.0
16S_96_Quagliariello	227.0
16S_96_Quagliariello	179.0
16S_96_Quagliariello	659.0
16S_96_Quagliariello	399.0
16S_96_Quagliariello	467.0
16S_96_Quagliariello	574.0
16S_96_Quagliariello	1009.0
16S_96_Quagliariello	243.0
16S_96_Quagliariello	631.0
16S_96_Quagliariello	812.0
16S_96_Quagliariello	341.0
16S_96_Quagliariello	631.0
16S_96_Quagliariello	414.0
16S_96_Quagliariello	542.0
16S_96_Quagliariello	767.0
16S_96_Quagliariello	680.0
16S_96_Quagliariello	595.0
16S_96_Quagliariello	481.0
16S_96_Quagliariello	856.0
16S_96_Quagliariello	613.0
16S_96_Quagliariello	1098.0
16S_96_Quagliariello	741.0
16S_96_Quagliariello	942.0
16S_96_Quagliariello	974.0
16S_96_Quagliariello	194.0
16S_96_Quagliariello	698.0
16S_96_Quagliariello	1315.0
16S_96_Quagliariello	509.0
16S_96_Quagliariello	625.0
16S_96_Quagliariello	701.0
16S_96_Quagliariello	942.0
16S_96_Quagliariello	73.0
16S_96_Quagliariello	337.0
16S_96_Quagliariello	282.0
16S_96_Quagliariello	148.0
16S_96_Quagliariello	1803.0
16S_96_Quagliariello	12.0
16S_96_Quagliariello	396.0
16S_96_Quagliariello	174.0
16S_96_Quagliariello	521.0
16S_96_Quagliariello	484.0
16S_96_Quagliariello	425.0
16S_96_Quagliariello	544.0
16S_96_Quagliariello	529.0
16S_96_Quagliariello	1047.0
16S_96_Quagliariello	720.0
16S_96_Quagliariello	431.0
16S_96_Quagliariello	863.0
16S_96_Quagliariello	535.0
16S_96_Quagliariello	384.0
16S_96_Quagliariello	61.0
16S_96_Quagliariello	307.0
16S_96_Quagliariello	683.0
16S_96_Quagliariello	206.0
16S_96_Quagliariello	502.0
16S_96_Quagliariello	754.0
16S_96_Quagliariello	383.0
16S_96_Quagliariello	730.0
16S_96_Quagliariello	861.0
16S_96_Quagliariello	764.0
16S_96_Quagliariello	545.0
16S_96_Quagliariello	589.0
16S_96_Quagliariello	864.0
16S_96_Quagliariello	942.0
16S_96_Quagliariello	868.0
16S_96_Quagliariello	623.0
16S_96_Quagliariello	380.0
16S_96_Quagliariello	228.0
16S_96_Quagliariello	708.0
16S_96_Quagliariello	375.0
16S_96_Quagliariello	625.0
16S_96_Quagliariello	272.0
16S_96_Quagliariello	451.0
16S_96_Quagliariello	432.0
16S_96_Quagliariello	810.0
16S_96_Quagliariello	788.0
16S_96_Quagliariello	611.0
16S_96_Quagliariello	416.0
16S_96_Quagliariello	747.0
16S_96_Quagliariello	669.0
16S_96_Quagliariello	975.0
16S_96_Quagliariello	150.0
16S_96_Quagliariello	725.0
16S_96_Quagliariello	851.0
16S_96_Quagliariello	409.0
16S_96_Quagliariello	677.0
16S_96_Quagliariello	1314.0
16S_96_Quagliariello	0.0
16S_99_Lionetti	1267.0
16S_99_Lionetti	1293.0
16S_99_Lionetti	732.0
16S_99_Lionetti	898.0
16S_99_Lionetti	908.0
16S_99_Lionetti	1053.0
16S_99_Lionetti	755.0
16S_99_Lionetti	1331.0
16S_99_Lionetti	1228.0
16S_99_Lionetti	1488.0
16S_99_Lionetti	1135.0
16S_99_Lionetti	660.0
16S_99_Lionetti	1021.0
16S_99_Lionetti	1781.0
16S_99_Lionetti	1320.0
16S_99_Lionetti	1545.0
16S_99_Lionetti	1442.0
16S_99_Lionetti	1502.0
16S_99_Lionetti	1499.0
16S_99_Lionetti	1458.0
16S_99_Lionetti	1302.0
16S_99_Lionetti	1405.0
16S_99_Lionetti	1868.0
16S_99_Lionetti	1559.0
16S_99_Lionetti	1040.0
16S_99_Lionetti	2021.0
16S_99_Lionetti	1508.0
16S_99_Lionetti	1625.0
16S_99_Lionetti	1472.0
16S_99_Lionetti	1352.0
16S_99_Lionetti	1682.0
16S_99_Lionetti	1271.0
16S_99_Lionetti	1391.0
16S_99_Lionetti	1343.0
16S_99_Lionetti	1456.0
16S_99_Lionetti	1181.0
16S_99_Lionetti	1484.0
16S_99_Lionetti	1499.0
16S_99_Lionetti	2016.0
16S_99_Lionetti	2200.0
16S_99_Lionetti	1453.0
16S_99_Lionetti	2091.0
16S_99_Lionetti	1565.0
16S_99_Lionetti	1057.0
16S_99_Lionetti	1982.0
16S_99_Lionetti	1959.0
16S_99_Lionetti	1600.0
16S_99_Lionetti	1722.0
16S_99_Lionetti	1272.0
16S_99_Lionetti	1014.0
16S_99_Lionetti	1878.0
16S_99_Lionetti	2272.0
16S_99_Lionetti	1581.0
16S_99_Lionetti	1207.0
16S_99_Lionetti	1667.0
16S_99_Lionetti	1599.0
16S_99_Lionetti	1953.0
16S_99_Lionetti	1876.0
16S_99_Lionetti	1744.0
16S_99_Lionetti	1590.0
16S_99_Lionetti	1639.0
16S_99_Lionetti	1416.0
16S_99_Lionetti	1540.0
16S_99_Lionetti	1521.0
16S_99_Lionetti	1000.0
16S_99_Lionetti	1066.0
16S_99_Lionetti	1248.0
16S_99_Lionetti	1714.0
16S_99_Lionetti	1324.0
16S_99_Lionetti	1599.0
16S_99_Lionetti	1770.0
16S_99_Lionetti	1249.0
16S_99_Lionetti	2077.0
16S_99_Lionetti	1688.0
16S_99_Lionetti	1274.0
16S_99_Lionetti	1415.0
16S_99_Lionetti	1732.0
16S_99_Lionetti	962.0
16S_99_Lionetti	1402.0
16S_99_Lionetti	1064.0
16S_99_Lionetti	1717.0
16S_99_Lionetti	1207.0
16S_99_Lionetti	645.0
16S_99_Lionetti	1130.0
16S_99_Lionetti	373.0
16S_99_Lionetti	1390.0
16S_99_Lionetti	1733.0
16S_99_Lionetti	1409.0
16S_99_Lionetti	1635.0
16S_99_Lionetti	1676.0
16S_99_Lionetti	2161.0
16S_99_Lionetti	1211.0
16S_99_Lionetti	1221.0
16S_99_Lionetti	1071.0
16S_99_Lionetti	1577.0
16S_99_Lionetti	1584.0
16S_99_Lionetti	2037.0
16S_99_Lionetti	1418.0
16S_99_Lionetti	1604.0
16S_39_Olivares	26.0
16S_39_Olivares	26.0
16S_39_Olivares	49.0
16S_39_Olivares	18.0
16S_39_Olivares	25.0
16S_39_Olivares	17.0
16S_39_Olivares	60.0
16S_39_Olivares	26.0
16S_39_Olivares	34.0
16S_39_Olivares	18.0
16S_39_Olivares	38.0
16S_39_Olivares	25.0
16S_39_Olivares	36.0
16S_39_Olivares	25.0
16S_39_Olivares	52.0
16S_39_Olivares	33.0
16S_39_Olivares	67.0
16S_39_Olivares	15.0
16S_39_Olivares	34.0
16S_39_Olivares	42.0
16S_39_Olivares	47.0
16S_39_Olivares	44.0
16S_39_Olivares	37.0
16S_39_Olivares	38.0
16S_39_Olivares	21.0
16S_39_Olivares	38.0
16S_39_Olivares	40.0
16S_39_Olivares	50.0
16S_39_Olivares	51.0
16S_39_Olivares	20.0
16S_39_Olivares	27.0
16S_39_Olivares	30.0
16S_39_Olivares	25.0
16S_39_Olivares	45.0
16S_39_Olivares	11.0
16S_39_Olivares	49.0
16S_39_Olivares	37.0
16S_39_Olivares	83.0
16S_39_Olivares	21.0
