Dataset_ID	Num_Reads_Nonchim
16S_102_Bodkhe	266245.0
16S_102_Bodkhe	141343.0
16S_102_Bodkhe	2195.0
16S_102_Bodkhe	319457.0
16S_102_Bodkhe	193330.0
16S_102_Bodkhe	277511.0
16S_102_Bodkhe	2439.0
16S_102_Bodkhe	318518.0
16S_102_Bodkhe	145997.0
16S_102_Bodkhe	194219.0
16S_102_Bodkhe	151107.0
16S_102_Bodkhe	111277.0
16S_102_Bodkhe	209048.0
16S_102_Bodkhe	259901.0
16S_102_Bodkhe	239584.0
16S_102_Bodkhe	184607.0
16S_102_Bodkhe	175922.0
16S_102_Bodkhe	176209.0
16S_102_Bodkhe	260642.0
16S_102_Bodkhe	234568.0
16S_102_Bodkhe	225670.0
16S_102_Bodkhe	235413.0
16S_102_Bodkhe	265856.0
16S_102_Bodkhe	198020.0
16S_102_Bodkhe	160531.0
16S_102_Bodkhe	207260.0
16S_102_Bodkhe	224444.0
16S_102_Bodkhe	290864.0
16S_102_Bodkhe	165027.0
16S_102_Bodkhe	91743.0
16S_102_Bodkhe	188167.0
16S_102_Bodkhe	189622.0
16S_102_Bodkhe	150856.0
16S_102_Bodkhe	186631.0
16S_102_Bodkhe	311773.0
16S_102_Bodkhe	321231.0
16S_102_Bodkhe	247247.0
16S_102_Bodkhe	260359.0
16S_102_Bodkhe	224194.0
16S_102_Bodkhe	157782.0
16S_102_Bodkhe	194305.0
16S_102_Bodkhe	374261.0
16S_102_Bodkhe	448881.0
16S_102_Bodkhe	350528.0
16S_102_Bodkhe	148630.0
16S_102_Bodkhe	87965.0
16S_102_Bodkhe	119494.0
16S_102_Bodkhe	98692.0
16S_102_Bodkhe	211425.0
16S_102_Bodkhe	173461.0
16S_102_Bodkhe	172269.0
16S_102_Bodkhe	168830.0
16S_102_Bodkhe	178827.0
16S_102_Bodkhe	158113.0
16S_102_Bodkhe	258784.0
16S_102_Bodkhe	234946.0
16S_102_Bodkhe	177753.0
16S_102_Bodkhe	213635.0
16S_102_Bodkhe	275496.0
16S_102_Bodkhe	177837.0
16S_102_Bodkhe	271687.0
16S_102_Bodkhe	235943.0
16S_102_Bodkhe	208840.0
16S_102_Bodkhe	144506.0
16S_102_Bodkhe	266776.0
16S_102_Bodkhe	275780.0
16S_102_Bodkhe	147761.0
16S_102_Bodkhe	215827.0
16S_102_Bodkhe	149794.0
16S_102_Bodkhe	400967.0
16S_102_Bodkhe	184301.0
16S_102_Bodkhe	175186.0
16S_102_Bodkhe	277947.0
16S_102_Bodkhe	206365.0
16S_102_Bodkhe	482380.0
16S_102_Bodkhe	137454.0
16S_102_Bodkhe	338519.0
16S_102_Bodkhe	278562.0
16S_102_Bodkhe	288895.0
16S_102_Bodkhe	256998.0
16S_102_Bodkhe	118279.0
16S_102_Bodkhe	233394.0
16S_102_Bodkhe	143342.0
16S_102_Bodkhe	167334.0
16S_102_Bodkhe	94682.0
16S_102_Bodkhe	125629.0
16S_102_Bodkhe	167737.0
16S_102_Bodkhe	193780.0
16S_102_Bodkhe	224225.0
16S_102_Bodkhe	228588.0
16S_102_Bodkhe	295431.0
16S_102_Bodkhe	310878.0
16S_102_Bodkhe	249574.0
16S_102_Bodkhe	177299.0
16S_102_Bodkhe	182720.0
16S_102_Bodkhe	235515.0
16S_102_Bodkhe	267556.0
16S_102_Bodkhe	182356.0
16S_102_Bodkhe	148934.0
16S_102_Bodkhe	121310.0
16S_102_Bodkhe	74637.0
16S_102_Bodkhe	168514.0
16S_119_Salamon	28262.0
16S_119_Salamon	12780.0
16S_119_Salamon	21813.0
16S_119_Salamon	19941.0
16S_119_Salamon	16352.0
16S_119_Salamon	17254.0
16S_119_Salamon	24428.0
16S_119_Salamon	22146.0
16S_119_Salamon	25869.0
16S_119_Salamon	18730.0
16S_119_Salamon	22853.0
16S_119_Salamon	25185.0
16S_119_Salamon	23417.0
16S_119_Salamon	20883.0
16S_119_Salamon	30048.0
16S_119_Salamon	22913.0
16S_119_Salamon	22498.0
16S_119_Salamon	8497.0
16S_119_Salamon	20580.0
16S_119_Salamon	10455.0
16S_119_Salamon	22957.0
16S_119_Salamon	33271.0
16S_119_Salamon	12989.0
16S_119_Salamon	15893.0
16S_119_Salamon	20618.0
16S_119_Salamon	13042.0
16S_119_Salamon	19875.0
16S_119_Salamon	1677.0
16S_119_Salamon	23068.0
16S_119_Salamon	2148.0
16S_119_Salamon	12235.0
16S_119_Salamon	2636.0
16S_119_Salamon	11580.0
16S_119_Salamon	11516.0
16S_119_Salamon	14023.0
16S_119_Salamon	21394.0
16S_119_Salamon	22575.0
16S_119_Salamon	18502.0
16S_119_Salamon	23337.0
16S_119_Salamon	24016.0
16S_119_Salamon	26729.0
16S_119_Salamon	19435.0
16S_119_Salamon	25529.0
16S_119_Salamon	26191.0
16S_119_Salamon	25301.0
16S_119_Salamon	17911.0
16S_119_Salamon	18562.0
16S_119_Salamon	17019.0
16S_119_Salamon	21124.0
16S_119_Salamon	21660.0
16S_119_Salamon	22027.0
16S_119_Salamon	21059.0
16S_119_Salamon	20815.0
16S_119_Salamon	26171.0
16S_119_Salamon	23505.0
16S_119_Salamon	18464.0
16S_119_Salamon	14504.0
16S_119_Salamon	19278.0
16S_119_Salamon	18333.0
16S_119_Salamon	16591.0
16S_119_Salamon	25892.0
16S_119_Salamon	22266.0
16S_119_Salamon	24899.0
16S_119_Salamon	21706.0
16S_119_Salamon	22279.0
16S_119_Salamon	25538.0
16S_119_Salamon	29575.0
16S_119_Salamon	39939.0
16S_119_Salamon	36175.0
16S_119_Salamon	27870.0
16S_119_Salamon	34286.0
16S_119_Salamon	16200.0
16S_119_Salamon	27854.0
16S_119_Salamon	26873.0
16S_119_Salamon	33716.0
16S_119_Salamon	34943.0
16S_119_Salamon	20393.0
16S_119_Salamon	12977.0
16S_119_Salamon	19359.0
16S_119_Salamon	20508.0
16S_119_Salamon	37254.0
16S_119_Salamon	36015.0
16S_119_Salamon	36347.0
16S_119_Salamon	203923.0
16S_119_Salamon	37064.0
16S_119_Salamon	43801.0
16S_119_Salamon	35337.0
16S_119_Salamon	26582.0
16S_119_Salamon	41803.0
16S_119_Salamon	65553.0
16S_119_Salamon	31294.0
16S_119_Salamon	23055.0
16S_119_Salamon	27165.0
16S_119_Salamon	37829.0
16S_119_Salamon	44662.0
16S_119_Salamon	14402.0
16S_119_Salamon	37097.0
16S_119_Salamon	35161.0
16S_119_Salamon	31411.0
16S_119_Salamon	18915.0
16S_119_Salamon	28601.0
16S_119_Salamon	31223.0
16S_119_Salamon	21442.0
16S_119_Salamon	7253.0
16S_119_Salamon	17502.0
16S_119_Salamon	29580.0
16S_119_Salamon	29736.0
16S_119_Salamon	28670.0
16S_119_Salamon	32935.0
16S_119_Salamon	30240.0
16S_119_Salamon	32464.0
16S_119_Salamon	22912.0
16S_119_Salamon	22222.0
16S_119_Salamon	37020.0
16S_119_Salamon	20542.0
16S_119_Salamon	25229.0
16S_119_Salamon	22752.0
16S_119_Salamon	21396.0
16S_119_Salamon	21952.0
16S_1211_Milletich	76377.0
16S_1211_Milletich	20625.0
16S_1211_Milletich	61544.0
16S_1211_Milletich	46937.0
16S_1211_Milletich	43456.0
16S_1211_Milletich	29397.0
16S_1211_Milletich	76288.0
16S_1211_Milletich	40362.0
16S_1211_Milletich	48971.0
16S_1211_Milletich	35510.0
16S_1211_Milletich	40583.0
16S_1211_Milletich	26538.0
16S_1211_Milletich	52779.0
16S_1211_Milletich	39864.0
16S_1211_Milletich	47182.0
16S_1211_Milletich	26339.0
16S_1211_Milletich	39580.0
16S_1211_Milletich	34282.0
16S_1211_Milletich	44824.0
16S_1211_Milletich	9448.0
16S_1211_Milletich	31127.0
16S_1211_Milletich	33277.0
16S_1211_Milletich	15632.0
16S_1211_Milletich	48068.0
16S_1211_Milletich	44815.0
16S_1211_Milletich	47287.0
16S_1211_Milletich	47068.0
16S_1211_Milletich	43002.0
16S_1211_Milletich	35825.0
16S_1211_Milletich	33351.0
16S_1211_Milletich	38071.0
16S_1211_Milletich	56377.0
16S_1211_Milletich	53247.0
16S_1211_Milletich	44412.0
16S_1211_Milletich	42634.0
16S_1211_Milletich	29117.0
16S_1211_Milletich	34167.0
16S_1211_Milletich	29853.0
16S_1211_Milletich	63151.0
16S_1211_Milletich	41379.0
16S_1211_Milletich	35478.0
16S_1211_Milletich	33125.0
16S_1211_Milletich	25264.0
16S_1211_Milletich	45765.0
16S_1211_Milletich	32352.0
16S_1211_Milletich	45517.0
16S_1211_Milletich	35335.0
16S_1211_Milletich	46196.0
16S_1211_Milletich	28406.0
16S_1211_Milletich	22183.0
16S_1211_Milletich	24526.0
16S_1211_Milletich	29594.0
16S_1211_Milletich	47102.0
16S_1211_Milletich	22933.0
16S_1211_Milletich	29386.0
16S_1211_Milletich	44650.0
16S_1211_Milletich	43718.0
16S_1211_Milletich	38907.0
16S_1211_Milletich	40897.0
16S_1211_Milletich	22833.0
16S_1211_Milletich	48962.0
16S_1211_Milletich	45800.0
16S_1211_Milletich	60109.0
16S_1211_Milletich	57390.0
16S_1211_Milletich	33865.0
16S_1211_Milletich	54440.0
16S_1211_Milletich	39056.0
16S_1211_Milletich	58765.0
16S_1211_Milletich	36695.0
16S_1211_Milletich	42921.0
16S_1211_Milletich	52577.0
16S_1211_Milletich	41304.0
16S_1211_Milletich	55272.0
16S_1211_Milletich	50791.0
16S_1211_Milletich	41150.0
16S_1211_Milletich	50881.0
16S_1211_Milletich	50971.0
16S_1211_Milletich	40835.0
16S_1211_Milletich	53735.0
16S_1211_Milletich	67012.0
16S_1211_Milletich	38940.0
16S_1211_Milletich	54854.0
16S_1211_Milletich	28976.0
16S_1211_Milletich	51229.0
16S_1211_Milletich	27430.0
16S_1211_Milletich	49669.0
16S_1211_Milletich	38578.0
16S_1211_Milletich	32473.0
16S_1211_Milletich	40056.0
16S_1211_Milletich	41888.0
16S_1211_Milletich	59752.0
16S_1211_Milletich	54654.0
16S_1211_Milletich	43538.0
16S_1211_Milletich	19170.0
16S_1211_Milletich	26164.0
16S_1211_Milletich	26958.0
16S_1211_Milletich	59627.0
16S_1211_Milletich	54037.0
16S_1211_Milletich	59224.0
16S_1211_Milletich	60902.0
16S_1211_Milletich	15372.0
16S_1211_Milletich	54803.0
16S_1211_Milletich	69338.0
16S_1211_Milletich	38003.0
16S_1211_Milletich	22051.0
16S_1211_Milletich	53950.0
16S_1211_Milletich	61516.0
16S_1211_Milletich	50806.0
16S_1211_Milletich	55713.0
16S_1211_Milletich	47901.0
16S_1211_Milletich	60311.0
16S_1211_Milletich	36192.0
16S_1211_Milletich	41768.0
16S_1211_Milletich	61077.0
16S_1211_Milletich	53169.0
16S_1211_Milletich	32008.0
16S_1211_Milletich	69881.0
16S_1211_Milletich	47686.0
16S_1211_Milletich	37715.0
16S_1211_Milletich	43709.0
16S_1211_Milletich	68368.0
16S_1211_Milletich	63166.0
16S_1211_Milletich	5208.0
16S_1211_Milletich	80980.0
16S_1211_Milletich	46813.0
16S_1211_Milletich	48718.0
16S_1211_Milletich	48757.0
16S_1211_Milletich	68035.0
16S_1211_Milletich	58830.0
16S_1211_Milletich	70300.0
16S_1211_Milletich	2407.0
16S_1211_Milletich	44108.0
16S_1211_Milletich	43533.0
16S_1211_Milletich	47551.0
16S_1211_Milletich	27389.0
16S_1211_Milletich	47378.0
16S_1211_Milletich	42969.0
16S_1211_Milletich	14298.0
16S_1211_Milletich	32107.0
16S_1211_Milletich	60531.0
16S_1211_Milletich	44598.0
16S_1211_Milletich	58420.0
16S_1211_Milletich	40388.0
16S_1211_Milletich	54845.0
16S_1211_Milletich	65117.0
16S_1211_Milletich	47927.0
16S_1211_Milletich	58247.0
16S_1211_Milletich	34089.0
16S_1211_Milletich	32846.0
16S_1211_Milletich	52359.0
16S_1211_Milletich	80910.0
16S_1211_Milletich	40279.0
16S_1211_Milletich	27029.0
16S_1211_Milletich	69374.0
16S_1211_Milletich	71145.0
16S_1211_Milletich	42957.0
16S_1211_Milletich	15424.0
16S_1211_Milletich	63696.0
16S_1211_Milletich	52766.0
16S_1211_Milletich	6898.0
16S_1211_Milletich	50059.0
16S_1211_Milletich	60295.0
16S_1211_Milletich	28413.0
16S_1211_Milletich	91903.0
16S_1211_Milletich	5086.0
16S_1211_Milletich	62598.0
16S_1211_Milletich	49861.0
16S_1211_Milletich	45914.0
16S_1211_Milletich	50186.0
16S_1211_Milletich	150827.0
16S_1211_Milletich	81210.0
16S_1211_Milletich	52403.0
16S_1211_Milletich	82093.0
16S_1211_Milletich	68551.0
16S_1211_Milletich	49564.0
16S_1211_Milletich	57134.0
16S_1211_Milletich	18776.0
16S_1211_Milletich	76193.0
16S_1211_Milletich	49854.0
16S_1211_Milletich	47337.0
16S_1211_Milletich	57696.0
16S_1211_Milletich	7474.0
16S_1211_Milletich	42935.0
16S_1211_Milletich	39990.0
16S_1211_Milletich	55498.0
16S_1211_Milletich	56980.0
16S_1211_Milletich	2598.0
16S_1211_Milletich	35753.0
16S_1211_Milletich	67237.0
16S_1211_Milletich	44374.0
16S_1211_Milletich	49802.0
16S_1211_Milletich	11656.0
16S_1211_Milletich	40213.0
16S_1211_Milletich	40134.0
16S_1211_Milletich	35248.0
16S_1211_Milletich	52180.0
16S_1211_Milletich	39006.0
16S_1211_Milletich	33944.0
16S_1211_Milletich	50102.0
16S_1211_Milletich	30223.0
16S_1211_Milletich	45537.0
16S_1211_Milletich	8048.0
16S_1211_Milletich	37453.0
16S_1211_Milletich	46785.0
16S_1211_Milletich	45010.0
16S_1211_Milletich	62706.0
16S_1211_Milletich	78636.0
16S_1211_Milletich	89423.0
16S_1211_Milletich	25369.0
16S_1211_Milletich	45332.0
16S_1211_Milletich	12667.0
16S_1211_Milletich	27086.0
16S_1211_Milletich	53843.0
16S_1211_Milletich	36564.0
16S_1211_Milletich	51099.0
16S_1211_Milletich	34761.0
16S_1211_Milletich	32665.0
16S_1211_Milletich	43614.0
16S_1211_Milletich	53547.0
16S_1211_Milletich	29368.0
16S_1211_Milletich	48969.0
16S_1211_Milletich	40388.0
16S_1211_Milletich	61229.0
16S_1211_Milletich	41584.0
16S_1211_Milletich	14313.0
16S_1211_Milletich	26609.0
16S_1211_Milletich	45478.0
16S_1211_Milletich	56431.0
16S_1211_Milletich	61040.0
16S_1211_Milletich	20202.0
16S_1211_Milletich	35325.0
16S_1211_Milletich	1379.0
16S_1211_Milletich	13158.0
16S_1211_Milletich	31406.0
16S_1211_Milletich	43780.0
16S_1211_Milletich	6610.0
16S_1211_Milletich	41127.0
16S_1211_Milletich	52168.0
16S_1211_Milletich	7461.0
16S_1211_Milletich	20307.0
16S_1211_Milletich	28605.0
16S_1211_Milletich	43424.0
16S_1211_Milletich	19713.0
16S_1211_Milletich	28686.0
16S_1211_Milletich	22936.0
16S_1211_Milletich	26816.0
16S_1211_Milletich	16254.0
16S_1211_Milletich	32906.0
16S_1211_Milletich	38231.0
16S_1211_Milletich	47495.0
16S_1211_Milletich	22323.0
16S_1211_Milletich	50891.0
16S_1211_Milletich	31647.0
16S_1211_Milletich	36459.0
16S_1211_Milletich	28790.0
16S_1211_Milletich	43775.0
16S_1211_Milletich	25266.0
16S_1211_Milletich	43382.0
16S_1211_Milletich	36099.0
16S_1211_Milletich	30106.0
16S_1211_Milletich	24147.0
16S_1211_Milletich	43199.0
16S_1211_Milletich	39938.0
16S_1211_Milletich	24922.0
16S_1211_Milletich	26700.0
16S_1211_Milletich	21327.0
16S_1211_Milletich	38288.0
16S_1211_Milletich	36132.0
16S_1211_Milletich	29826.0
16S_1211_Milletich	43875.0
16S_1211_Milletich	49009.0
16S_1211_Milletich	35719.0
16S_1211_Milletich	40246.0
16S_1211_Milletich	33736.0
16S_1211_Milletich	28072.0
16S_1211_Milletich	27162.0
16S_1211_Milletich	48882.0
16S_1211_Milletich	52863.0
16S_1211_Milletich	51475.0
16S_1211_Milletich	48100.0
16S_1211_Milletich	57766.0
16S_1211_Milletich	59648.0
16S_1211_Milletich	61721.0
16S_1211_Milletich	57631.0
16S_1211_Milletich	56583.0
16S_1211_Milletich	60711.0
16S_1211_Milletich	56174.0
16S_1211_Milletich	50804.0
16S_1211_Milletich	35591.0
16S_1211_Milletich	39953.0
16S_1211_Milletich	53306.0
16S_1211_Milletich	18522.0
16S_1211_Milletich	63122.0
16S_1211_Milletich	58084.0
16S_1211_Milletich	27067.0
16S_1211_Milletich	58055.0
16S_1211_Milletich	12349.0
16S_1211_Milletich	79882.0
16S_1211_Milletich	52379.0
16S_1211_Milletich	52908.0
16S_1211_Milletich	42697.0
16S_1211_Milletich	61918.0
16S_1211_Milletich	56572.0
16S_1211_Milletich	11623.0
16S_1211_Milletich	38457.0
16S_1211_Milletich	52895.0
16S_1211_Milletich	39673.0
16S_1211_Milletich	60938.0
16S_1211_Milletich	31890.0
16S_1211_Milletich	27695.0
16S_1211_Milletich	47582.0
16S_1211_Milletich	48593.0
16S_1211_Milletich	45557.0
16S_1211_Milletich	41864.0
16S_1211_Milletich	35046.0
16S_1211_Milletich	49129.0
16S_1211_Milletich	57219.0
16S_1211_Milletich	67870.0
16S_1211_Milletich	59032.0
16S_1211_Milletich	40596.0
16S_1211_Milletich	49271.0
16S_1211_Milletich	50856.0
16S_1211_Milletich	60510.0
16S_1211_Milletich	44039.0
16S_1211_Milletich	40011.0
16S_1211_Milletich	64802.0
16S_1211_Milletich	75648.0
16S_1211_Milletich	49980.0
16S_1211_Milletich	60615.0
16S_1211_Milletich	60527.0
16S_1211_Milletich	53685.0
16S_1211_Milletich	27651.0
16S_1211_Milletich	61248.0
16S_1211_Milletich	49225.0
16S_1211_Milletich	55605.0
16S_1211_Milletich	70471.0
16S_1211_Milletich	48364.0
16S_1211_Milletich	59942.0
16S_1211_Milletich	46870.0
16S_1211_Milletich	51185.0
16S_1211_Milletich	50616.0
16S_1211_Milletich	81262.0
16S_1211_Milletich	64831.0
16S_1211_Milletich	44080.0
16S_1211_Milletich	68763.0
16S_1211_Milletich	63352.0
16S_1211_Milletich	40203.0
16S_1211_Milletich	28835.0
16S_1211_Milletich	29017.0
16S_1211_Milletich	37608.0
16S_1211_Milletich	58155.0
16S_1211_Milletich	44910.0
16S_1211_Milletich	27836.0
16S_1211_Milletich	20934.0
16S_1211_Milletich	24381.0
16S_1211_Milletich	42425.0
16S_1211_Milletich	65286.0
16S_1211_Milletich	47939.0
16S_1211_Milletich	36457.0
16S_1211_Milletich	62967.0
16S_1211_Milletich	102606.0
16S_1211_Milletich	38525.0
16S_1211_Milletich	29220.0
16S_1211_Milletich	88253.0
16S_1211_Milletich	104584.0
16S_1211_Milletich	24042.0
16S_1211_Milletich	20412.0
16S_1211_Milletich	21676.0
16S_1211_Milletich	11771.0
16S_1211_Milletich	11263.0
16S_1211_Milletich	56230.0
16S_1211_Milletich	53009.0
16S_1211_Milletich	67303.0
16S_1211_Milletich	24560.0
16S_1211_Milletich	17702.0
16S_1211_Milletich	45804.0
16S_1211_Milletich	44436.0
16S_1211_Milletich	4892.0
16S_1211_Milletich	42423.0
16S_1211_Milletich	61108.0
16S_1211_Milletich	3595.0
16S_1211_Milletich	29046.0
16S_1211_Milletich	40252.0
16S_1211_Milletich	30954.0
16S_1211_Milletich	27774.0
16S_1211_Milletich	18377.0
16S_1211_Milletich	59131.0
16S_1211_Milletich	47275.0
16S_1211_Milletich	44304.0
16S_1211_Milletich	31281.0
16S_1211_Milletich	38124.0
16S_1211_Milletich	23866.0
16S_1211_Milletich	32456.0
16S_1211_Milletich	22591.0
16S_1211_Milletich	14499.0
16S_1211_Milletich	38844.0
16S_1211_Milletich	39036.0
16S_1211_Milletich	34717.0
16S_1211_Milletich	38506.0
16S_1211_Milletich	41343.0
16S_1211_Milletich	20152.0
16S_1211_Milletich	37933.0
16S_1211_Milletich	46335.0
16S_1211_Milletich	32016.0
16S_1211_Milletich	34833.0
16S_1211_Milletich	19155.0
16S_1211_Milletich	32981.0
16S_1211_Milletich	27853.0
16S_1211_Milletich	24563.0
16S_1211_Milletich	34995.0
16S_1211_Milletich	32762.0
16S_1211_Milletich	24417.0
16S_1211_Milletich	19484.0
16S_1211_Milletich	36308.0
16S_1211_Milletich	39539.0
16S_1211_Milletich	38151.0
16S_1211_Milletich	19778.0
16S_1211_Milletich	47550.0
16S_1211_Milletich	47150.0
16S_1211_Milletich	30503.0
16S_1211_Milletich	41885.0
16S_1211_Milletich	66578.0
16S_1211_Milletich	37069.0
16S_1211_Milletich	16506.0
16S_1211_Milletich	40701.0
16S_1211_Milletich	49690.0
16S_1211_Milletich	39472.0
16S_1211_Milletich	29485.0
16S_1211_Milletich	101168.0
16S_1211_Milletich	70591.0
16S_1211_Milletich	53609.0
16S_1211_Milletich	67049.0
16S_1211_Milletich	47793.0
16S_1211_Milletich	37509.0
16S_1211_Milletich	45085.0
16S_1211_Milletich	50004.0
16S_1211_Milletich	63210.0
16S_1211_Milletich	41731.0
16S_1211_Milletich	35458.0
16S_1211_Milletich	68581.0
16S_1211_Milletich	48922.0
16S_1211_Milletich	39763.0
16S_1211_Milletich	56131.0
16S_1211_Milletich	55325.0
16S_1211_Milletich	34995.0
16S_1211_Milletich	46034.0
16S_1211_Milletich	48105.0
16S_1211_Milletich	27598.0
16S_1211_Milletich	51622.0
16S_1211_Milletich	6071.0
16S_1211_Milletich	44818.0
16S_1211_Milletich	53814.0
16S_1211_Milletich	58946.0
16S_1211_Milletich	48324.0
16S_1211_Milletich	38229.0
16S_1211_Milletich	29917.0
16S_1211_Milletich	64940.0
16S_1211_Milletich	36502.0
16S_1211_Milletich	30340.0
16S_1211_Milletich	56270.0
16S_1211_Milletich	62181.0
16S_1211_Milletich	36411.0
16S_1211_Milletich	37781.0
16S_1211_Milletich	29533.0
16S_1211_Milletich	44171.0
16S_1211_Milletich	58945.0
16S_1211_Milletich	45916.0
16S_1211_Milletich	44046.0
16S_1211_Milletich	50603.0
16S_1211_Milletich	79670.0
16S_1211_Milletich	81865.0
16S_1211_Milletich	47855.0
16S_1211_Milletich	33540.0
16S_1211_Milletich	37327.0
16S_1211_Milletich	51356.0
16S_1211_Milletich	41998.0
16S_1211_Milletich	47044.0
16S_1211_Milletich	64724.0
16S_1211_Milletich	63599.0
16S_1211_Milletich	50808.0
16S_1211_Milletich	38767.0
16S_1211_Milletich	42360.0
16S_1211_Milletich	25646.0
16S_1211_Milletich	35723.0
16S_1211_Milletich	38991.0
16S_1211_Milletich	56981.0
16S_1211_Milletich	48130.0
16S_1211_Milletich	50134.0
16S_1211_Milletich	46733.0
16S_1211_Milletich	32542.0
16S_1211_Milletich	36556.0
16S_1211_Milletich	41332.0
16S_1211_Milletich	41342.0
16S_1211_Milletich	35340.0
16S_1211_Milletich	20625.0
16S_1211_Milletich	43752.0
16S_1211_Milletich	40555.0
16S_1211_Milletich	34946.0
16S_1211_Milletich	37693.0
16S_1211_Milletich	13772.0
16S_1211_Milletich	44092.0
16S_1211_Milletich	19181.0
16S_1211_Milletich	36857.0
16S_1211_Milletich	30930.0
16S_1211_Milletich	19333.0
16S_1211_Milletich	24226.0
16S_1211_Milletich	48922.0
16S_1211_Milletich	37897.0
16S_1211_Milletich	37125.0
16S_1211_Milletich	28041.0
16S_1211_Milletich	32240.0
16S_1211_Milletich	32362.0
16S_1211_Milletich	35594.0
16S_1211_Milletich	29361.0
16S_1211_Milletich	27896.0
16S_1211_Milletich	26060.0
16S_1211_Milletich	37833.0
16S_1211_Milletich	31005.0
16S_1211_Milletich	31135.0
16S_1211_Milletich	40346.0
16S_1211_Milletich	48345.0
16S_1211_Milletich	15095.0
16S_1211_Milletich	46529.0
16S_1211_Milletich	30798.0
16S_1211_Milletich	32185.0
16S_1211_Milletich	43991.0
16S_1211_Milletich	39274.0
16S_1211_Milletich	37867.0
16S_1211_Milletich	59792.0
16S_1211_Milletich	57060.0
16S_1211_Milletich	31104.0
16S_1211_Milletich	38952.0
16S_1211_Milletich	29909.0
16S_1211_Milletich	36527.0
16S_1211_Milletich	48369.0
16S_1211_Milletich	32881.0
16S_1211_Milletich	51328.0
16S_1211_Milletich	47632.0
16S_1211_Milletich	50141.0
16S_1211_Milletich	43345.0
16S_1211_Milletich	41543.0
16S_1211_Milletich	32651.0
16S_1211_Milletich	38471.0
16S_1211_Milletich	57834.0
16S_1211_Milletich	50495.0
16S_1211_Milletich	71897.0
16S_1211_Milletich	50461.0
16S_1211_Milletich	16248.0
16S_1211_Milletich	57091.0
16S_1211_Milletich	104710.0
16S_1211_Milletich	49319.0
16S_1211_Milletich	49937.0
16S_1211_Milletich	60387.0
16S_1211_Milletich	49338.0
16S_1211_Milletich	56412.0
16S_1211_Milletich	57851.0
16S_1211_Milletich	51419.0
16S_1211_Milletich	45161.0
16S_1211_Milletich	50426.0
16S_1211_Milletich	40174.0
16S_1211_Milletich	38085.0
16S_1211_Milletich	72375.0
16S_1211_Milletich	54337.0
16S_1211_Milletich	29205.0
16S_1211_Milletich	76839.0
16S_1211_Milletich	55661.0
16S_1211_Milletich	51836.0
16S_1211_Milletich	40150.0
16S_1211_Milletich	63306.0
16S_1211_Milletich	63770.0
16S_1211_Milletich	74902.0
16S_1211_Milletich	73053.0
16S_1211_Milletich	98542.0
16S_1211_Milletich	52026.0
16S_1211_Milletich	58831.0
16S_1211_Milletich	72768.0
16S_1211_Milletich	61669.0
16S_1211_Milletich	46379.0
16S_1211_Milletich	20632.0
16S_1211_Milletich	51095.0
16S_1211_Milletich	56515.0
16S_1211_Milletich	49279.0
16S_1211_Milletich	62712.0
16S_1211_Milletich	61221.0
16S_1211_Milletich	74899.0
16S_1211_Milletich	74474.0
16S_1211_Milletich	54016.0
16S_1211_Milletich	47441.0
16S_1211_Milletich	63647.0
16S_1211_Milletich	45132.0
16S_1211_Milletich	67251.0
16S_1211_Milletich	79149.0
16S_1211_Milletich	42894.0
16S_1211_Milletich	46382.0
16S_1211_Milletich	14191.0
16S_1211_Milletich	45043.0
16S_1211_Milletich	59157.0
16S_1211_Milletich	70186.0
16S_1211_Milletich	51769.0
16S_1211_Milletich	56365.0
16S_1211_Milletich	36992.0
16S_1211_Milletich	60604.0
16S_1211_Milletich	64353.0
16S_1211_Milletich	73447.0
16S_1211_Milletich	24468.0
16S_1211_Milletich	63558.0
16S_1211_Milletich	60713.0
16S_1211_Milletich	42275.0
16S_1211_Milletich	64326.0
16S_1211_Milletich	35502.0
16S_1211_Milletich	55683.0
16S_1211_Milletich	37848.0
16S_1211_Milletich	55615.0
16S_1211_Milletich	9533.0
16S_1211_Milletich	53454.0
16S_1211_Milletich	28394.0
16S_1211_Milletich	52617.0
16S_1211_Milletich	76557.0
16S_1211_Milletich	233014.0
16S_1211_Milletich	57018.0
16S_1211_Milletich	65452.0
16S_1211_Milletich	37678.0
16S_1211_Milletich	99660.0
16S_1211_Milletich	54801.0
16S_1211_Milletich	63032.0
16S_1211_Milletich	74805.0
16S_1211_Milletich	55105.0
16S_1211_Milletich	70979.0
16S_1211_Milletich	59901.0
16S_1211_Milletich	72912.0
16S_1211_Milletich	46367.0
16S_1211_Milletich	36160.0
16S_1211_Milletich	24153.0
16S_1211_Milletich	63844.0
16S_1211_Milletich	54893.0
16S_1211_Milletich	56637.0
16S_1211_Milletich	36150.0
16S_1211_Milletich	26993.0
16S_1211_Milletich	68047.0
16S_1211_Milletich	62538.0
16S_1211_Milletich	76454.0
16S_1211_Milletich	36317.0
16S_1211_Milletich	40010.0
16S_1211_Milletich	54462.0
16S_1211_Milletich	43207.0
16S_1211_Milletich	53261.0
16S_1211_Milletich	27879.0
16S_1211_Milletich	18229.0
16S_1211_Milletich	29819.0
16S_1211_Milletich	5523.0
16S_1211_Milletich	47995.0
16S_1211_Milletich	70712.0
16S_1211_Milletich	29963.0
16S_1211_Milletich	60184.0
16S_1211_Milletich	61454.0
16S_1211_Milletich	14728.0
16S_1211_Milletich	45445.0
16S_1211_Milletich	71284.0
16S_1211_Milletich	33259.0
16S_1211_Milletich	193206.0
16S_1211_Milletich	38245.0
16S_1211_Milletich	42452.0
16S_1211_Milletich	37690.0
16S_1211_Milletich	58381.0
16S_1211_Milletich	66785.0
16S_1211_Milletich	44563.0
16S_1211_Milletich	51890.0
16S_1211_Milletich	48846.0
16S_1211_Milletich	47276.0
16S_1211_Milletich	39069.0
16S_1211_Milletich	20092.0
16S_1211_Milletich	40117.0
16S_1211_Milletich	25284.0
16S_1211_Milletich	51087.0
16S_1211_Milletich	2308.0
16S_1211_Milletich	56865.0
16S_1211_Milletich	50822.0
16S_1211_Milletich	33704.0
16S_1211_Milletich	51438.0
16S_1211_Milletich	27149.0
16S_1211_Milletich	63051.0
16S_1211_Milletich	47124.0
16S_1211_Milletich	57875.0
16S_1211_Milletich	55471.0
16S_1211_Milletich	71657.0
16S_1211_Milletich	58103.0
16S_1211_Milletich	57709.0
16S_1211_Milletich	27608.0
16S_1211_Milletich	40934.0
16S_1211_Milletich	37767.0
16S_1211_Milletich	39714.0
16S_1211_Milletich	30149.0
16S_1211_Milletich	67207.0
16S_1211_Milletich	35606.0
16S_1211_Milletich	34026.0
16S_1211_Milletich	51550.0
16S_1211_Milletich	51693.0
16S_1211_Milletich	41710.0
16S_1211_Milletich	72205.0
16S_1211_Milletich	40063.0
16S_1211_Milletich	34850.0
16S_1211_Milletich	66652.0
16S_1211_Milletich	23535.0
16S_1211_Milletich	54954.0
16S_1211_Milletich	34786.0
16S_1211_Milletich	21682.0
16S_1211_Milletich	41496.0
16S_1211_Milletich	40857.0
16S_1211_Milletich	34523.0
16S_1211_Milletich	29579.0
16S_1211_Milletich	28827.0
16S_1211_Milletich	27950.0
16S_1211_Milletich	32020.0
16S_1211_Milletich	43709.0
16S_1211_Milletich	25855.0
16S_1211_Milletich	28669.0
16S_1211_Milletich	39424.0
16S_1211_Milletich	31634.0
16S_1211_Milletich	17029.0
16S_1211_Milletich	29577.0
16S_1211_Milletich	27406.0
16S_1211_Milletich	52046.0
16S_1211_Milletich	9416.0
16S_1211_Milletich	69720.0
16S_1211_Milletich	27062.0
16S_1211_Milletich	49734.0
16S_1211_Milletich	62784.0
16S_1211_Milletich	22275.0
16S_1211_Milletich	18473.0
16S_1211_Milletich	59257.0
16S_1211_Milletich	58883.0
16S_1211_Milletich	13662.0
16S_1211_Milletich	34734.0
16S_1211_Milletich	33115.0
16S_1211_Milletich	97430.0
16S_1211_Milletich	10427.0
16S_1211_Milletich	24192.0
16S_1211_Milletich	43520.0
16S_1211_Milletich	21983.0
16S_1211_Milletich	18421.0
16S_1211_Milletich	42357.0
16S_1211_Milletich	39422.0
16S_1211_Milletich	44626.0
16S_1211_Milletich	42780.0
16S_1211_Milletich	36864.0
16S_1211_Milletich	64555.0
16S_1211_Milletich	24431.0
16S_1211_Milletich	38484.0
16S_1211_Milletich	29459.0
16S_1211_Milletich	21798.0
16S_1211_Milletich	39317.0
16S_1211_Milletich	38968.0
16S_1211_Milletich	31805.0
16S_1211_Milletich	25229.0
16S_1211_Milletich	32700.0
16S_1211_Milletich	34065.0
16S_1211_Milletich	28773.0
16S_1211_Milletich	33784.0
16S_1211_Milletich	37249.0
16S_1211_Milletich	52505.0
16S_1211_Milletich	26046.0
16S_1211_Milletich	129156.0
16S_1211_Milletich	32663.0
16S_1211_Milletich	35402.0
16S_1211_Milletich	34653.0
16S_1211_Milletich	28414.0
16S_1211_Milletich	33413.0
16S_1211_Milletich	43778.0
16S_1211_Milletich	32780.0
16S_1211_Milletich	11512.0
16S_1211_Milletich	40746.0
16S_1211_Milletich	36793.0
16S_1211_Milletich	18870.0
16S_1211_Milletich	41051.0
16S_1211_Milletich	41191.0
16S_1211_Milletich	21542.0
16S_1211_Milletich	16168.0
16S_1211_Milletich	21799.0
16S_1211_Milletich	47963.0
16S_1211_Milletich	43470.0
16S_1211_Milletich	19480.0
16S_1211_Milletich	33714.0
16S_1211_Milletich	33989.0
16S_1211_Milletich	20070.0
16S_1211_Milletich	13489.0
16S_1211_Milletich	17209.0
16S_1211_Milletich	37282.0
16S_1211_Milletich	31526.0
16S_1211_Milletich	36730.0
16S_1211_Milletich	16091.0
16S_1211_Milletich	47009.0
16S_1211_Milletich	33017.0
16S_1211_Milletich	12377.0
16S_1211_Milletich	38128.0
16S_1211_Milletich	16758.0
16S_1211_Milletich	37142.0
16S_1211_Milletich	15965.0
16S_1211_Milletich	25526.0
16S_1211_Milletich	28185.0
16S_1211_Milletich	41755.0
16S_1211_Milletich	29354.0
16S_1211_Milletich	39789.0
16S_1211_Milletich	23303.0
16S_1211_Milletich	28642.0
16S_1211_Milletich	27729.0
16S_1211_Milletich	13681.0
16S_1211_Milletich	31912.0
16S_1211_Milletich	36524.0
16S_1211_Milletich	18074.0
16S_1211_Milletich	42243.0
16S_1211_Milletich	5224.0
16S_1211_Milletich	26583.0
16S_1211_Milletich	35482.0
16S_1211_Milletich	39558.0
16S_1211_Milletich	28327.0
16S_1211_Milletich	33862.0
16S_1211_Milletich	29313.0
16S_1211_Milletich	29411.0
16S_1211_Milletich	33206.0
16S_1211_Milletich	24681.0
16S_1211_Milletich	40212.0
16S_1211_Milletich	40120.0
16S_1211_Milletich	20127.0
16S_1211_Milletich	15065.0
16S_1211_Milletich	9588.0
16S_1211_Milletich	62830.0
16S_1211_Milletich	35672.0
16S_1211_Milletich	42989.0
16S_1211_Milletich	33733.0
16S_1211_Milletich	34397.0
16S_1211_Milletich	43360.0
16S_1211_Milletich	37315.0
16S_1211_Milletich	48387.0
16S_1211_Milletich	59646.0
16S_1211_Milletich	52814.0
16S_1211_Milletich	29998.0
16S_1211_Milletich	13297.0
16S_1211_Milletich	42025.0
16S_1211_Milletich	37414.0
16S_1211_Milletich	68292.0
16S_1211_Milletich	40798.0
16S_1211_Milletich	55366.0
16S_1211_Milletich	42369.0
16S_1211_Milletich	62409.0
16S_1211_Milletich	30787.0
16S_1211_Milletich	13206.0
16S_1211_Milletich	94796.0
16S_1211_Milletich	64413.0
16S_1211_Milletich	26587.0
16S_1211_Milletich	34184.0
16S_1211_Milletich	39386.0
16S_1211_Milletich	26205.0
16S_1211_Milletich	202043.0
16S_1211_Milletich	37298.0
16S_1211_Milletich	51272.0
16S_1211_Milletich	47527.0
16S_1211_Milletich	50674.0
16S_1211_Milletich	46347.0
16S_1211_Milletich	45991.0
16S_1211_Milletich	18549.0
16S_1211_Milletich	24143.0
16S_1211_Milletich	50378.0
16S_1211_Milletich	51471.0
16S_1211_Milletich	48780.0
16S_1211_Milletich	17927.0
16S_1211_Milletich	60673.0
16S_1211_Milletich	30050.0
16S_1211_Milletich	45104.0
16S_1211_Milletich	51958.0
16S_1211_Milletich	104898.0
16S_1211_Milletich	36983.0
16S_1211_Milletich	279212.0
16S_1211_Milletich	54890.0
16S_1211_Milletich	26068.0
16S_1211_Milletich	40810.0
16S_1211_Milletich	36261.0
16S_1211_Milletich	27386.0
16S_1211_Milletich	25886.0
16S_1211_Milletich	46860.0
16S_1211_Milletich	2141.0
16S_1211_Milletich	38008.0
16S_1211_Milletich	22176.0
16S_1211_Milletich	37958.0
16S_1211_Milletich	40375.0
16S_1211_Milletich	73778.0
16S_1211_Milletich	45591.0
16S_1211_Milletich	58201.0
16S_1211_Milletich	24196.0
16S_1211_Milletich	45379.0
16S_1211_Milletich	46593.0
16S_1211_Milletich	36967.0
16S_1211_Milletich	86872.0
16S_1211_Milletich	64023.0
16S_1211_Milletich	45517.0
16S_1211_Milletich	48393.0
16S_1211_Milletich	30920.0
16S_1211_Milletich	54981.0
16S_1211_Milletich	53227.0
16S_1211_Milletich	42671.0
16S_1211_Milletich	61840.0
16S_1211_Milletich	33933.0
16S_1211_Milletich	23616.0
16S_1211_Milletich	19654.0
16S_1211_Milletich	71458.0
16S_1211_Milletich	37844.0
16S_1211_Milletich	40370.0
16S_1211_Milletich	32488.0
16S_1211_Milletich	34390.0
16S_1211_Milletich	59272.0
16S_1211_Milletich	33249.0
16S_1211_Milletich	39167.0
16S_1211_Milletich	75099.0
16S_1211_Milletich	40878.0
16S_1211_Milletich	35549.0
16S_1211_Milletich	41797.0
16S_1211_Milletich	37369.0
16S_1211_Milletich	24213.0
16S_1211_Milletich	40165.0
16S_1211_Milletich	53528.0
16S_1211_Milletich	30958.0
16S_1211_Milletich	48191.0
16S_1211_Milletich	46326.0
16S_1211_Milletich	28003.0
16S_1211_Milletich	41873.0
16S_1211_Milletich	67342.0
16S_1211_Milletich	42401.0
16S_1211_Milletich	47065.0
16S_1211_Milletich	4342.0
16S_1211_Milletich	40486.0
16S_1211_Milletich	56996.0
16S_1211_Milletich	42005.0
16S_1211_Milletich	36806.0
16S_1211_Milletich	30874.0
16S_1211_Milletich	29748.0
16S_1211_Milletich	31348.0
16S_1211_Milletich	26110.0
16S_1211_Milletich	16260.0
16S_1211_Milletich	36761.0
16S_1211_Milletich	52148.0
16S_1211_Milletich	49876.0
16S_1211_Milletich	34943.0
16S_1211_Milletich	58234.0
16S_1211_Milletich	35486.0
16S_1211_Milletich	23615.0
16S_1211_Milletich	29346.0
16S_1211_Milletich	36329.0
16S_1211_Milletich	18497.0
16S_1211_Milletich	32376.0
16S_1211_Milletich	42269.0
16S_1211_Milletich	40058.0
16S_1211_Milletich	41253.0
16S_1211_Milletich	44097.0
16S_1211_Milletich	29222.0
16S_1211_Milletich	78340.0
16S_1211_Milletich	10455.0
16S_1211_Milletich	37945.0
16S_1211_Milletich	32682.0
16S_1211_Milletich	18337.0
16S_1211_Milletich	40812.0
16S_1211_Milletich	20535.0
16S_1211_Milletich	30760.0
16S_1211_Milletich	17654.0
16S_1211_Milletich	40038.0
16S_1211_Milletich	18603.0
16S_1211_Milletich	24105.0
16S_1211_Milletich	36306.0
16S_1211_Milletich	38134.0
16S_1211_Milletich	24648.0
16S_1211_Milletich	42563.0
16S_1211_Milletich	32672.0
16S_1211_Milletich	35743.0
16S_1211_Milletich	35390.0
16S_1211_Milletich	32521.0
16S_1211_Milletich	11432.0
16S_1211_Milletich	33698.0
16S_1211_Milletich	56433.0
16S_1211_Milletich	16313.0
16S_1211_Milletich	36128.0
16S_1211_Milletich	30697.0
16S_1211_Milletich	18193.0
16S_1211_Milletich	39190.0
16S_1211_Milletich	20349.0
16S_1211_Milletich	9837.0
16S_1211_Milletich	52779.0
16S_1211_Milletich	41981.0
16S_1211_Milletich	57244.0
16S_1211_Milletich	14825.0
16S_1211_Milletich	40334.0
16S_1211_Milletich	51345.0
16S_1211_Milletich	28320.0
16S_1211_Milletich	41460.0
16S_1211_Milletich	44875.0
16S_1211_Milletich	41419.0
16S_1211_Milletich	38565.0
16S_1211_Milletich	47330.0
16S_1211_Milletich	46678.0
16S_1211_Milletich	45864.0
16S_1211_Milletich	36083.0
16S_1211_Milletich	44737.0
16S_1211_Milletich	33460.0
16S_1211_Milletich	40520.0
16S_1211_Milletich	46816.0
16S_1211_Milletich	42878.0
16S_1211_Milletich	34053.0
16S_1211_Milletich	35157.0
16S_1211_Milletich	3332.0
16S_1211_Milletich	43728.0
16S_1211_Milletich	37529.0
16S_1211_Milletich	44379.0
16S_1211_Milletich	47125.0
16S_1211_Milletich	42019.0
16S_1211_Milletich	37005.0
16S_1211_Milletich	39787.0
16S_1211_Milletich	46840.0
16S_1211_Milletich	31352.0
16S_1211_Milletich	49328.0
16S_1211_Milletich	37156.0
16S_1211_Milletich	27422.0
16S_1211_Milletich	37238.0
16S_1211_Milletich	20252.0
16S_1211_Milletich	48288.0
16S_1211_Milletich	14379.0
16S_1211_Milletich	33272.0
16S_1211_Milletich	33084.0
16S_1211_Milletich	35775.0
16S_1211_Milletich	41006.0
16S_1211_Milletich	29758.0
16S_1211_Milletich	36310.0
16S_1211_Milletich	27884.0
16S_1211_Milletich	37543.0
16S_1211_Milletich	21892.0
16S_1211_Milletich	23734.0
16S_1211_Milletich	24148.0
16S_1211_Milletich	40958.0
16S_1211_Milletich	28263.0
16S_1211_Milletich	30097.0
16S_1211_Milletich	63573.0
16S_1211_Milletich	31492.0
16S_1211_Milletich	29593.0
16S_1211_Milletich	61655.0
16S_1211_Milletich	36311.0
16S_1211_Milletich	24400.0
16S_1211_Milletich	43538.0
16S_1211_Milletich	81053.0
16S_1211_Milletich	38645.0
16S_1211_Milletich	31893.0
16S_1211_Milletich	39904.0
16S_1211_Milletich	35293.0
16S_1211_Milletich	37745.0
16S_1211_Milletich	34779.0
16S_1211_Milletich	35162.0
16S_1211_Milletich	32843.0
16S_1211_Milletich	58772.0
16S_1211_Milletich	10365.0
16S_1211_Milletich	31181.0
16S_1211_Milletich	64670.0
16S_1211_Milletich	34207.0
16S_1211_Milletich	59779.0
16S_1211_Milletich	40718.0
16S_1211_Milletich	37442.0
16S_1211_Milletich	25015.0
16S_1211_Milletich	22905.0
16S_1211_Milletich	35212.0
16S_1211_Milletich	20287.0
16S_1211_Milletich	46302.0
16S_1211_Milletich	32716.0
16S_1211_Milletich	78768.0
16S_1211_Milletich	33005.0
16S_1211_Milletich	31561.0
16S_1211_Milletich	50186.0
16S_1211_Milletich	46529.0
16S_1211_Milletich	26281.0
16S_1211_Milletich	29106.0
16S_1211_Milletich	44429.0
16S_1211_Milletich	37892.0
16S_1211_Milletich	24495.0
16S_1211_Milletich	30574.0
16S_1211_Milletich	44203.0
16S_1211_Milletich	27066.0
16S_1211_Milletich	40159.0
16S_1211_Milletich	45474.0
16S_1211_Milletich	25696.0
16S_1211_Milletich	25436.0
16S_1211_Milletich	26134.0
16S_1211_Milletich	25524.0
16S_1211_Milletich	27157.0
16S_1211_Milletich	22511.0
16S_1211_Milletich	25350.0
16S_1211_Milletich	45384.0
16S_1211_Milletich	28175.0
16S_1211_Milletich	30626.0
16S_1211_Milletich	35128.0
16S_1211_Milletich	46179.0
16S_1211_Milletich	36593.0
16S_1211_Milletich	28223.0
16S_1211_Milletich	17101.0
16S_1211_Milletich	24698.0
16S_1211_Milletich	57377.0
16S_1211_Milletich	33059.0
16S_1211_Milletich	42730.0
16S_1211_Milletich	56915.0
16S_1211_Milletich	2525.0
16S_1211_Milletich	21469.0
16S_1211_Milletich	27406.0
16S_1211_Milletich	58297.0
16S_1211_Milletich	43154.0
16S_1211_Milletich	54370.0
16S_1211_Milletich	23936.0
16S_1211_Milletich	54669.0
16S_1211_Milletich	34141.0
16S_1211_Milletich	12772.0
16S_1211_Milletich	42945.0
16S_1211_Milletich	18959.0
16S_1211_Milletich	26332.0
16S_1211_Milletich	41995.0
16S_1211_Milletich	42146.0
16S_1211_Milletich	42405.0
16S_1211_Milletich	42503.0
16S_1211_Milletich	34850.0
16S_1211_Milletich	36623.0
16S_1211_Milletich	40949.0
16S_1211_Milletich	40635.0
16S_1211_Milletich	32676.0
16S_1211_Milletich	6846.0
16S_1211_Milletich	57470.0
16S_1211_Milletich	53803.0
16S_1211_Milletich	38500.0
16S_1211_Milletich	33402.0
16S_1211_Milletich	35076.0
16S_1211_Milletich	42251.0
16S_1211_Milletich	63748.0
16S_1211_Milletich	35541.0
16S_1211_Milletich	38245.0
16S_1211_Milletich	46157.0
16S_1211_Milletich	41575.0
16S_1211_Milletich	46866.0
16S_1211_Milletich	29674.0
16S_1211_Milletich	42196.0
16S_1211_Milletich	43616.0
16S_1211_Milletich	1229.0
16S_1211_Milletich	59758.0
16S_1211_Milletich	49998.0
16S_1211_Milletich	43074.0
16S_1211_Milletich	37011.0
16S_1211_Milletich	39260.0
16S_1211_Milletich	38490.0
16S_1211_Milletich	30066.0
16S_1211_Milletich	35613.0
16S_1211_Milletich	35583.0
16S_1211_Milletich	57911.0
16S_1211_Milletich	54845.0
16S_1211_Milletich	37214.0
16S_1211_Milletich	33020.0
16S_1211_Milletich	29285.0
16S_1211_Milletich	42474.0
16S_1211_Milletich	37171.0
16S_1211_Milletich	9658.0
16S_1211_Milletich	17561.0
16S_1211_Milletich	14485.0
16S_1211_Milletich	31709.0
16S_1211_Milletich	22946.0
16S_1211_Milletich	37118.0
16S_1211_Milletich	44844.0
16S_1211_Milletich	22853.0
16S_1211_Milletich	17630.0
16S_1211_Milletich	55011.0
16S_1211_Milletich	37978.0
16S_1211_Milletich	43356.0
16S_1211_Milletich	28470.0
16S_1211_Milletich	18069.0
16S_1211_Milletich	48529.0
16S_1211_Milletich	21640.0
16S_1211_Milletich	32071.0
16S_1211_Milletich	39298.0
16S_1211_Milletich	22382.0
16S_1211_Milletich	37068.0
16S_1211_Milletich	34781.0
16S_1211_Milletich	29379.0
16S_1211_Milletich	37335.0
16S_1211_Milletich	20374.0
16S_1211_Milletich	32334.0
16S_1211_Milletich	41419.0
16S_1211_Milletich	33166.0
16S_1211_Milletich	42627.0
16S_1211_Milletich	15470.0
16S_1211_Milletich	40065.0
16S_1211_Milletich	26175.0
16S_1211_Milletich	56983.0
16S_1211_Milletich	55368.0
16S_1211_Milletich	31030.0
16S_1211_Milletich	50256.0
16S_1211_Milletich	40617.0
16S_1211_Milletich	47551.0
16S_1211_Milletich	29783.0
16S_1211_Milletich	41466.0
16S_1211_Milletich	5363.0
16S_1211_Milletich	31294.0
16S_1211_Milletich	39223.0
16S_1211_Milletich	38259.0
16S_1211_Milletich	47183.0
16S_1211_Milletich	35627.0
16S_1211_Milletich	38057.0
16S_1211_Milletich	39176.0
16S_1211_Milletich	53770.0
16S_1211_Milletich	46113.0
16S_1211_Milletich	47115.0
16S_1211_Milletich	4924.0
16S_1211_Milletich	86400.0
16S_1211_Milletich	33984.0
16S_1211_Milletich	32046.0
16S_1211_Milletich	42402.0
16S_136_Nobel	23051.0
16S_136_Nobel	44672.0
16S_136_Nobel	51288.0
16S_136_Nobel	49572.0
16S_136_Nobel	42683.0
16S_136_Nobel	43692.0
16S_136_Nobel	14697.0
16S_136_Nobel	23275.0
16S_136_Nobel	24575.0
16S_136_Nobel	28553.0
16S_136_Nobel	27136.0
16S_136_Nobel	17199.0
16S_136_Nobel	22828.0
16S_136_Nobel	24471.0
16S_136_Nobel	21874.0
16S_136_Nobel	15050.0
16S_136_Nobel	20584.0
16S_136_Nobel	22648.0
16S_136_Nobel	22033.0
16S_136_Nobel	21790.0
16S_136_Nobel	13353.0
16S_136_Nobel	18992.0
16S_136_Nobel	18639.0
16S_136_Nobel	20091.0
16S_136_Nobel	14332.0
16S_136_Nobel	18212.0
16S_136_Nobel	17331.0
16S_136_Nobel	17856.0
16S_136_Nobel	20223.0
16S_136_Nobel	16421.0
16S_136_Nobel	13526.0
16S_136_Nobel	15461.0
16S_136_Nobel	19920.0
16S_136_Nobel	20359.0
16S_136_Nobel	21385.0
16S_136_Nobel	34389.0
16S_136_Nobel	22652.0
16S_136_Nobel	29656.0
16S_136_Nobel	20763.0
16S_136_Nobel	30416.0
16S_136_Nobel	29303.0
16S_136_Nobel	17391.0
16S_136_Nobel	21889.0
16S_136_Nobel	27577.0
16S_136_Nobel	27076.0
16S_136_Nobel	34499.0
16S_136_Nobel	35437.0
16S_136_Nobel	32515.0
16S_136_Nobel	33131.0
16S_136_Nobel	26373.0
16S_136_Nobel	29509.0
16S_136_Nobel	25708.0
16S_136_Nobel	33477.0
16S_136_Nobel	25739.0
16S_136_Nobel	24680.0
16S_136_Nobel	28465.0
16S_136_Nobel	28577.0
16S_136_Nobel	23061.0
16S_136_Nobel	19771.0
16S_136_Nobel	22945.0
16S_136_Nobel	31315.0
16S_136_Nobel	26307.0
16S_136_Nobel	21531.0
16S_136_Nobel	41875.0
16S_136_Nobel	36249.0
16S_136_Nobel	23877.0
16S_136_Nobel	37494.0
16S_136_Nobel	28119.0
16S_136_Nobel	21151.0
16S_136_Nobel	35673.0
16S_136_Nobel	16940.0
16S_136_Nobel	21683.0
16S_136_Nobel	27756.0
16S_136_Nobel	29590.0
16S_136_Nobel	39448.0
16S_136_Nobel	24227.0
16S_136_Nobel	14144.0
16S_136_Nobel	26885.0
16S_136_Nobel	21156.0
16S_136_Nobel	31683.0
16S_136_Nobel	31275.0
16S_136_Nobel	23415.0
16S_136_Nobel	33245.0
16S_136_Nobel	35334.0
16S_136_Nobel	19762.0
16S_136_Nobel	20518.0
16S_136_Nobel	22065.0
16S_136_Nobel	18243.0
16S_136_Nobel	38620.0
16S_136_Nobel	18441.0
16S_136_Nobel	24287.0
16S_136_Nobel	27824.0
16S_136_Nobel	27916.0
16S_136_Nobel	18362.0
16S_136_Nobel	22488.0
16S_136_Nobel	26744.0
16S_136_Nobel	26235.0
16S_136_Nobel	21237.0
16S_136_Nobel	29183.0
16S_136_Nobel	26482.0
16S_136_Nobel	28090.0
16S_136_Nobel	22619.0
16S_136_Nobel	13759.0
16S_136_Nobel	19796.0
16S_136_Nobel	23203.0
16S_136_Nobel	25425.0
16S_136_Nobel	18303.0
16S_136_Nobel	23348.0
16S_136_Nobel	22189.0
16S_136_Nobel	20584.0
16S_136_Nobel	27996.0
16S_136_Nobel	16342.0
16S_136_Nobel	18745.0
16S_136_Nobel	21187.0
16S_136_Nobel	24423.0
16S_136_Nobel	16959.0
16S_136_Nobel	15727.0
16S_136_Nobel	19512.0
16S_136_Nobel	19148.0
16S_136_Nobel	9865.0
16S_136_Nobel	21836.0
16S_136_Nobel	16334.0
16S_136_Nobel	19075.0
16S_136_Nobel	19839.0
16S_136_Nobel	15074.0
16S_136_Nobel	18646.0
16S_136_Nobel	17963.0
16S_136_Nobel	36448.0
16S_136_Nobel	18817.0
16S_136_Nobel	19373.0
16S_136_Nobel	19819.0
16S_136_Nobel	21058.0
16S_136_Nobel	19684.0
16S_136_Nobel	21969.0
16S_136_Nobel	26364.0
16S_136_Nobel	27087.0
16S_179_Verdu	69618.0
16S_179_Verdu	95720.0
16S_179_Verdu	100091.0
16S_179_Verdu	67556.0
16S_179_Verdu	109346.0
16S_179_Verdu	49280.0
16S_179_Verdu	76863.0
16S_179_Verdu	93064.0
16S_179_Verdu	85394.0
16S_179_Verdu	91612.0
16S_179_Verdu	76406.0
16S_179_Verdu	92128.0
16S_179_Verdu	70118.0
16S_179_Verdu	67091.0
16S_179_Verdu	66361.0
16S_179_Verdu	25859.0
16S_179_Verdu	83736.0
16S_179_Verdu	78704.0
16S_179_Verdu	72962.0
16S_179_Verdu	71139.0
16S_179_Verdu	68446.0
16S_179_Verdu	66497.0
16S_179_Verdu	53643.0
16S_179_Verdu	75717.0
16S_179_Verdu	70085.0
16S_179_Verdu	72739.0
16S_179_Verdu	74832.0
16S_179_Verdu	80779.0
16S_179_Verdu	30662.0
16S_179_Verdu	69721.0
16S_179_Verdu	60765.0
16S_179_Verdu	68211.0
16S_179_Verdu	31326.0
16S_179_Verdu	66268.0
16S_179_Verdu	22613.0
16S_179_Verdu	33565.0
16S_179_Verdu	40551.0
16S_179_Verdu	75498.0
16S_179_Verdu	28328.0
16S_179_Verdu	42510.0
16S_179_Verdu	50261.0
16S_179_Verdu	25879.0
16S_179_Verdu	9780.0
16S_179_Verdu	20603.0
16S_179_Verdu	34488.0
16S_179_Verdu	87095.0
16S_179_Verdu	12917.0
16S_179_Verdu	27583.0
16S_179_Verdu	39297.0
16S_179_Verdu	229632.0
16S_179_Verdu	209119.0
16S_179_Verdu	152681.0
16S_179_Verdu	163157.0
16S_179_Verdu	331005.0
16S_179_Verdu	223276.0
16S_179_Verdu	275639.0
16S_179_Verdu	27599.0
16S_179_Verdu	219141.0
16S_179_Verdu	53110.0
16S_179_Verdu	220507.0
16S_179_Verdu	211420.0
16S_179_Verdu	145274.0
16S_179_Verdu	49636.0
16S_179_Verdu	28920.0
16S_179_Verdu	33098.0
16S_179_Verdu	1155.0
16S_179_Verdu	62726.0
16S_179_Verdu	12965.0
16S_179_Verdu	12445.0
16S_179_Verdu	32557.0
16S_179_Verdu	15841.0
16S_179_Verdu	38650.0
16S_179_Verdu	24368.0
16S_179_Verdu	55273.0
16S_179_Verdu	43031.0
16S_179_Verdu	27091.0
16S_179_Verdu	49881.0
16S_179_Verdu	84109.0
16S_179_Verdu	62705.0
16S_179_Verdu	54881.0
16S_179_Verdu	58275.0
16S_179_Verdu	21421.0
16S_179_Verdu	43351.0
16S_179_Verdu	31884.0
16S_179_Verdu	41893.0
16S_179_Verdu	43529.0
16S_179_Verdu	59718.0
16S_179_Verdu	21792.0
16S_179_Verdu	84001.0
16S_179_Verdu	23623.0
16S_179_Verdu	38873.0
16S_179_Verdu	40730.0
16S_179_Verdu	25969.0
16S_179_Verdu	33515.0
16S_179_Verdu	52142.0
16S_179_Verdu	132023.0
16S_179_Verdu	92437.0
16S_179_Verdu	91727.0
16S_179_Verdu	107467.0
16S_179_Verdu	37019.0
16S_179_Verdu	36741.0
16S_179_Verdu	54005.0
16S_179_Verdu	111143.0
16S_179_Verdu	80149.0
16S_179_Verdu	111936.0
16S_179_Verdu	77832.0
16S_179_Verdu	3545.0
16S_179_Verdu	29926.0
16S_179_Verdu	86677.0
16S_179_Verdu	27003.0
16S_179_Verdu	83572.0
16S_179_Verdu	59118.0
16S_179_Verdu	93235.0
16S_179_Verdu	116478.0
16S_179_Verdu	93384.0
16S_179_Verdu	60040.0
16S_179_Verdu	85320.0
16S_179_Verdu	51314.0
16S_179_Verdu	110045.0
16S_179_Verdu	24436.0
16S_179_Verdu	31973.0
16S_179_Verdu	13272.0
16S_179_Verdu	40654.0
16S_179_Verdu	873.0
16S_179_Verdu	32309.0
16S_179_Verdu	3435.0
16S_179_Verdu	115192.0
16S_179_Verdu	76412.0
16S_179_Verdu	65646.0
16S_179_Verdu	87060.0
16S_179_Verdu	89720.0
16S_179_Verdu	127500.0
16S_179_Verdu	60922.0
16S_179_Verdu	93473.0
16S_179_Verdu	3012.0
16S_179_Verdu	68329.0
16S_179_Verdu	55163.0
16S_179_Verdu	152854.0
16S_179_Verdu	100560.0
16S_179_Verdu	128422.0
16S_179_Verdu	109992.0
16S_179_Verdu	104054.0
16S_179_Verdu	19571.0
16S_179_Verdu	149345.0
16S_179_Verdu	108513.0
16S_179_Verdu	141321.0
16S_179_Verdu	90942.0
16S_179_Verdu	45555.0
16S_179_Verdu	16334.0
16S_179_Verdu	62747.0
16S_179_Verdu	111250.0
16S_179_Verdu	95634.0
16S_179_Verdu	1559.0
16S_179_Verdu	49717.0
16S_179_Verdu	28916.0
16S_179_Verdu	37935.0
16S_179_Verdu	6724.0
16S_179_Verdu	15204.0
16S_179_Verdu	25027.0
16S_179_Verdu	96064.0
16S_179_Verdu	97915.0
16S_179_Verdu	53416.0
16S_179_Verdu	73921.0
16S_179_Verdu	136548.0
16S_179_Verdu	112668.0
16S_179_Verdu	25647.0
16S_179_Verdu	54860.0
16S_179_Verdu	47050.0
16S_179_Verdu	41403.0
16S_179_Verdu	54705.0
16S_179_Verdu	56324.0
16S_179_Verdu	32731.0
16S_179_Verdu	112328.0
16S_179_Verdu	72563.0
16S_179_Verdu	74882.0
16S_179_Verdu	33517.0
16S_179_Verdu	11891.0
16S_179_Verdu	95168.0
16S_179_Verdu	85177.0
16S_20_Caminero	137001.0
16S_20_Caminero	128375.0
16S_20_Caminero	0.0
16S_20_Caminero	92540.0
16S_20_Caminero	67396.0
16S_20_Caminero	59913.0
16S_20_Caminero	90442.0
16S_20_Caminero	102585.0
16S_20_Caminero	29110.0
16S_20_Caminero	27386.0
16S_20_Caminero	108007.0
16S_20_Caminero	83725.0
16S_20_Caminero	26695.0
16S_20_Caminero	65634.0
16S_20_Caminero	65576.0
16S_20_Caminero	65232.0
16S_20_Caminero	19290.0
16S_20_Caminero	117885.0
16S_20_Caminero	76979.0
16S_20_Caminero	101614.0
16S_20_Rawson	3658.0
16S_20_Rawson	3433.0
16S_20_Rawson	5172.0
16S_20_Rawson	2029.0
16S_20_Rawson	4388.0
16S_20_Rawson	2821.0
16S_20_Rawson	2238.0
16S_20_Rawson	2265.0
16S_20_Rawson	3110.0
16S_20_Rawson	1742.0
16S_20_Rawson	2234.0
16S_20_Rawson	3005.0
16S_20_Rawson	6271.0
16S_20_Rawson	1523.0
16S_20_Rawson	3166.0
16S_20_Rawson	7434.0
16S_20_Rawson	3966.0
16S_20_Rawson	1856.0
16S_20_Rawson	4166.0
16S_20_Rawson	3859.0
16S_227_Oscarsson	15010.0
16S_227_Oscarsson	13114.0
16S_227_Oscarsson	12308.0
16S_227_Oscarsson	11305.0
16S_227_Oscarsson	14002.0
16S_227_Oscarsson	9833.0
16S_227_Oscarsson	8965.0
16S_227_Oscarsson	23221.0
16S_227_Oscarsson	34604.0
16S_227_Oscarsson	5859.0
16S_227_Oscarsson	30375.0
16S_227_Oscarsson	9204.0
16S_227_Oscarsson	10815.0
16S_227_Oscarsson	12420.0
16S_227_Oscarsson	8879.0
16S_227_Oscarsson	9678.0
16S_227_Oscarsson	14968.0
16S_227_Oscarsson	13199.0
16S_227_Oscarsson	15119.0
16S_227_Oscarsson	9794.0
16S_227_Oscarsson	16166.0
16S_227_Oscarsson	14528.0
16S_227_Oscarsson	14771.0
16S_227_Oscarsson	13312.0
16S_227_Oscarsson	14585.0
16S_227_Oscarsson	10820.0
16S_227_Oscarsson	8054.0
16S_227_Oscarsson	12207.0
16S_227_Oscarsson	9549.0
16S_227_Oscarsson	14238.0
16S_227_Oscarsson	11239.0
16S_227_Oscarsson	15076.0
16S_227_Oscarsson	14674.0
16S_227_Oscarsson	14609.0
16S_227_Oscarsson	8465.0
16S_227_Oscarsson	10229.0
16S_227_Oscarsson	10027.0
16S_227_Oscarsson	9735.0
16S_227_Oscarsson	11541.0
16S_227_Oscarsson	8733.0
16S_227_Oscarsson	15320.0
16S_227_Oscarsson	5206.0
16S_227_Oscarsson	6267.0
16S_227_Oscarsson	4811.0
16S_227_Oscarsson	8551.0
16S_227_Oscarsson	10367.0
16S_227_Oscarsson	6922.0
16S_227_Oscarsson	7301.0
16S_227_Oscarsson	7648.0
16S_227_Oscarsson	5875.0
16S_227_Oscarsson	5575.0
16S_227_Oscarsson	6896.0
16S_227_Oscarsson	4055.0
16S_227_Oscarsson	12791.0
16S_227_Oscarsson	13085.0
16S_227_Oscarsson	16206.0
16S_227_Oscarsson	12435.0
16S_227_Oscarsson	13636.0
16S_227_Oscarsson	10942.0
16S_227_Oscarsson	21058.0
16S_227_Oscarsson	25196.0
16S_227_Oscarsson	15581.0
16S_227_Oscarsson	23910.0
16S_227_Oscarsson	11253.0
16S_227_Oscarsson	22782.0
16S_227_Oscarsson	6886.0
16S_227_Oscarsson	35320.0
16S_227_Oscarsson	21963.0
16S_227_Oscarsson	18555.0
16S_227_Oscarsson	33855.0
16S_227_Oscarsson	8894.0
16S_227_Oscarsson	20328.0
16S_227_Oscarsson	38556.0
16S_227_Oscarsson	19546.0
16S_227_Oscarsson	19381.0
16S_227_Oscarsson	27364.0
16S_227_Oscarsson	12186.0
16S_227_Oscarsson	13574.0
16S_227_Oscarsson	23951.0
16S_227_Oscarsson	16681.0
16S_227_Oscarsson	27194.0
16S_227_Oscarsson	11863.0
16S_227_Oscarsson	23892.0
16S_227_Oscarsson	26449.0
16S_227_Oscarsson	21550.0
16S_227_Oscarsson	19761.0
16S_227_Oscarsson	12527.0
16S_227_Oscarsson	20367.0
16S_227_Oscarsson	19879.0
16S_227_Oscarsson	28921.0
16S_227_Oscarsson	13005.0
16S_227_Oscarsson	7743.0
16S_227_Oscarsson	9008.0
16S_227_Oscarsson	5448.0
16S_227_Oscarsson	8359.0
16S_227_Oscarsson	12351.0
16S_227_Oscarsson	4202.0
16S_227_Oscarsson	29383.0
16S_227_Oscarsson	3751.0
16S_227_Oscarsson	12005.0
16S_227_Oscarsson	15594.0
16S_227_Oscarsson	13353.0
16S_227_Oscarsson	13345.0
16S_227_Oscarsson	13197.0
16S_227_Oscarsson	13928.0
16S_227_Oscarsson	6019.0
16S_227_Oscarsson	8529.0
16S_227_Oscarsson	13903.0
16S_227_Oscarsson	29585.0
16S_227_Oscarsson	12656.0
16S_227_Oscarsson	15270.0
16S_227_Oscarsson	18333.0
16S_227_Oscarsson	9041.0
16S_227_Oscarsson	14276.0
16S_227_Oscarsson	14328.0
16S_227_Oscarsson	8309.0
16S_227_Oscarsson	19790.0
16S_227_Oscarsson	9515.0
16S_227_Oscarsson	11838.0
16S_227_Oscarsson	14371.0
16S_227_Oscarsson	21476.0
16S_227_Oscarsson	16450.0
16S_227_Oscarsson	11928.0
16S_227_Oscarsson	10446.0
16S_227_Oscarsson	17645.0
16S_227_Oscarsson	19244.0
16S_227_Oscarsson	14347.0
16S_227_Oscarsson	13137.0
16S_227_Oscarsson	11643.0
16S_227_Oscarsson	12604.0
16S_227_Oscarsson	16656.0
16S_227_Oscarsson	15481.0
16S_227_Oscarsson	26438.0
16S_227_Oscarsson	22106.0
16S_227_Oscarsson	21646.0
16S_227_Oscarsson	20116.0
16S_227_Oscarsson	8627.0
16S_227_Oscarsson	32642.0
16S_227_Oscarsson	21479.0
16S_227_Oscarsson	20088.0
16S_227_Oscarsson	11851.0
16S_227_Oscarsson	26979.0
16S_227_Oscarsson	9380.0
16S_227_Oscarsson	27740.0
16S_227_Oscarsson	14925.0
16S_227_Oscarsson	31661.0
16S_227_Oscarsson	38267.0
16S_227_Oscarsson	12474.0
16S_227_Oscarsson	33048.0
16S_227_Oscarsson	25549.0
16S_227_Oscarsson	30918.0
16S_227_Oscarsson	17053.0
16S_227_Oscarsson	18579.0
16S_227_Oscarsson	27742.0
16S_227_Oscarsson	18611.0
16S_227_Oscarsson	25295.0
16S_227_Oscarsson	28375.0
16S_227_Oscarsson	33237.0
16S_227_Oscarsson	25518.0
16S_227_Oscarsson	43413.0
16S_227_Oscarsson	42765.0
16S_227_Oscarsson	7472.0
16S_227_Oscarsson	7022.0
16S_227_Oscarsson	13209.0
16S_227_Oscarsson	28847.0
16S_227_Oscarsson	10121.0
16S_227_Oscarsson	22117.0
16S_227_Oscarsson	18077.0
16S_227_Oscarsson	13582.0
16S_227_Oscarsson	17293.0
16S_227_Oscarsson	22984.0
16S_227_Oscarsson	25745.0
16S_227_Oscarsson	17942.0
16S_227_Oscarsson	6690.0
16S_227_Oscarsson	25085.0
16S_227_Oscarsson	20267.0
16S_227_Oscarsson	24368.0
16S_227_Oscarsson	35951.0
16S_227_Oscarsson	15919.0
16S_227_Oscarsson	7139.0
16S_227_Oscarsson	13435.0
16S_227_Oscarsson	10326.0
16S_227_Oscarsson	3805.0
16S_227_Oscarsson	11509.0
16S_227_Oscarsson	16830.0
16S_227_Oscarsson	15005.0
16S_227_Oscarsson	9989.0
16S_227_Oscarsson	12376.0
16S_227_Oscarsson	9320.0
16S_227_Oscarsson	17690.0
16S_227_Oscarsson	9888.0
16S_227_Oscarsson	15664.0
16S_227_Oscarsson	23783.0
16S_227_Oscarsson	19394.0
16S_227_Oscarsson	19027.0
16S_227_Oscarsson	18532.0
16S_227_Oscarsson	20899.0
16S_227_Oscarsson	19260.0
16S_227_Oscarsson	24523.0
16S_227_Oscarsson	24735.0
16S_227_Oscarsson	8333.0
16S_227_Oscarsson	9464.0
16S_227_Oscarsson	16009.0
16S_227_Oscarsson	8511.0
16S_227_Oscarsson	7607.0
16S_227_Oscarsson	7072.0
16S_227_Oscarsson	17423.0
16S_227_Oscarsson	14457.0
16S_227_Oscarsson	21006.0
16S_227_Oscarsson	6839.0
16S_227_Oscarsson	10161.0
16S_227_Oscarsson	32037.0
16S_227_Oscarsson	7027.0
16S_227_Oscarsson	11182.0
16S_227_Oscarsson	9107.0
16S_227_Oscarsson	9640.0
16S_227_Oscarsson	7683.0
16S_227_Oscarsson	19803.0
16S_227_Oscarsson	20859.0
16S_227_Oscarsson	7767.0
16S_227_Oscarsson	22075.0
16S_227_Oscarsson	17629.0
16S_227_Oscarsson	18682.0
16S_227_Oscarsson	12106.0
16S_227_Oscarsson	28548.0
16S_227_Oscarsson	18646.0
16S_227_Oscarsson	14925.0
16S_24_Giacomin	161200.0
16S_24_Giacomin	177385.0
16S_24_Giacomin	163257.0
16S_24_Giacomin	206538.0
16S_24_Giacomin	81178.0
16S_24_Giacomin	162231.0
16S_24_Giacomin	140559.0
16S_24_Giacomin	118130.0
16S_24_Giacomin	61391.0
16S_24_Giacomin	136144.0
16S_24_Giacomin	148814.0
16S_24_Giacomin	95743.0
16S_24_Giacomin	256495.0
16S_24_Giacomin	180794.0
16S_24_Giacomin	93663.0
16S_24_Giacomin	159645.0
16S_24_Giacomin	193145.0
16S_24_Giacomin	77409.0
16S_24_Giacomin	100338.0
16S_24_Giacomin	89044.0
16S_24_Giacomin	70968.0
16S_24_Giacomin	198112.0
16S_24_Giacomin	141536.0
16S_24_Giacomin	132220.0
16S_25_Francavilla	1427.0
16S_25_Francavilla	1179.0
16S_25_Francavilla	1609.0
16S_25_Francavilla	2158.0
16S_25_Francavilla	1537.0
16S_25_Francavilla	1574.0
16S_25_Francavilla	1755.0
16S_25_Francavilla	1357.0
16S_25_Francavilla	1943.0
16S_25_Francavilla	1857.0
16S_25_Francavilla	1572.0
16S_25_Francavilla	1735.0
16S_25_Francavilla	1825.0
16S_25_Francavilla	1989.0
16S_25_Francavilla	6732.0
16S_25_Francavilla	4946.0
16S_25_Francavilla	5279.0
16S_25_Francavilla	240.0
16S_25_Francavilla	5914.0
16S_25_Francavilla	6051.0
16S_25_Francavilla	6732.0
16S_25_Francavilla	4946.0
16S_25_Francavilla	5279.0
16S_25_Francavilla	5914.0
16S_25_Francavilla	6051.0
16S_27_Federica	8969.0
16S_27_Federica	33271.0
16S_27_Federica	15909.0
16S_27_Federica	4411.0
16S_27_Federica	9049.0
16S_27_Federica	9079.0
16S_27_Federica	14274.0
16S_27_Federica	8811.0
16S_27_Federica	8125.0
16S_27_Federica	10600.0
16S_27_Federica	9073.0
16S_27_Federica	23617.0
16S_27_Federica	13282.0
16S_27_Federica	9952.0
16S_27_Federica	8819.0
16S_27_Federica	10082.0
16S_27_Federica	9691.0
16S_27_Federica	14672.0
16S_27_Federica	10128.0
16S_27_Federica	9611.0
16S_27_Federica	9899.0
16S_27_Federica	22102.0
16S_27_Federica	11020.0
16S_27_Federica	6452.0
16S_27_Federica	11268.0
16S_27_Federica	11997.0
16S_27_Federica	9772.0
16S_27_Fornasaro	37168.0
16S_27_Fornasaro	77276.0
16S_27_Fornasaro	66780.0
16S_27_Fornasaro	63461.0
16S_27_Fornasaro	72150.0
16S_27_Fornasaro	72035.0
16S_27_Fornasaro	77748.0
16S_27_Fornasaro	71590.0
16S_27_Fornasaro	62067.0
16S_27_Fornasaro	72475.0
16S_27_Fornasaro	69609.0
16S_27_Fornasaro	75471.0
16S_27_Fornasaro	60457.0
16S_27_Fornasaro	51767.0
16S_27_Fornasaro	61709.0
16S_27_Fornasaro	57626.0
16S_27_Fornasaro	60604.0
16S_27_Fornasaro	33553.0
16S_27_Fornasaro	70385.0
16S_27_Fornasaro	80993.0
16S_27_Fornasaro	70602.0
16S_27_Fornasaro	96596.0
16S_27_Fornasaro	77040.0
16S_27_Fornasaro	78922.0
16S_27_Fornasaro	51031.0
16S_27_Fornasaro	93319.0
16S_27_Fornasaro	60175.0
16S_49_Turjeman	7455.0
16S_49_Turjeman	7636.0
16S_49_Turjeman	10135.0
16S_49_Turjeman	8204.0
16S_49_Turjeman	11253.0
16S_49_Turjeman	8668.0
16S_49_Turjeman	12921.0
16S_49_Turjeman	20210.0
16S_49_Turjeman	5285.0
16S_49_Turjeman	7546.0
16S_49_Turjeman	33259.0
16S_49_Turjeman	20918.0
16S_49_Turjeman	12076.0
16S_49_Turjeman	19792.0
16S_49_Turjeman	16240.0
16S_49_Turjeman	24430.0
16S_49_Turjeman	19436.0
16S_49_Turjeman	4371.0
16S_49_Turjeman	20671.0
16S_49_Turjeman	20262.0
16S_49_Turjeman	20185.0
16S_49_Turjeman	20138.0
16S_49_Turjeman	11820.0
16S_49_Turjeman	19570.0
16S_49_Turjeman	20438.0
16S_49_Turjeman	19196.0
16S_49_Turjeman	15829.0
16S_49_Turjeman	28444.0
16S_49_Turjeman	38499.0
16S_49_Turjeman	23867.0
16S_49_Turjeman	19537.0
16S_49_Turjeman	19393.0
16S_49_Turjeman	23322.0
16S_49_Turjeman	25573.0
16S_49_Turjeman	17569.0
16S_49_Turjeman	30508.0
16S_49_Turjeman	10470.0
16S_49_Turjeman	22850.0
16S_49_Turjeman	22901.0
16S_49_Turjeman	17929.0
16S_49_Turjeman	12083.0
16S_49_Turjeman	18467.0
16S_49_Turjeman	31184.0
16S_49_Turjeman	17569.0
16S_49_Turjeman	41156.0
16S_49_Turjeman	36677.0
16S_49_Turjeman	18525.0
16S_49_Turjeman	34920.0
16S_49_Turjeman	8426.0
16S_50_Bibbo	62451.0
16S_50_Bibbo	43844.0
16S_50_Bibbo	87074.0
16S_50_Bibbo	45511.0
16S_50_Bibbo	55370.0
16S_50_Bibbo	69342.0
16S_50_Bibbo	76702.0
16S_50_Bibbo	61576.0
16S_50_Bibbo	51770.0
16S_50_Bibbo	50873.0
16S_50_Bibbo	53748.0
16S_50_Bibbo	38826.0
16S_50_Bibbo	52505.0
16S_50_Bibbo	56345.0
16S_50_Bibbo	76896.0
16S_50_Bibbo	43383.0
16S_50_Bibbo	49493.0
16S_50_Bibbo	57796.0
16S_50_Bibbo	65189.0
16S_50_Bibbo	49625.0
16S_50_Bibbo	57322.0
16S_50_Bibbo	46434.0
16S_50_Bibbo	40550.0
16S_50_Bibbo	33404.0
16S_50_Bibbo	60179.0
16S_50_Bibbo	57576.0
16S_50_Bibbo	65662.0
16S_50_Bibbo	44014.0
16S_50_Bibbo	74053.0
16S_50_Bibbo	58692.0
16S_50_Bibbo	59283.0
16S_50_Bibbo	51712.0
16S_50_Bibbo	57133.0
16S_50_Bibbo	59525.0
16S_50_Bibbo	66480.0
16S_50_Bibbo	53493.0
16S_50_Bibbo	58445.0
16S_50_Bibbo	42886.0
16S_50_Bibbo	29792.0
16S_50_Bibbo	27683.0
16S_50_Bibbo	33474.0
16S_50_Bibbo	29604.0
16S_50_Bibbo	17805.0
16S_50_Bibbo	29067.0
16S_50_Bibbo	32896.0
16S_50_Bibbo	29409.0
16S_50_Bibbo	41599.0
16S_50_Bibbo	22929.0
16S_50_Bibbo	27298.0
16S_50_Bibbo	40081.0
16S_56_Laffaldano	8110.0
16S_56_Laffaldano	13213.0
16S_56_Laffaldano	5195.0
16S_56_Laffaldano	8052.0
16S_56_Laffaldano	14234.0
16S_56_Laffaldano	7909.0
16S_56_Laffaldano	12554.0
16S_56_Laffaldano	14144.0
16S_56_Laffaldano	14226.0
16S_56_Laffaldano	12445.0
16S_56_Laffaldano	14107.0
16S_56_Laffaldano	2892.0
16S_56_Laffaldano	7515.0
16S_56_Laffaldano	9375.0
16S_56_Laffaldano	11246.0
16S_56_Laffaldano	12189.0
16S_56_Laffaldano	3801.0
16S_56_Laffaldano	2143.0
16S_56_Laffaldano	7257.0
16S_56_Laffaldano	27641.0
16S_56_Laffaldano	19850.0
16S_56_Laffaldano	13588.0
16S_56_Laffaldano	6347.0
16S_56_Laffaldano	10193.0
16S_56_Laffaldano	10433.0
16S_56_Laffaldano	8880.0
16S_56_Laffaldano	9608.0
16S_56_Laffaldano	21622.0
16S_56_Laffaldano	19284.0
16S_56_Laffaldano	23459.0
16S_56_Laffaldano	13118.0
16S_56_Laffaldano	12640.0
16S_56_Laffaldano	10961.0
16S_56_Laffaldano	8554.0
16S_56_Laffaldano	19196.0
16S_56_Laffaldano	9255.0
16S_56_Laffaldano	7093.0
16S_56_Laffaldano	10173.0
16S_56_Laffaldano	8074.0
16S_56_Laffaldano	22954.0
16S_56_Laffaldano	7164.0
16S_56_Laffaldano	3933.0
16S_56_Laffaldano	10762.0
16S_56_Laffaldano	8961.0
16S_56_Laffaldano	3653.0
16S_56_Laffaldano	4668.0
16S_56_Laffaldano	5409.0
16S_56_Laffaldano	5657.0
16S_56_Laffaldano	8412.0
16S_56_Laffaldano	10275.0
16S_56_Laffaldano	7293.0
16S_56_Laffaldano	5253.0
16S_56_Laffaldano	8792.0
16S_56_Laffaldano	19694.0
16S_56_Laffaldano	21594.0
16S_56_Laffaldano	13564.0
16S_68_Girdhar	26736.0
16S_68_Girdhar	14658.0
16S_68_Girdhar	14990.0
16S_68_Girdhar	12946.0
16S_68_Girdhar	14268.0
16S_68_Girdhar	13012.0
16S_68_Girdhar	4154.0
16S_68_Girdhar	17408.0
16S_68_Girdhar	15785.0
16S_68_Girdhar	14750.0
16S_68_Girdhar	11853.0
16S_68_Girdhar	13121.0
16S_68_Girdhar	11687.0
16S_68_Girdhar	11606.0
16S_68_Girdhar	12952.0
16S_68_Girdhar	13477.0
16S_68_Girdhar	9044.0
16S_68_Girdhar	12562.0
16S_68_Girdhar	10911.0
16S_68_Girdhar	10879.0
16S_68_Girdhar	7419.0
16S_68_Girdhar	10906.0
16S_68_Girdhar	19058.0
16S_68_Girdhar	17259.0
16S_68_Girdhar	13693.0
16S_68_Girdhar	11271.0
16S_68_Girdhar	8232.0
16S_68_Girdhar	10216.0
16S_68_Girdhar	12391.0
16S_68_Girdhar	14592.0
16S_68_Girdhar	14846.0
16S_68_Girdhar	9393.0
16S_68_Girdhar	10247.0
16S_68_Girdhar	9462.0
16S_68_Girdhar	13375.0
16S_68_Girdhar	9646.0
16S_68_Girdhar	13046.0
16S_68_Girdhar	15390.0
16S_68_Girdhar	10918.0
16S_68_Girdhar	10721.0
16S_68_Girdhar	11524.0
16S_68_Girdhar	11660.0
16S_68_Girdhar	11240.0
16S_68_Girdhar	10461.0
16S_68_Girdhar	9651.0
16S_68_Girdhar	10218.0
16S_68_Girdhar	7743.0
16S_68_Girdhar	12678.0
16S_68_Girdhar	13963.0
16S_68_Girdhar	20366.0
16S_68_Girdhar	12313.0
16S_68_Girdhar	19122.0
16S_68_Girdhar	8118.0
16S_68_Girdhar	9129.0
16S_68_Girdhar	10617.0
16S_68_Girdhar	10600.0
16S_68_Girdhar	14867.0
16S_68_Girdhar	12088.0
16S_68_Girdhar	11653.0
16S_68_Girdhar	8813.0
16S_68_Girdhar	9227.0
16S_68_Girdhar	11307.0
16S_68_Girdhar	13694.0
16S_68_Girdhar	12527.0
16S_68_Girdhar	12361.0
16S_68_Girdhar	11969.0
16S_68_Girdhar	16392.0
16S_68_Girdhar	16972.0
16S_5_Senicar	4623.0
16S_5_Senicar	10090.0
16S_5_Senicar	8590.0
16S_5_Senicar	4232.0
16S_5_Senicar	8127.0
16S_60_Shi	50740.0
16S_60_Shi	36657.0
16S_60_Shi	36576.0
16S_60_Shi	40082.0
16S_60_Shi	67310.0
16S_60_Shi	72494.0
16S_60_Shi	23719.0
16S_60_Shi	64049.0
16S_60_Shi	60038.0
16S_60_Shi	66579.0
16S_60_Shi	32129.0
16S_60_Shi	59276.0
16S_60_Shi	41860.0
16S_60_Shi	50529.0
16S_60_Shi	38111.0
16S_60_Shi	58069.0
16S_60_Shi	66951.0
16S_60_Shi	64630.0
16S_60_Shi	56989.0
16S_60_Shi	37448.0
16S_60_Shi	29729.0
16S_60_Shi	40265.0
16S_60_Shi	41939.0
16S_60_Shi	31267.0
16S_60_Shi	35945.0
16S_60_Shi	90010.0
16S_60_Shi	39331.0
16S_60_Shi	68629.0
16S_60_Shi	36931.0
16S_60_Shi	64074.0
16S_60_Shi	53596.0
16S_60_Shi	55212.0
16S_60_Shi	43644.0
16S_60_Shi	52879.0
16S_60_Shi	48822.0
16S_60_Shi	56360.0
16S_60_Shi	30464.0
16S_60_Shi	96381.0
16S_60_Shi	66373.0
16S_60_Shi	50798.0
16S_60_Shi	54263.0
16S_60_Shi	40277.0
16S_60_Shi	38943.0
16S_60_Shi	45503.0
16S_60_Shi	64893.0
16S_60_Shi	50910.0
16S_60_Shi	59724.0
16S_60_Shi	67628.0
16S_60_Shi	41121.0
16S_60_Shi	30463.0
16S_60_Shi	59409.0
16S_60_Shi	67642.0
16S_60_Shi	43364.0
16S_60_Shi	45787.0
16S_60_Shi	60250.0
16S_60_Shi	35198.0
16S_60_Shi	62338.0
16S_60_Shi	54159.0
16S_60_Shi	47102.0
16S_60_Shi	58205.0
16S_62_Tian	38806.0
16S_62_Tian	48046.0
16S_62_Tian	38448.0
16S_62_Tian	55901.0
16S_62_Tian	25284.0
16S_62_Tian	67854.0
16S_62_Tian	83755.0
16S_62_Tian	54171.0
16S_62_Tian	51437.0
16S_62_Tian	20604.0
16S_62_Tian	37186.0
16S_62_Tian	48100.0
16S_62_Tian	60598.0
16S_62_Tian	15935.0
16S_62_Tian	21557.0
16S_62_Tian	27220.0
16S_62_Tian	27171.0
16S_62_Tian	59713.0
16S_62_Tian	37279.0
16S_62_Tian	55600.0
16S_62_Tian	52559.0
16S_62_Tian	44542.0
16S_62_Tian	45383.0
16S_62_Tian	10912.0
16S_62_Tian	45857.0
16S_62_Tian	64352.0
16S_62_Tian	36791.0
16S_62_Tian	23202.0
16S_62_Tian	22914.0
16S_62_Tian	23724.0
16S_62_Tian	28907.0
16S_62_Tian	52934.0
16S_62_Tian	68082.0
16S_62_Tian	43843.0
16S_62_Tian	17833.0
16S_62_Tian	42809.0
16S_62_Tian	58224.0
16S_62_Tian	51636.0
16S_62_Tian	51404.0
16S_62_Tian	37823.0
16S_62_Tian	59014.0
16S_62_Tian	51936.0
16S_62_Tian	38460.0
16S_62_Tian	31812.0
16S_62_Tian	59269.0
16S_62_Tian	27012.0
16S_62_Tian	56178.0
16S_62_Tian	66008.0
16S_62_Tian	83522.0
16S_62_Tian	23219.0
16S_62_Tian	24280.0
16S_62_Tian	24259.0
16S_62_Tian	33183.0
16S_62_Tian	53314.0
16S_62_Tian	33193.0
16S_62_Tian	79852.0
16S_62_Tian	26852.0
16S_62_Tian	32060.0
16S_62_Tian	44129.0
16S_62_Tian	20373.0
16S_62_Tian	33159.0
16S_62_Tian	33026.0
16S_80_Garcia	84630.0
16S_80_Garcia	61986.0
16S_80_Garcia	114199.0
16S_80_Garcia	84648.0
16S_80_Garcia	13856.0
16S_80_Garcia	25615.0
16S_80_Garcia	60479.0
16S_80_Garcia	62867.0
16S_80_Garcia	77241.0
16S_80_Garcia	95106.0
16S_80_Garcia	75816.0
16S_80_Garcia	59736.0
16S_80_Garcia	27738.0
16S_80_Garcia	72021.0
16S_80_Garcia	54184.0
16S_80_Garcia	70450.0
16S_80_Garcia	47970.0
16S_80_Garcia	86021.0
16S_80_Garcia	49069.0
16S_80_Garcia	20220.0
16S_80_Garcia	44888.0
16S_80_Garcia	33817.0
16S_80_Garcia	50919.0
16S_80_Garcia	66696.0
16S_80_Garcia	54995.0
16S_80_Garcia	22497.0
16S_80_Garcia	53260.0
16S_80_Garcia	75872.0
16S_80_Garcia	62336.0
16S_80_Garcia	92231.0
16S_80_Garcia	16698.0
16S_80_Garcia	96600.0
16S_80_Garcia	49330.0
16S_80_Garcia	66291.0
16S_80_Garcia	80612.0
16S_80_Garcia	59921.0
16S_80_Garcia	89971.0
16S_80_Garcia	33192.0
16S_80_Garcia	54973.0
16S_80_Garcia	66254.0
16S_80_Garcia	84891.0
16S_80_Garcia	62422.0
16S_80_Garcia	67674.0
16S_80_Garcia	36390.0
16S_80_Garcia	32200.0
16S_80_Garcia	23898.0
16S_80_Garcia	101667.0
16S_80_Garcia	85699.0
16S_80_Garcia	20065.0
16S_80_Garcia	93544.0
16S_80_Garcia	74096.0
16S_80_Garcia	96508.0
16S_80_Garcia	72097.0
16S_80_Garcia	55248.0
16S_80_Garcia	98059.0
16S_80_Garcia	29903.0
16S_80_Garcia	90506.0
16S_80_Garcia	72450.0
16S_80_Garcia	99414.0
16S_80_Garcia	39077.0
16S_80_Garcia	69686.0
16S_80_Garcia	78135.0
16S_80_Garcia	60077.0
16S_80_Garcia	30119.0
16S_80_Garcia	61858.0
16S_80_Garcia	94998.0
16S_80_Garcia	98473.0
16S_80_Garcia	68285.0
16S_80_Garcia	65845.0
16S_80_Garcia	64082.0
16S_80_Garcia	39255.0
16S_80_Garcia	70218.0
16S_80_Garcia	52465.0
16S_80_Garcia	52014.0
16S_80_Garcia	76650.0
16S_80_Garcia	66990.0
16S_80_Garcia	96476.0
16S_80_Garcia	75441.0
16S_80_Garcia	25111.0
16S_80_Garcia	84324.0
16S_96_Quagliariello	33067.0
16S_96_Quagliariello	12651.0
16S_96_Quagliariello	13294.0
16S_96_Quagliariello	15403.0
16S_96_Quagliariello	29622.0
16S_96_Quagliariello	18749.0
16S_96_Quagliariello	21073.0
16S_96_Quagliariello	35978.0
16S_96_Quagliariello	8127.0
16S_96_Quagliariello	9402.0
16S_96_Quagliariello	24656.0
16S_96_Quagliariello	16553.0
16S_96_Quagliariello	21567.0
16S_96_Quagliariello	18232.0
16S_96_Quagliariello	63288.0
16S_96_Quagliariello	8939.0
16S_96_Quagliariello	35008.0
16S_96_Quagliariello	30938.0
16S_96_Quagliariello	16862.0
16S_96_Quagliariello	25857.0
16S_96_Quagliariello	16405.0
16S_96_Quagliariello	25121.0
16S_96_Quagliariello	31364.0
16S_96_Quagliariello	35535.0
16S_96_Quagliariello	33099.0
16S_96_Quagliariello	27819.0
16S_96_Quagliariello	44588.0
16S_96_Quagliariello	21596.0
16S_96_Quagliariello	70104.0
16S_96_Quagliariello	33160.0
16S_96_Quagliariello	41151.0
16S_96_Quagliariello	54190.0
16S_96_Quagliariello	8092.0
16S_96_Quagliariello	22265.0
16S_96_Quagliariello	77357.0
16S_96_Quagliariello	24699.0
16S_96_Quagliariello	40072.0
16S_96_Quagliariello	31905.0
16S_96_Quagliariello	49266.0
16S_96_Quagliariello	2504.0
16S_96_Quagliariello	13060.0
16S_96_Quagliariello	32798.0
16S_96_Quagliariello	6121.0
16S_96_Quagliariello	464395.0
16S_96_Quagliariello	786.0
16S_96_Quagliariello	18327.0
16S_96_Quagliariello	6189.0
16S_96_Quagliariello	22332.0
16S_96_Quagliariello	35197.0
16S_96_Quagliariello	25578.0
16S_96_Quagliariello	25061.0
16S_96_Quagliariello	24050.0
16S_96_Quagliariello	47890.0
16S_96_Quagliariello	32136.0
16S_96_Quagliariello	21777.0
16S_96_Quagliariello	49010.0
16S_96_Quagliariello	15261.0
16S_96_Quagliariello	37786.0
16S_96_Quagliariello	2121.0
16S_96_Quagliariello	34128.0
16S_96_Quagliariello	30341.0
16S_96_Quagliariello	38241.0
16S_96_Quagliariello	32293.0
16S_96_Quagliariello	37059.0
16S_96_Quagliariello	29545.0
16S_96_Quagliariello	52551.0
16S_96_Quagliariello	34457.0
16S_96_Quagliariello	40678.0
16S_96_Quagliariello	18949.0
16S_96_Quagliariello	33515.0
16S_96_Quagliariello	39410.0
16S_96_Quagliariello	40831.0
16S_96_Quagliariello	38769.0
16S_96_Quagliariello	29411.0
16S_96_Quagliariello	38170.0
16S_96_Quagliariello	8424.0
16S_96_Quagliariello	30150.0
16S_96_Quagliariello	27507.0
16S_96_Quagliariello	26945.0
16S_96_Quagliariello	38948.0
16S_96_Quagliariello	27379.0
16S_96_Quagliariello	17322.0
16S_96_Quagliariello	35178.0
16S_96_Quagliariello	56456.0
16S_96_Quagliariello	22377.0
16S_96_Quagliariello	20542.0
16S_96_Quagliariello	39899.0
16S_96_Quagliariello	29230.0
16S_96_Quagliariello	34929.0
16S_96_Quagliariello	27139.0
16S_96_Quagliariello	39652.0
16S_96_Quagliariello	27724.0
16S_96_Quagliariello	11739.0
16S_96_Quagliariello	29749.0
16S_96_Quagliariello	50775.0
16S_96_Quagliariello	0.0
16S_99_Lionetti	36868.0
16S_99_Lionetti	36918.0
16S_99_Lionetti	31858.0
16S_99_Lionetti	30118.0
16S_99_Lionetti	27370.0
16S_99_Lionetti	35925.0
16S_99_Lionetti	14054.0
16S_99_Lionetti	36517.0
16S_99_Lionetti	32320.0
16S_99_Lionetti	28266.0
16S_99_Lionetti	35522.0
16S_99_Lionetti	34711.0
16S_99_Lionetti	35096.0
16S_99_Lionetti	36922.0
16S_99_Lionetti	34711.0
16S_99_Lionetti	36283.0
16S_99_Lionetti	34764.0
16S_99_Lionetti	35552.0
16S_99_Lionetti	35147.0
16S_99_Lionetti	36462.0
16S_99_Lionetti	40657.0
16S_99_Lionetti	38954.0
16S_99_Lionetti	32120.0
16S_99_Lionetti	29485.0
16S_99_Lionetti	29938.0
16S_99_Lionetti	33765.0
16S_99_Lionetti	34867.0
16S_99_Lionetti	35953.0
16S_99_Lionetti	35725.0
16S_99_Lionetti	31921.0
16S_99_Lionetti	34461.0
16S_99_Lionetti	33613.0
16S_99_Lionetti	25374.0
16S_99_Lionetti	25724.0
16S_99_Lionetti	31181.0
16S_99_Lionetti	30437.0
16S_99_Lionetti	32995.0
16S_99_Lionetti	32598.0
16S_99_Lionetti	32500.0
16S_99_Lionetti	38851.0
16S_99_Lionetti	28903.0
16S_99_Lionetti	33116.0
16S_99_Lionetti	32790.0
16S_99_Lionetti	28250.0
16S_99_Lionetti	36192.0
16S_99_Lionetti	38084.0
16S_99_Lionetti	44558.0
16S_99_Lionetti	38683.0
16S_99_Lionetti	39045.0
16S_99_Lionetti	29547.0
16S_99_Lionetti	36946.0
16S_99_Lionetti	34232.0
16S_99_Lionetti	36842.0
16S_99_Lionetti	30062.0
16S_99_Lionetti	31190.0
16S_99_Lionetti	32998.0
16S_99_Lionetti	35987.0
16S_99_Lionetti	33164.0
16S_99_Lionetti	33260.0
16S_99_Lionetti	36762.0
16S_99_Lionetti	38672.0
16S_99_Lionetti	38077.0
16S_99_Lionetti	37274.0
16S_99_Lionetti	33089.0
16S_99_Lionetti	34497.0
16S_99_Lionetti	30671.0
16S_99_Lionetti	35282.0
16S_99_Lionetti	36427.0
16S_99_Lionetti	34392.0
16S_99_Lionetti	34641.0
16S_99_Lionetti	42432.0
16S_99_Lionetti	40320.0
16S_99_Lionetti	37436.0
16S_99_Lionetti	37256.0
16S_99_Lionetti	40006.0
16S_99_Lionetti	25640.0
16S_99_Lionetti	33687.0
16S_99_Lionetti	36940.0
16S_99_Lionetti	36234.0
16S_99_Lionetti	39749.0
16S_99_Lionetti	35193.0
16S_99_Lionetti	45646.0
16S_99_Lionetti	32316.0
16S_99_Lionetti	30178.0
16S_99_Lionetti	32484.0
16S_99_Lionetti	38272.0
16S_99_Lionetti	30436.0
16S_99_Lionetti	34577.0
16S_99_Lionetti	35142.0
16S_99_Lionetti	36210.0
16S_99_Lionetti	33910.0
16S_99_Lionetti	31779.0
16S_99_Lionetti	34040.0
16S_99_Lionetti	31649.0
16S_99_Lionetti	31167.0
16S_99_Lionetti	32168.0
16S_99_Lionetti	36504.0
16S_99_Lionetti	31920.0
16S_99_Lionetti	32907.0
16S_39_Olivares	7064.0
16S_39_Olivares	7064.0
16S_39_Olivares	7496.0
16S_39_Olivares	8587.0
16S_39_Olivares	7561.0
16S_39_Olivares	15924.0
16S_39_Olivares	19647.0
16S_39_Olivares	17602.0
16S_39_Olivares	17146.0
16S_39_Olivares	8199.0
16S_39_Olivares	11895.0
16S_39_Olivares	9044.0
16S_39_Olivares	6661.0
16S_39_Olivares	18795.0
16S_39_Olivares	13404.0
16S_39_Olivares	14155.0
16S_39_Olivares	18023.0
16S_39_Olivares	18640.0
16S_39_Olivares	10859.0
16S_39_Olivares	12134.0
16S_39_Olivares	3422.0
16S_39_Olivares	7239.0
16S_39_Olivares	8898.0
16S_39_Olivares	11723.0
16S_39_Olivares	8447.0
16S_39_Olivares	4652.0
16S_39_Olivares	6336.0
16S_39_Olivares	9038.0
16S_39_Olivares	7723.0
16S_39_Olivares	4535.0
16S_39_Olivares	9287.0
16S_39_Olivares	12623.0
16S_39_Olivares	12546.0
16S_39_Olivares	15166.0
16S_39_Olivares	4984.0
16S_39_Olivares	11196.0
16S_39_Olivares	13340.0
16S_39_Olivares	16025.0
16S_39_Olivares	15104.0
