Run,Assay Type,AvgSpotLen,Bases,BioProject,BioSample,Bytes,Center Name,Collection_Date,Consent,DATASTORE filetype,DATASTORE provider,DATASTORE region,ENA-FIRST-PUBLIC (run),ENA_first_public,ENA-LAST-UPDATE (run),Experiment,external_id,geo_loc_name_country,geo_loc_name_country_continent,geographic_location_(country_and/or_sea),host_scientific_name,INSDC_center_name,INSDC_last_update,INSDC_status,Instrument,isolation_source,Library Name,LibraryLayout,LibrarySelection,LibrarySource,Organism,Platform,ReleaseDate,create_date,version,Sample Name,sample_name,scientific_name,SRA Study,Submitter_Id
ERR12025077,AMPLICON,298,5352854796,PRJEB65879,SAMEA114331695,1685158793,IMDEA FOOD INSTITUTE,2017,public,"fastq,run.zq,sra","s3,gs,ncbi","ncbi.public,gs.us-east1,s3.us-east-1",2024-03-07,2024-03-07,2024-03-07,ERX11408575,SAMEA114331695,Spain,Europe,Spain,Homo sapiens,IMDEA Food Institute,2023-09-05T15:15:18Z,public,Illumina NovaSeq 6000,Intestinal fecal,MetaDNA library,PAIRED,PCR,METAGENOMIC,human gut metagenome,ILLUMINA,2024-07-18T00:00:00Z,2024-08-11T20:34:00Z,1,SAMEA114331695,1800,human gut metagenome,ERP150971,1800
ERR12025080,AMPLICON,298,11055579365,PRJEB65879,SAMEA114331698,3479482160,IMDEA FOOD INSTITUTE,2017,public,"run.zq,fastq,sra","gs,s3,ncbi","gs.us-east1,ncbi.public,s3.us-east-1",2024-03-07,2024-03-07,2024-03-07,ERX11408578,SAMEA114331698,Spain,Europe,Spain,Homo sapiens,IMDEA Food Institute,2023-09-05T15:15:18Z,public,Illumina NovaSeq 6000,Intestinal fecal,MetaDNA library,PAIRED,PCR,METAGENOMIC,human gut metagenome,ILLUMINA,2024-07-18T00:00:00Z,2024-08-22T14:22:00Z,1,SAMEA114331698,1803,human gut metagenome,ERP150971,1803
ERR12025083,AMPLICON,298,6787669503,PRJEB65879,SAMEA114331701,2159589621,IMDEA FOOD INSTITUTE,2017,public,"fastq,run.zq,sra","s3,ncbi,gs","s3.us-east-1,gs.us-east1,ncbi.public",2024-03-07,2024-03-07,2024-03-07,ERX11408581,SAMEA114331701,Spain,Europe,Spain,Homo sapiens,IMDEA Food Institute,2023-09-05T15:15:18Z,public,Illumina NovaSeq 6000,Intestinal fecal,MetaDNA library,PAIRED,PCR,METAGENOMIC,human gut metagenome,ILLUMINA,2024-07-18T00:00:00Z,2024-07-26T11:01:00Z,1,SAMEA114331701,1808,human gut metagenome,ERP150971,1808
ERR12025088,AMPLICON,298,4809552653,PRJEB65879,SAMEA114331706,1520447130,IMDEA FOOD INSTITUTE,2017,public,"run.zq,fastq,sra","s3,gs,ncbi","gs.us-east1,ncbi.public,s3.us-east-1",2024-03-07,2024-03-07,2024-03-07,ERX11408586,SAMEA114331706,Spain,Europe,Spain,Homo sapiens,IMDEA Food Institute,2023-09-05T15:15:18Z,public,Illumina NovaSeq 6000,Intestinal fecal,MetaDNA library,PAIRED,PCR,METAGENOMIC,human gut metagenome,ILLUMINA,2024-07-18T00:00:00Z,2024-07-25T10:48:00Z,1,SAMEA114331706,1814,human gut metagenome,ERP150971,1814
ERR12025090,AMPLICON,298,5853194823,PRJEB65879,SAMEA114331708,1851707717,IMDEA FOOD INSTITUTE,2017,public,"fastq,sra,run.zq","gs,s3,ncbi","gs.us-east1,s3.us-east-1,ncbi.public",2024-03-07,2024-03-07,2024-03-07,ERX11408588,SAMEA114331708,Spain,Europe,Spain,Homo sapiens,IMDEA Food Institute,2023-09-05T15:15:18Z,public,Illumina NovaSeq 6000,Intestinal fecal,MetaDNA library,PAIRED,PCR,METAGENOMIC,human gut metagenome,ILLUMINA,2024-07-18T00:00:00Z,2024-07-25T10:53:00Z,1,SAMEA114331708,1816,human gut metagenome,ERP150971,1816
ERR12025094,AMPLICON,298,4515727408,PRJEB65879,SAMEA114331712,1417619264,IMDEA FOOD INSTITUTE,2017,public,"run.zq,sra,fastq","ncbi,gs,s3","ncbi.public,gs.us-east1,s3.us-east-1",2024-03-07,2024-03-07,2024-03-07,ERX11408592,SAMEA114331712,Spain,Europe,Spain,Homo sapiens,IMDEA Food Institute,2023-09-05T15:15:18Z,public,Illumina NovaSeq 6000,Intestinal fecal,MetaDNA library,PAIRED,PCR,METAGENOMIC,human gut metagenome,ILLUMINA,2024-07-18T00:00:00Z,2024-08-11T19:13:00Z,1,SAMEA114331712,1824,human gut metagenome,ERP150971,1824
ERR12025102,AMPLICON,298,6209851274,PRJEB65879,SAMEA114331720,1952847097,IMDEA FOOD INSTITUTE,2017,public,"run.zq,sra,fastq","ncbi,s3,gs","s3.us-east-1,ncbi.public,gs.us-east1",2024-03-07,2024-03-07,2024-03-07,ERX11408600,SAMEA114331720,Spain,Europe,Spain,Homo sapiens,IMDEA Food Institute,2023-09-05T15:15:18Z,public,Illumina NovaSeq 6000,Intestinal fecal,MetaDNA library,PAIRED,PCR,METAGENOMIC,human gut metagenome,ILLUMINA,2024-07-18T00:00:00Z,2024-07-25T10:51:00Z,1,SAMEA114331720,1837,human gut metagenome,ERP150971,1837
ERR12025105,AMPLICON,298,5349548215,PRJEB65879,SAMEA114331723,1684734510,IMDEA FOOD INSTITUTE,2017,public,"fastq,sra,run.zq","s3,gs,ncbi","gs.us-east1,ncbi.public,s3.us-east-1",2024-03-07,2024-03-07,2024-03-07,ERX11408603,SAMEA114331723,Spain,Europe,Spain,Homo sapiens,IMDEA Food Institute,2023-09-05T15:15:18Z,public,Illumina NovaSeq 6000,Intestinal fecal,MetaDNA library,PAIRED,PCR,METAGENOMIC,human gut metagenome,ILLUMINA,2024-07-18T00:00:00Z,2024-07-25T10:48:00Z,1,SAMEA114331723,1841,human gut metagenome,ERP150971,1841
ERR12025084,AMPLICON,298,5949691457,PRJEB65879,SAMEA114331702,1881933474,IMDEA FOOD INSTITUTE,2017,public,"fastq,run.zq,sra","ncbi,gs,s3","gs.us-east1,s3.us-east-1,ncbi.public",2024-03-07,2024-03-07,2024-03-07,ERX11408582,SAMEA114331702,Spain,Europe,Spain,Homo sapiens,IMDEA Food Institute,2023-09-05T15:15:18Z,public,Illumina NovaSeq 6000,Intestinal fecal,MetaDNA library,PAIRED,PCR,METAGENOMIC,human gut metagenome,ILLUMINA,2024-07-18T00:00:00Z,2024-07-25T01:49:00Z,1,SAMEA114331702,1809,human gut metagenome,ERP150971,1809
ERR12025093,AMPLICON,298,5782853092,PRJEB65879,SAMEA114331711,1829186291,IMDEA FOOD INSTITUTE,2017,public,"sra,run.zq,fastq","s3,gs,ncbi","gs.us-east1,ncbi.public,s3.us-east-1",2024-03-07,2024-03-07,2024-03-07,ERX11408591,SAMEA114331711,Spain,Europe,Spain,Homo sapiens,IMDEA Food Institute,2023-09-05T15:15:18Z,public,Illumina NovaSeq 6000,Intestinal fecal,MetaDNA library,PAIRED,PCR,METAGENOMIC,human gut metagenome,ILLUMINA,2024-07-18T00:00:00Z,2024-08-23T01:51:00Z,1,SAMEA114331711,1823,human gut metagenome,ERP150971,1823
ERR12025098,AMPLICON,298,7310698961,PRJEB65879,SAMEA114331716,2318675342,IMDEA FOOD INSTITUTE,2017,public,"sra,fastq,run.zq","gs,s3,ncbi","gs.us-east1,s3.us-east-1,ncbi.public",2024-03-07,2024-03-07,2024-03-07,ERX11408596,SAMEA114331716,Spain,Europe,Spain,Homo sapiens,IMDEA Food Institute,2023-09-05T15:15:18Z,public,Illumina NovaSeq 6000,Intestinal fecal,MetaDNA library,PAIRED,PCR,METAGENOMIC,human gut metagenome,ILLUMINA,2024-07-18T00:00:00Z,2024-08-23T01:39:00Z,1,SAMEA114331716,1831,human gut metagenome,ERP150971,1831
ERR12025103,AMPLICON,298,5999725983,PRJEB65879,SAMEA114331721,1881939615,IMDEA FOOD INSTITUTE,2017,public,"fastq,sra,run.zq","ncbi,s3,gs","ncbi.public,s3.us-east-1,gs.us-east1",2024-03-07,2024-03-07,2024-03-07,ERX11408601,SAMEA114331721,Spain,Europe,Spain,Homo sapiens,IMDEA Food Institute,2023-09-05T15:15:18Z,public,Illumina NovaSeq 6000,Intestinal fecal,MetaDNA library,PAIRED,PCR,METAGENOMIC,human gut metagenome,ILLUMINA,2024-07-18T00:00:00Z,2024-07-24T09:27:00Z,1,SAMEA114331721,1838,human gut metagenome,ERP150971,1838
ERR12025104,AMPLICON,298,6572955374,PRJEB65879,SAMEA114331722,2096749636,IMDEA FOOD INSTITUTE,2017,public,"sra,run.zq,fastq","s3,gs,ncbi","s3.us-east-1,ncbi.public,gs.us-east1",2024-03-07,2024-03-07,2024-03-07,ERX11408602,SAMEA114331722,Spain,Europe,Spain,Homo sapiens,IMDEA Food Institute,2023-09-05T15:15:18Z,public,Illumina NovaSeq 6000,Intestinal fecal,MetaDNA library,PAIRED,PCR,METAGENOMIC,human gut metagenome,ILLUMINA,2024-07-18T00:00:00Z,2024-08-23T01:36:00Z,1,SAMEA114331722,1840,human gut metagenome,ERP150971,1840
ERR12025110,AMPLICON,298,6294484224,PRJEB65879,SAMEA114331728,1985152517,IMDEA FOOD INSTITUTE,2017,public,"run.zq,sra,fastq","s3,ncbi,gs","ncbi.public,s3.us-east-1,gs.us-east1",2024-03-07,2024-03-07,2024-03-07,ERX11408608,SAMEA114331728,Spain,Europe,Spain,Homo sapiens,IMDEA Food Institute,2023-09-05T15:15:18Z,public,Illumina NovaSeq 6000,Intestinal fecal,MetaDNA library,PAIRED,PCR,METAGENOMIC,human gut metagenome,ILLUMINA,2024-07-18T00:00:00Z,2024-07-25T01:54:00Z,1,SAMEA114331728,1847,human gut metagenome,ERP150971,1847
ERR12025081,AMPLICON,298,8046706616,PRJEB65879,SAMEA114331699,2547006614,IMDEA FOOD INSTITUTE,2017,public,"run.zq,fastq,sra","s3,gs,ncbi","ncbi.public,gs.us-east1,s3.us-east-1",2024-03-07,2024-03-07,2024-03-07,ERX11408579,SAMEA114331699,Spain,Europe,Spain,Homo sapiens,IMDEA Food Institute,2023-09-05T15:15:18Z,public,Illumina NovaSeq 6000,Intestinal fecal,MetaDNA library,PAIRED,PCR,METAGENOMIC,human gut metagenome,ILLUMINA,2024-07-18T00:00:00Z,2024-07-25T02:19:00Z,1,SAMEA114331699,1805,human gut metagenome,ERP150971,1805
ERR12025092,AMPLICON,298,4877168353,PRJEB65879,SAMEA114331710,1533973464,IMDEA FOOD INSTITUTE,2017,public,"sra,fastq,run.zq","gs,s3,ncbi","s3.us-east-1,gs.us-east1,ncbi.public",2024-03-07,2024-03-07,2024-03-07,ERX11408590,SAMEA114331710,Spain,Europe,Spain,Homo sapiens,IMDEA Food Institute,2023-09-05T15:15:18Z,public,Illumina NovaSeq 6000,Intestinal fecal,MetaDNA library,PAIRED,PCR,METAGENOMIC,human gut metagenome,ILLUMINA,2024-07-18T00:00:00Z,2024-08-22T14:13:00Z,1,SAMEA114331710,1820,human gut metagenome,ERP150971,1820
ERR12025073,AMPLICON,298,6709539007,PRJEB65879,SAMEA114331691,2124905979,IMDEA FOOD INSTITUTE,2017,public,"sra,run.zq,fastq","ncbi,s3,gs","s3.us-east-1,gs.us-east1,ncbi.public",2024-03-07,2024-03-07,2024-03-07,ERX11408571,SAMEA114331691,Spain,Europe,Spain,Homo sapiens,IMDEA Food Institute,2023-09-05T15:15:18Z,public,Illumina NovaSeq 6000,Intestinal fecal,MetaDNA library,PAIRED,PCR,METAGENOMIC,human gut metagenome,ILLUMINA,2024-07-18T00:00:00Z,2024-07-25T03:33:00Z,1,SAMEA114331691,1796,human gut metagenome,ERP150971,1796
ERR12025075,AMPLICON,298,3155017006,PRJEB65879,SAMEA114331693,985926522,IMDEA FOOD INSTITUTE,2017,public,"fastq,sra,run.zq","gs,s3,ncbi","s3.us-east-1,ncbi.public,gs.us-east1",2024-03-07,2024-03-07,2024-03-07,ERX11408573,SAMEA114331693,Spain,Europe,Spain,Homo sapiens,IMDEA Food Institute,2023-09-05T15:15:18Z,public,Illumina NovaSeq 6000,Intestinal fecal,MetaDNA library,PAIRED,PCR,METAGENOMIC,human gut metagenome,ILLUMINA,2024-07-18T00:00:00Z,2024-07-25T07:18:00Z,1,SAMEA114331693,1798,human gut metagenome,ERP150971,1798
ERR12025078,AMPLICON,298,5623688789,PRJEB65879,SAMEA114331696,1761795257,IMDEA FOOD INSTITUTE,2017,public,"run.zq,sra,fastq","gs,s3,ncbi","ncbi.public,s3.us-east-1,gs.us-east1",2024-03-07,2024-03-07,2024-03-07,ERX11408576,SAMEA114331696,Spain,Europe,Spain,Homo sapiens,IMDEA Food Institute,2023-09-05T15:15:18Z,public,Illumina NovaSeq 6000,Intestinal fecal,MetaDNA library,PAIRED,PCR,METAGENOMIC,human gut metagenome,ILLUMINA,2024-07-18T00:00:00Z,2024-07-25T09:10:00Z,1,SAMEA114331696,1801,human gut metagenome,ERP150971,1801
ERR12025079,AMPLICON,298,4408743351,PRJEB65879,SAMEA114331697,1404686750,IMDEA FOOD INSTITUTE,2017,public,"sra,run.zq,fastq","gs,ncbi,s3","gs.us-east1,ncbi.public,s3.us-east-1",2024-03-07,2024-03-07,2024-03-07,ERX11408577,SAMEA114331697,Spain,Europe,Spain,Homo sapiens,IMDEA Food Institute,2023-09-05T15:15:18Z,public,Illumina NovaSeq 6000,Intestinal fecal,MetaDNA library,PAIRED,PCR,METAGENOMIC,human gut metagenome,ILLUMINA,2024-07-18T00:00:00Z,2024-08-11T19:05:00Z,1,SAMEA114331697,1802,human gut metagenome,ERP150971,1802
ERR12025096,AMPLICON,298,5091772333,PRJEB65879,SAMEA114331714,1619479295,IMDEA FOOD INSTITUTE,2017,public,"run.zq,sra,fastq","ncbi,gs,s3","gs.us-east1,ncbi.public,s3.us-east-1",2024-03-07,2024-03-07,2024-03-07,ERX11408594,SAMEA114331714,Spain,Europe,Spain,Homo sapiens,IMDEA Food Institute,2023-09-05T15:15:18Z,public,Illumina NovaSeq 6000,Intestinal fecal,MetaDNA library,PAIRED,PCR,METAGENOMIC,human gut metagenome,ILLUMINA,2024-07-18T00:00:00Z,2024-07-25T03:28:00Z,1,SAMEA114331714,1827,human gut metagenome,ERP150971,1827
ERR12025097,AMPLICON,298,5147991838,PRJEB65879,SAMEA114331715,1619666349,IMDEA FOOD INSTITUTE,2017,public,"run.zq,sra,fastq","ncbi,s3,gs","s3.us-east-1,ncbi.public,gs.us-east1",2024-03-07,2024-03-07,2024-03-07,ERX11408595,SAMEA114331715,Spain,Europe,Spain,Homo sapiens,IMDEA Food Institute,2023-09-05T15:15:18Z,public,Illumina NovaSeq 6000,Intestinal fecal,MetaDNA library,PAIRED,PCR,METAGENOMIC,human gut metagenome,ILLUMINA,2024-07-18T00:00:00Z,2024-08-11T19:06:00Z,1,SAMEA114331715,1830,human gut metagenome,ERP150971,1830
ERR12025109,AMPLICON,298,4902423857,PRJEB65879,SAMEA114331727,1560022148,IMDEA FOOD INSTITUTE,2017,public,"fastq,sra,run.zq","s3,gs,ncbi","s3.us-east-1,gs.us-east1,ncbi.public",2024-03-07,2024-03-07,2024-03-07,ERX11408607,SAMEA114331727,Spain,Europe,Spain,Homo sapiens,IMDEA Food Institute,2023-09-05T15:15:18Z,public,Illumina NovaSeq 6000,Intestinal fecal,MetaDNA library,PAIRED,PCR,METAGENOMIC,human gut metagenome,ILLUMINA,2024-07-18T00:00:00Z,2024-08-11T12:53:00Z,1,SAMEA114331727,1846,human gut metagenome,ERP150971,1846
ERR12025074,AMPLICON,298,5965581502,PRJEB65879,SAMEA114331692,1882188440,IMDEA FOOD INSTITUTE,2017,public,"sra,run.zq,fastq","s3,ncbi,gs","gs.us-east1,s3.us-east-1,ncbi.public",2024-03-07,2024-03-07,2024-03-07,ERX11408572,SAMEA114331692,Spain,Europe,Spain,Homo sapiens,IMDEA Food Institute,2023-09-05T15:15:18Z,public,Illumina NovaSeq 6000,Intestinal fecal,MetaDNA library,PAIRED,PCR,METAGENOMIC,human gut metagenome,ILLUMINA,2024-07-18T00:00:00Z,2024-07-25T19:13:00Z,1,SAMEA114331692,1797,human gut metagenome,ERP150971,1797
ERR12025082,AMPLICON,298,5223349575,PRJEB65879,SAMEA114331700,1655564381,IMDEA FOOD INSTITUTE,2017,public,"run.zq,fastq,sra","gs,ncbi,s3","gs.us-east1,s3.us-east-1,ncbi.public",2024-03-07,2024-03-07,2024-03-07,ERX11408580,SAMEA114331700,Spain,Europe,Spain,Homo sapiens,IMDEA Food Institute,2023-09-05T15:15:18Z,public,Illumina NovaSeq 6000,Intestinal fecal,MetaDNA library,PAIRED,PCR,METAGENOMIC,human gut metagenome,ILLUMINA,2024-07-18T00:00:00Z,2024-07-25T20:56:00Z,1,SAMEA114331700,1807,human gut metagenome,ERP150971,1807
ERR12025086,AMPLICON,298,5067397542,PRJEB65879,SAMEA114331704,1608426409,IMDEA FOOD INSTITUTE,2017,public,"sra,run.zq,fastq","ncbi,s3,gs","gs.us-east1,s3.us-east-1,ncbi.public",2024-03-07,2024-03-07,2024-03-07,ERX11408584,SAMEA114331704,Spain,Europe,Spain,Homo sapiens,IMDEA Food Institute,2023-09-05T15:15:18Z,public,Illumina NovaSeq 6000,Intestinal fecal,MetaDNA library,PAIRED,PCR,METAGENOMIC,human gut metagenome,ILLUMINA,2024-07-18T00:00:00Z,2024-07-25T17:35:00Z,1,SAMEA114331704,1812,human gut metagenome,ERP150971,1812
ERR12025087,AMPLICON,298,5329679352,PRJEB65879,SAMEA114331705,1679051445,IMDEA FOOD INSTITUTE,2017,public,"fastq,run.zq,sra","s3,ncbi,gs","s3.us-east-1,gs.us-east1,ncbi.public",2024-03-07,2024-03-07,2024-03-07,ERX11408585,SAMEA114331705,Spain,Europe,Spain,Homo sapiens,IMDEA Food Institute,2023-09-05T15:15:18Z,public,Illumina NovaSeq 6000,Intestinal fecal,MetaDNA library,PAIRED,PCR,METAGENOMIC,human gut metagenome,ILLUMINA,2024-07-18T00:00:00Z,2024-07-25T22:33:00Z,1,SAMEA114331705,1813,human gut metagenome,ERP150971,1813
ERR12025091,AMPLICON,298,6536382824,PRJEB65879,SAMEA114331709,2068215764,IMDEA FOOD INSTITUTE,2017,public,"run.zq,sra,fastq","ncbi,gs,s3","gs.us-east1,ncbi.public,s3.us-east-1",2024-03-07,2024-03-07,2024-03-07,ERX11408589,SAMEA114331709,Spain,Europe,Spain,Homo sapiens,IMDEA Food Institute,2023-09-05T15:15:18Z,public,Illumina NovaSeq 6000,Intestinal fecal,MetaDNA library,PAIRED,PCR,METAGENOMIC,human gut metagenome,ILLUMINA,2024-07-18T00:00:00Z,2024-07-25T22:24:00Z,1,SAMEA114331709,1819,human gut metagenome,ERP150971,1819
ERR12025095,AMPLICON,298,6814523526,PRJEB65879,SAMEA114331713,2156759174,IMDEA FOOD INSTITUTE,2017,public,"fastq,run.zq,sra","ncbi,s3,gs","gs.us-east1,ncbi.public,s3.us-east-1",2024-03-07,2024-03-07,2024-03-07,ERX11408593,SAMEA114331713,Spain,Europe,Spain,Homo sapiens,IMDEA Food Institute,2023-09-05T15:15:18Z,public,Illumina NovaSeq 6000,Intestinal fecal,MetaDNA library,PAIRED,PCR,METAGENOMIC,human gut metagenome,ILLUMINA,2024-07-18T00:00:00Z,2024-07-25T19:19:00Z,1,SAMEA114331713,1826,human gut metagenome,ERP150971,1826
ERR12025100,AMPLICON,298,6518555154,PRJEB65879,SAMEA114331718,2040131732,IMDEA FOOD INSTITUTE,2017,public,"fastq,sra,run.zq","gs,ncbi,s3","gs.us-east1,s3.us-east-1,ncbi.public",2024-03-07,2024-03-07,2024-03-07,ERX11408598,SAMEA114331718,Spain,Europe,Spain,Homo sapiens,IMDEA Food Institute,2023-09-05T15:15:18Z,public,Illumina NovaSeq 6000,Intestinal fecal,MetaDNA library,PAIRED,PCR,METAGENOMIC,human gut metagenome,ILLUMINA,2024-07-18T00:00:00Z,2024-07-25T19:16:00Z,1,SAMEA114331718,1834,human gut metagenome,ERP150971,1834
ERR12025076,AMPLICON,298,2880925487,PRJEB65879,SAMEA114331694,919614792,IMDEA FOOD INSTITUTE,2017,public,"run.zq,sra,fastq","s3,ncbi,gs","gs.us-east1,ncbi.public,s3.us-east-1",2024-03-07,2024-03-07,2024-03-07,ERX11408574,SAMEA114331694,Spain,Europe,Spain,Homo sapiens,IMDEA Food Institute,2023-09-05T15:15:18Z,public,Illumina NovaSeq 6000,Intestinal fecal,MetaDNA library,PAIRED,PCR,METAGENOMIC,human gut metagenome,ILLUMINA,2024-07-18T00:00:00Z,2024-07-25T13:39:00Z,1,SAMEA114331694,1799,human gut metagenome,ERP150971,1799
ERR12025085,AMPLICON,298,4752743406,PRJEB65879,SAMEA114331703,1502431062,IMDEA FOOD INSTITUTE,2017,public,"sra,fastq,run.zq","gs,ncbi,s3","ncbi.public,gs.us-east1,s3.us-east-1",2024-03-07,2024-03-07,2024-03-07,ERX11408583,SAMEA114331703,Spain,Europe,Spain,Homo sapiens,IMDEA Food Institute,2023-09-05T15:15:18Z,public,Illumina NovaSeq 6000,Intestinal fecal,MetaDNA library,PAIRED,PCR,METAGENOMIC,human gut metagenome,ILLUMINA,2024-07-18T00:00:00Z,2024-08-24T17:22:00Z,1,SAMEA114331703,1811,human gut metagenome,ERP150971,1811
ERR12025089,AMPLICON,298,5862627665,PRJEB65879,SAMEA114331707,1845871368,IMDEA FOOD INSTITUTE,2017,public,"fastq,sra,run.zq","s3,ncbi,gs","ncbi.public,s3.us-east-1,gs.us-east1",2024-03-07,2024-03-07,2024-03-07,ERX11408587,SAMEA114331707,Spain,Europe,Spain,Homo sapiens,IMDEA Food Institute,2023-09-05T15:15:18Z,public,Illumina NovaSeq 6000,Intestinal fecal,MetaDNA library,PAIRED,PCR,METAGENOMIC,human gut metagenome,ILLUMINA,2024-07-18T00:00:00Z,2024-08-11T20:33:00Z,1,SAMEA114331707,1815,human gut metagenome,ERP150971,1815
ERR12025099,AMPLICON,298,5405390421,PRJEB65879,SAMEA114331717,1711496716,IMDEA FOOD INSTITUTE,2017,public,"fastq,run.zq,sra","gs,s3,ncbi","gs.us-east1,ncbi.public,s3.us-east-1",2024-03-07,2024-03-07,2024-03-07,ERX11408597,SAMEA114331717,Spain,Europe,Spain,Homo sapiens,IMDEA Food Institute,2023-09-05T15:15:18Z,public,Illumina NovaSeq 6000,Intestinal fecal,MetaDNA library,PAIRED,PCR,METAGENOMIC,human gut metagenome,ILLUMINA,2024-07-18T00:00:00Z,2024-07-26T02:09:00Z,1,SAMEA114331717,1832,human gut metagenome,ERP150971,1832
ERR12025101,AMPLICON,298,5696488489,PRJEB65879,SAMEA114331719,1790474180,IMDEA FOOD INSTITUTE,2017,public,"fastq,sra,run.zq","gs,ncbi,s3","ncbi.public,gs.us-east1,s3.us-east-1",2024-03-07,2024-03-07,2024-03-07,ERX11408599,SAMEA114331719,Spain,Europe,Spain,Homo sapiens,IMDEA Food Institute,2023-09-05T15:15:18Z,public,Illumina NovaSeq 6000,Intestinal fecal,MetaDNA library,PAIRED,PCR,METAGENOMIC,human gut metagenome,ILLUMINA,2024-07-18T00:00:00Z,2024-07-25T13:38:00Z,1,SAMEA114331719,1835,human gut metagenome,ERP150971,1835
ERR12025106,AMPLICON,298,5241863703,PRJEB65879,SAMEA114331724,1650949368,IMDEA FOOD INSTITUTE,2017,public,"run.zq,fastq,sra","s3,ncbi,gs","s3.us-east-1,gs.us-east1,ncbi.public",2024-03-07,2024-03-07,2024-03-07,ERX11408604,SAMEA114331724,Spain,Europe,Spain,Homo sapiens,IMDEA Food Institute,2023-09-05T15:15:18Z,public,Illumina NovaSeq 6000,Intestinal fecal,MetaDNA library,PAIRED,PCR,METAGENOMIC,human gut metagenome,ILLUMINA,2024-07-18T00:00:00Z,2024-07-25T13:31:00Z,1,SAMEA114331724,1843,human gut metagenome,ERP150971,1843
ERR12025107,AMPLICON,298,4887735308,PRJEB65879,SAMEA114331725,1541350128,IMDEA FOOD INSTITUTE,2017,public,"fastq,run.zq,sra","s3,ncbi,gs","gs.us-east1,s3.us-east-1,ncbi.public",2024-03-07,2024-03-07,2024-03-07,ERX11408605,SAMEA114331725,Spain,Europe,Spain,Homo sapiens,IMDEA Food Institute,2023-09-05T15:15:18Z,public,Illumina NovaSeq 6000,Intestinal fecal,MetaDNA library,PAIRED,PCR,METAGENOMIC,human gut metagenome,ILLUMINA,2024-07-18T00:00:00Z,2024-07-26T02:11:00Z,1,SAMEA114331725,1844,human gut metagenome,ERP150971,1844
ERR12025108,AMPLICON,298,4715728413,PRJEB65879,SAMEA114331726,1487670419,IMDEA FOOD INSTITUTE,2017,public,"sra,run.zq,fastq","gs,s3,ncbi","s3.us-east-1,gs.us-east1,ncbi.public",2024-03-07,2024-03-07,2024-03-07,ERX11408606,SAMEA114331726,Spain,Europe,Spain,Homo sapiens,IMDEA Food Institute,2023-09-05T15:15:18Z,public,Illumina NovaSeq 6000,Intestinal fecal,MetaDNA library,PAIRED,PCR,METAGENOMIC,human gut metagenome,ILLUMINA,2024-07-18T00:00:00Z,2024-07-25T15:00:00Z,1,SAMEA114331726,1845,human gut metagenome,ERP150971,1845
ERR12025111,AMPLICON,298,5114795093,PRJEB65879,SAMEA114331729,1624612693,IMDEA FOOD INSTITUTE,2017,public,"sra,run.zq,fastq","s3,ncbi,gs","ncbi.public,gs.us-east1,s3.us-east-1",2024-03-07,2024-03-07,2024-03-07,ERX11408609,SAMEA114331729,Spain,Europe,Spain,Homo sapiens,IMDEA Food Institute,2023-09-05T15:15:18Z,public,Illumina NovaSeq 6000,Intestinal fecal,MetaDNA library,PAIRED,PCR,METAGENOMIC,human gut metagenome,ILLUMINA,2024-07-18T00:00:00Z,2024-07-25T15:06:00Z,1,SAMEA114331729,1848,human gut metagenome,ERP150971,1848
