Experiment Accession,Experiment Title,Organism Name,Instrument,Submitter,Study Accession,Study Title,Sample Accession,Sample Title,"Total Size, Mb",Total RUNs,Total Spots,Total Bases,Library Name,Library Strategy,Library Source,Library Selection
SRX26491443,Metagenome,metagenome,Illumina HiSeq 2500,sra_cosmosid,SRP158417,Influence of early environmental factors on the establishment and development of gut microbiome composition and function and metabolomics profiles in infants at-risk of celiac disease,SRS23004663,,2750.56,1,21852652,6599500904,Control_7_15_Month,WGS,METAGENOMIC,PCR
SRX26491442,Metagenome,metagenome,Illumina HiSeq 2500,sra_cosmosid,SRP158417,Influence of early environmental factors on the establishment and development of gut microbiome composition and function and metabolomics profiles in infants at-risk of celiac disease,SRS23004662,,2785.25,1,23114705,6980640910,Control_7_12_Month,WGS,METAGENOMIC,PCR
SRX26491441,Metagenome,metagenome,Illumina HiSeq 2500,sra_cosmosid,SRP158417,Influence of early environmental factors on the establishment and development of gut microbiome composition and function and metabolomics profiles in infants at-risk of celiac disease,SRS23004661,,2152.25,1,18028212,5444520024,Control_6_Subject_14_4-6_Month,WGS,METAGENOMIC,PCR
SRX26491440,Metagenome,metagenome,Illumina HiSeq 2500,sra_cosmosid,SRP158417,Influence of early environmental factors on the establishment and development of gut microbiome composition and function and metabolomics profiles in infants at-risk of celiac disease,SRS23004660,,2079.32,1,16598629,5012785958,Control_6_24_Month,WGS,METAGENOMIC,PCR
SRX26491439,Metagenome,metagenome,Illumina HiSeq 2500,sra_cosmosid,SRP158417,Influence of early environmental factors on the establishment and development of gut microbiome composition and function and metabolomics profiles in infants at-risk of celiac disease,SRS23004659,,2070.08,1,17305054,5226126308,Control_6_21_Month,WGS,METAGENOMIC,PCR
SRX26491438,Metagenome,metagenome,Illumina HiSeq 2500,sra_cosmosid,SRP158417,Influence of early environmental factors on the establishment and development of gut microbiome composition and function and metabolomics profiles in infants at-risk of celiac disease,SRS23004658,,2440.51,1,19455488,5875557376,Control_6_18_Month,WGS,METAGENOMIC,PCR
SRX26491437,Metagenome,metagenome,Illumina HiSeq 2500,sra_cosmosid,SRP158417,Influence of early environmental factors on the establishment and development of gut microbiome composition and function and metabolomics profiles in infants at-risk of celiac disease,SRS23004657,,2182.37,1,18421758,5563370916,Control_6_15_Month,WGS,METAGENOMIC,PCR
SRX26491436,Metagenome,metagenome,Illumina HiSeq 2500,sra_cosmosid,SRP158417,Influence of early environmental factors on the establishment and development of gut microbiome composition and function and metabolomics profiles in infants at-risk of celiac disease,SRS23004655,,2241.62,1,18865042,5697242684,Control_6_12_Month,WGS,METAGENOMIC,PCR
SRX26491435,Metagenome,metagenome,Illumina HiSeq 2500,sra_cosmosid,SRP158417,Influence of early environmental factors on the establishment and development of gut microbiome composition and function and metabolomics profiles in infants at-risk of celiac disease,SRS23004656,,2812.66,1,22896858,6914851116,Control_6_9_Month,WGS,METAGENOMIC,PCR
SRX26491434,Metagenome,metagenome,Illumina HiSeq 2500,sra_cosmosid,SRP158417,Influence of early environmental factors on the establishment and development of gut microbiome composition and function and metabolomics profiles in infants at-risk of celiac disease,SRS23004654,,2622.22,1,21623829,6530396358,Control_5_48_Month,WGS,METAGENOMIC,PCR
SRX26491433,Metagenome,metagenome,Illumina HiSeq 2500,sra_cosmosid,SRP158417,Influence of early environmental factors on the establishment and development of gut microbiome composition and function and metabolomics profiles in infants at-risk of celiac disease,SRS23004652,,2047.44,1,17249989,5209496678,Case_10_18_Month,WGS,METAGENOMIC,PCR
SRX26491432,Metagenome,metagenome,Illumina HiSeq 2500,sra_cosmosid,SRP158417,Influence of early environmental factors on the establishment and development of gut microbiome composition and function and metabolomics profiles in infants at-risk of celiac disease,SRS23004653,,2256.92,1,18760172,5665571944,Control_5_42_Month,WGS,METAGENOMIC,PCR
SRX26491431,Metagenome,metagenome,Illumina HiSeq 2500,sra_cosmosid,SRP158417,Influence of early environmental factors on the establishment and development of gut microbiome composition and function and metabolomics profiles in infants at-risk of celiac disease,SRS23004651,,2580.08,1,21567832,6513485264,Control_5_36_Month,WGS,METAGENOMIC,PCR
SRX26491430,Metagenome,metagenome,Illumina HiSeq 2500,sra_cosmosid,SRP158417,Influence of early environmental factors on the establishment and development of gut microbiome composition and function and metabolomics profiles in infants at-risk of celiac disease,SRS23004649,,2112.92,1,17841528,5388141456,Control_5_33_Month,WGS,METAGENOMIC,PCR
SRX26491429,Metagenome,metagenome,Illumina HiSeq 2500,sra_cosmosid,SRP158417,Influence of early environmental factors on the establishment and development of gut microbiome composition and function and metabolomics profiles in infants at-risk of celiac disease,SRS23004650,,1995.96,1,15929568,4810729536,Control_5_30_Month,WGS,METAGENOMIC,PCR
SRX26491428,Metagenome,metagenome,Illumina HiSeq 2500,sra_cosmosid,SRP158417,Influence of early environmental factors on the establishment and development of gut microbiome composition and function and metabolomics profiles in infants at-risk of celiac disease,SRS23004648,,2388.56,1,20954004,6328109208,Control_4_4-6_Month,WGS,METAGENOMIC,PCR
SRX26491427,Metagenome,metagenome,Illumina HiSeq 2500,sra_cosmosid,SRP158417,Influence of early environmental factors on the establishment and development of gut microbiome composition and function and metabolomics profiles in infants at-risk of celiac disease,SRS23004647,,3304.28,1,29474631,8901338562,Control_4_18_Month,WGS,METAGENOMIC,PCR
SRX26491426,Metagenome,metagenome,Illumina HiSeq 2500,sra_cosmosid,SRP158417,Influence of early environmental factors on the establishment and development of gut microbiome composition and function and metabolomics profiles in infants at-risk of celiac disease,SRS23004646,,2304.86,1,20295123,6129127146,Control_4_9_Month,WGS,METAGENOMIC,PCR
SRX26491425,Metagenome,metagenome,Illumina HiSeq 2500,sra_cosmosid,SRP158417,Influence of early environmental factors on the establishment and development of gut microbiome composition and function and metabolomics profiles in infants at-risk of celiac disease,SRS23004645,,2977.21,1,26384377,7968081854,Control_4_15_Month,WGS,METAGENOMIC,PCR
SRX26491424,Metagenome,metagenome,Illumina HiSeq 2500,sra_cosmosid,SRP158417,Influence of early environmental factors on the establishment and development of gut microbiome composition and function and metabolomics profiles in infants at-risk of celiac disease,SRS23004644,,2851.56,1,25441510,7683336020,Control_4_12_Month,WGS,METAGENOMIC,PCR
SRX26491423,Metagenome,metagenome,Illumina HiSeq 2500,sra_cosmosid,SRP158417,Influence of early environmental factors on the establishment and development of gut microbiome composition and function and metabolomics profiles in infants at-risk of celiac disease,SRS23004643,,2378.84,1,20671525,6242800550,Control_3_24_Month,WGS,METAGENOMIC,PCR
SRX26491422,Metagenome,metagenome,Illumina HiSeq 2500,sra_cosmosid,SRP158417,Influence of early environmental factors on the establishment and development of gut microbiome composition and function and metabolomics profiles in infants at-risk of celiac disease,SRS23004642,,2506.0,1,20871381,6303157062,Case_10_15_Month,WGS,METAGENOMIC,PCR
SRX26491421,Metagenome,metagenome,Illumina HiSeq 2500,sra_cosmosid,SRP158417,Influence of early environmental factors on the establishment and development of gut microbiome composition and function and metabolomics profiles in infants at-risk of celiac disease,SRS23004641,,1824.99,1,16207239,4894586178,Control_3_21_Month,WGS,METAGENOMIC,PCR
SRX26491420,Metagenome,metagenome,Illumina HiSeq 2500,sra_cosmosid,SRP158417,Influence of early environmental factors on the establishment and development of gut microbiome composition and function and metabolomics profiles in infants at-risk of celiac disease,SRS23004640,,2128.55,1,18453053,5572822006,Control_3_18_Month,WGS,METAGENOMIC,PCR
SRX26491419,Metagenome,metagenome,Illumina HiSeq 2500,sra_cosmosid,SRP158417,Influence of early environmental factors on the establishment and development of gut microbiome composition and function and metabolomics profiles in infants at-risk of celiac disease,SRS23004638,,2222.98,1,19690430,5946509860,Control_3_15_Month,WGS,METAGENOMIC,PCR
SRX26491418,Metagenome,metagenome,Illumina HiSeq 2500,sra_cosmosid,SRP158417,Influence of early environmental factors on the establishment and development of gut microbiome composition and function and metabolomics profiles in infants at-risk of celiac disease,SRS23004639,,2260.01,1,19916569,6014803838,Control_3_12_Month,WGS,METAGENOMIC,PCR
SRX26491417,Metagenome,metagenome,Illumina HiSeq 2500,sra_cosmosid,SRP158417,Influence of early environmental factors on the establishment and development of gut microbiome composition and function and metabolomics profiles in infants at-risk of celiac disease,SRS23004637,,2045.26,1,18129973,5475251846,Control_3_9_Month,WGS,METAGENOMIC,PCR
SRX26491416,Metagenome,metagenome,Illumina HiSeq 2500,sra_cosmosid,SRP158417,Influence of early environmental factors on the establishment and development of gut microbiome composition and function and metabolomics profiles in infants at-risk of celiac disease,SRS23004636,,1639.18,1,14764593,4458907086,Control_3_4-6_Month,WGS,METAGENOMIC,PCR
SRX26491415,Metagenome,metagenome,Illumina HiSeq 2500,sra_cosmosid,SRP158417,Influence of early environmental factors on the establishment and development of gut microbiome composition and function and metabolomics profiles in infants at-risk of celiac disease,SRS23004634,,2908.92,1,25594111,7729421522,Control_2_15_Month,WGS,METAGENOMIC,PCR
SRX26491414,Metagenome,metagenome,Illumina HiSeq 2500,sra_cosmosid,SRP158417,Influence of early environmental factors on the establishment and development of gut microbiome composition and function and metabolomics profiles in infants at-risk of celiac disease,SRS23004635,,2400.39,1,21202572,6403176744,Control_2_12_Month,WGS,METAGENOMIC,PCR
SRX26491413,Metagenome,metagenome,Illumina HiSeq 2500,sra_cosmosid,SRP158417,Influence of early environmental factors on the establishment and development of gut microbiome composition and function and metabolomics profiles in infants at-risk of celiac disease,SRS23004632,,2911.67,1,25075606,7572833012,Control_2_4-6_Month,WGS,METAGENOMIC,PCR
SRX26491412,Metagenome,metagenome,Illumina HiSeq 2500,sra_cosmosid,SRP158417,Influence of early environmental factors on the establishment and development of gut microbiome composition and function and metabolomics profiles in infants at-risk of celiac disease,SRS23004633,,2226.16,1,19836000,5990472000,Control_2_24_Month,WGS,METAGENOMIC,PCR
SRX26491411,Metagenome,metagenome,Illumina HiSeq 2500,sra_cosmosid,SRP158417,Influence of early environmental factors on the establishment and development of gut microbiome composition and function and metabolomics profiles in infants at-risk of celiac disease,SRS23004631,,2819.21,1,23455480,7083554960,Case_10_12_Month,WGS,METAGENOMIC,PCR
SRX26491410,Metagenome,metagenome,Illumina HiSeq 2500,sra_cosmosid,SRP158417,Influence of early environmental factors on the establishment and development of gut microbiome composition and function and metabolomics profiles in infants at-risk of celiac disease,SRS23004630,,2676.61,1,23585747,7122895594,Control_2_21_Month,WGS,METAGENOMIC,PCR
SRX26491409,Metagenome,metagenome,Illumina HiSeq 2500,sra_cosmosid,SRP158417,Influence of early environmental factors on the establishment and development of gut microbiome composition and function and metabolomics profiles in infants at-risk of celiac disease,SRS23004629,,2858.99,1,25142003,7592884906,Control_2_18_Month,WGS,METAGENOMIC,PCR
SRX26491408,Metagenome,metagenome,Illumina HiSeq 2500,sra_cosmosid,SRP158417,Influence of early environmental factors on the establishment and development of gut microbiome composition and function and metabolomics profiles in infants at-risk of celiac disease,SRS23004628,,3346.7,1,28665679,8657035058,Control_2_9_Month,WGS,METAGENOMIC,PCR
SRX26491407,Metagenome,metagenome,Illumina HiSeq 2500,sra_cosmosid,SRP158417,Influence of early environmental factors on the establishment and development of gut microbiome composition and function and metabolomics profiles in infants at-risk of celiac disease,SRS23004626,,3010.64,1,24060554,7266287308,Control_10_18_Month,WGS,METAGENOMIC,PCR
SRX26491406,Metagenome,metagenome,Illumina HiSeq 2500,sra_cosmosid,SRP158417,Influence of early environmental factors on the establishment and development of gut microbiome composition and function and metabolomics profiles in infants at-risk of celiac disease,SRS23004625,,2230.01,1,18867788,5698071976,Control_10_15_Month,WGS,METAGENOMIC,PCR
SRX26491405,Metagenome,metagenome,Illumina HiSeq 2500,sra_cosmosid,SRP158417,Influence of early environmental factors on the establishment and development of gut microbiome composition and function and metabolomics profiles in infants at-risk of celiac disease,SRS23004627,,2735.84,1,21671003,6544642906,Control_10_12_Month,WGS,METAGENOMIC,PCR
SRX26491404,Metagenome,metagenome,Illumina HiSeq 2500,sra_cosmosid,SRP158417,Influence of early environmental factors on the establishment and development of gut microbiome composition and function and metabolomics profiles in infants at-risk of celiac disease,SRS23004624,,2241.38,1,18576833,5610203566,Control_10_9_Month,WGS,METAGENOMIC,PCR
SRX26491403,Metagenome,metagenome,Illumina HiSeq 2500,sra_cosmosid,SRP158417,Influence of early environmental factors on the establishment and development of gut microbiome composition and function and metabolomics profiles in infants at-risk of celiac disease,SRS23004623,,2451.74,1,19335173,5839222246,Control_10_4-6_Month,WGS,METAGENOMIC,PCR
SRX26491402,Metagenome,metagenome,Illumina HiSeq 2500,sra_cosmosid,SRP158417,Influence of early environmental factors on the establishment and development of gut microbiome composition and function and metabolomics profiles in infants at-risk of celiac disease,SRS23004621,,3232.31,1,27733707,8375579514,Control_1_3_Month,WGS,METAGENOMIC,PCR
SRX26491401,Metagenome,metagenome,Illumina HiSeq 2500,sra_cosmosid,SRP158417,Influence of early environmental factors on the establishment and development of gut microbiome composition and function and metabolomics profiles in infants at-risk of celiac disease,SRS23004622,,2398.37,1,20862775,6300558050,Control_1_9_Month,WGS,METAGENOMIC,PCR
SRX26491400,Metagenome,metagenome,Illumina HiSeq 2500,sra_cosmosid,SRP158417,Influence of early environmental factors on the establishment and development of gut microbiome composition and function and metabolomics profiles in infants at-risk of celiac disease,SRS23004620,,2433.6,1,20483002,6185866604,Case_10_9_Month,WGS,METAGENOMIC,PCR
SRX26491399,Metagenome,metagenome,Illumina HiSeq 2500,sra_cosmosid,SRP158417,Influence of early environmental factors on the establishment and development of gut microbiome composition and function and metabolomics profiles in infants at-risk of celiac disease,SRS23004619,,2366.75,1,20838632,6293266864,Control_1_12_Month,WGS,METAGENOMIC,PCR
SRX26491398,Metagenome,metagenome,Illumina HiSeq 2500,sra_cosmosid,SRP158417,Influence of early environmental factors on the establishment and development of gut microbiome composition and function and metabolomics profiles in infants at-risk of celiac disease,SRS23004618,,2521.92,1,22141118,6686617636,Control_1_15_Month,WGS,METAGENOMIC,PCR
SRX26491397,Metagenome,metagenome,Illumina HiSeq 2500,sra_cosmosid,SRP158417,Influence of early environmental factors on the establishment and development of gut microbiome composition and function and metabolomics profiles in infants at-risk of celiac disease,SRS23004617,,1844.84,1,16680156,5037407112,Control_1_18_Month,WGS,METAGENOMIC,PCR
SRX26491396,Metagenome,metagenome,Illumina HiSeq 2500,sra_cosmosid,SRP158417,Influence of early environmental factors on the establishment and development of gut microbiome composition and function and metabolomics profiles in infants at-risk of celiac disease,SRS23004616,,2171.97,1,17151463,5179741826,Case_9_30_Month,WGS,METAGENOMIC,PCR
SRX26491395,Metagenome,metagenome,Illumina HiSeq 2500,sra_cosmosid,SRP158417,Influence of early environmental factors on the establishment and development of gut microbiome composition and function and metabolomics profiles in infants at-risk of celiac disease,SRS23004615,,2328.85,1,19611060,5922540120,Case_9_27_Month,WGS,METAGENOMIC,PCR
SRX26491394,Metagenome,metagenome,Illumina HiSeq 2500,sra_cosmosid,SRP158417,Influence of early environmental factors on the establishment and development of gut microbiome composition and function and metabolomics profiles in infants at-risk of celiac disease,SRS23004613,,2754.63,1,21957190,6631071380,Case_9_24_Month,WGS,METAGENOMIC,PCR
SRX26491385,Metagenome,metagenome,Illumina HiSeq 2500,sra_cosmosid,SRP158417,Influence of early environmental factors on the establishment and development of gut microbiome composition and function and metabolomics profiles in infants at-risk of celiac disease,SRS23004605,,2475.34,1,21162673,6391127246,Case_2_18_Month,WGS,METAGENOMIC,PCR
SRX26491374,Metagenome,metagenome,Illumina HiSeq 2500,sra_cosmosid,SRP158417,Influence of early environmental factors on the establishment and development of gut microbiome composition and function and metabolomics profiles in infants at-risk of celiac disease,SRS23004594,,2141.86,1,18366646,5546727092,Case_2_21_Month,WGS,METAGENOMIC,PCR
SRX26491363,Metagenome,metagenome,Illumina HiSeq 2500,sra_cosmosid,SRP158417,Influence of early environmental factors on the establishment and development of gut microbiome composition and function and metabolomics profiles in infants at-risk of celiac disease,SRS23004584,,2349.06,1,20200783,6100636466,Case_2_24_Month,WGS,METAGENOMIC,PCR
SRX26491357,Metagenome,metagenome,Illumina HiSeq 2500,sra_cosmosid,SRP158417,Influence of early environmental factors on the establishment and development of gut microbiome composition and function and metabolomics profiles in infants at-risk of celiac disease,SRS23004578,,2495.24,1,21866652,6603728904,Case_3_15_Month,WGS,METAGENOMIC,PCR
SRX26491356,Metagenome,metagenome,Illumina HiSeq 2500,sra_cosmosid,SRP158417,Influence of early environmental factors on the establishment and development of gut microbiome composition and function and metabolomics profiles in infants at-risk of celiac disease,SRS23004576,,2160.95,1,19122738,5775066876,Case_1_12_Month,WGS,METAGENOMIC,PCR
SRX26491346,Metagenome,metagenome,Illumina HiSeq 2500,sra_cosmosid,SRP158417,Influence of early environmental factors on the establishment and development of gut microbiome composition and function and metabolomics profiles in infants at-risk of celiac disease,SRS23004566,,2783.88,1,23958412,7235440424,Case_3_12_Month,WGS,METAGENOMIC,PCR
SRX26491335,Metagenome,metagenome,Illumina HiSeq 2500,sra_cosmosid,SRP158417,Influence of early environmental factors on the establishment and development of gut microbiome composition and function and metabolomics profiles in infants at-risk of celiac disease,SRS23004555,,2348.2,1,20627160,6229402320,Case_3_9_Month,WGS,METAGENOMIC,PCR
SRX26491324,Metagenome,metagenome,Illumina HiSeq 2500,sra_cosmosid,SRP158417,Influence of early environmental factors on the establishment and development of gut microbiome composition and function and metabolomics profiles in infants at-risk of celiac disease,SRS23004544,,2152.71,1,19136694,5779281588,Case_3_4-6_Month,WGS,METAGENOMIC,PCR
SRX26491316,Metagenome,metagenome,Illumina HiSeq 2500,sra_cosmosid,SRP158417,Influence of early environmental factors on the establishment and development of gut microbiome composition and function and metabolomics profiles in infants at-risk of celiac disease,SRS23004536,,1995.96,1,17407105,5256945710,Case_2_4-6_Month,WGS,METAGENOMIC,PCR
SRX26491305,Metagenome,metagenome,Illumina HiSeq 2500,sra_cosmosid,SRP158417,Influence of early environmental factors on the establishment and development of gut microbiome composition and function and metabolomics profiles in infants at-risk of celiac disease,SRS23004525,,2565.31,1,22043203,6657047306,Case_2_9_Month,WGS,METAGENOMIC,PCR
SRX26491302,Metagenome,metagenome,Illumina HiSeq 2500,sra_cosmosid,SRP158417,Influence of early environmental factors on the establishment and development of gut microbiome composition and function and metabolomics profiles in infants at-risk of celiac disease,SRS23004522,,2235.82,1,18199257,5496175614,Control_9_30_Month,WGS,METAGENOMIC,PCR
SRX26491301,Metagenome,metagenome,Illumina HiSeq 2500,sra_cosmosid,SRP158417,Influence of early environmental factors on the establishment and development of gut microbiome composition and function and metabolomics profiles in infants at-risk of celiac disease,SRS23004521,,1544.75,1,12674008,3827550416,Control_9_27_Month,WGS,METAGENOMIC,PCR
SRX26491300,Metagenome,metagenome,Illumina HiSeq 2500,sra_cosmosid,SRP158417,Influence of early environmental factors on the establishment and development of gut microbiome composition and function and metabolomics profiles in infants at-risk of celiac disease,SRS23004519,,2175.87,1,18295274,5525172748,Control_9_24_Month,WGS,METAGENOMIC,PCR
SRX26491299,Metagenome,metagenome,Illumina HiSeq 2500,sra_cosmosid,SRP158417,Influence of early environmental factors on the establishment and development of gut microbiome composition and function and metabolomics profiles in infants at-risk of celiac disease,SRS23004520,,2417.96,1,20505925,6192789350,Control_9_21_Month,WGS,METAGENOMIC,PCR
SRX26491298,Metagenome,metagenome,Illumina HiSeq 2500,sra_cosmosid,SRP158417,Influence of early environmental factors on the establishment and development of gut microbiome composition and function and metabolomics profiles in infants at-risk of celiac disease,SRS23004518,,1860.3,1,15845220,4785256440,Control_9_18_Month,WGS,METAGENOMIC,PCR
SRX26491297,Metagenome,metagenome,Illumina HiSeq 2500,sra_cosmosid,SRP158417,Influence of early environmental factors on the establishment and development of gut microbiome composition and function and metabolomics profiles in infants at-risk of celiac disease,SRS23004517,,2541.06,1,21029889,6351026478,Control_9_15_Month,WGS,METAGENOMIC,PCR
SRX26491296,Metagenome,metagenome,Illumina HiSeq 2500,sra_cosmosid,SRP158417,Influence of early environmental factors on the establishment and development of gut microbiome composition and function and metabolomics profiles in infants at-risk of celiac disease,SRS23004515,,2269.23,1,18014960,5440517920,Control_9_12_Month,WGS,METAGENOMIC,PCR
SRX26491295,Metagenome,metagenome,Illumina HiSeq 2500,sra_cosmosid,SRP158417,Influence of early environmental factors on the establishment and development of gut microbiome composition and function and metabolomics profiles in infants at-risk of celiac disease,SRS23004516,,2963.68,1,25643781,7744421862,Control_8_Subject_25_4-6_Month,WGS,METAGENOMIC,PCR
SRX26491294,Metagenome,metagenome,Illumina HiSeq 2500,sra_cosmosid,SRP158417,Influence of early environmental factors on the establishment and development of gut microbiome composition and function and metabolomics profiles in infants at-risk of celiac disease,SRS23004513,,2205.84,1,18644811,5630732922,Case_2_15_Month,WGS,METAGENOMIC,PCR
SRX26491293,Metagenome,metagenome,Illumina HiSeq 2500,sra_cosmosid,SRP158417,Influence of early environmental factors on the establishment and development of gut microbiome composition and function and metabolomics profiles in infants at-risk of celiac disease,SRS23004514,,2605.51,1,22449462,6779737524,Control_8_Subject_25_3_Month,WGS,METAGENOMIC,PCR
SRX26491292,Metagenome,metagenome,Illumina HiSeq 2500,sra_cosmosid,SRP158417,Influence of early environmental factors on the establishment and development of gut microbiome composition and function and metabolomics profiles in infants at-risk of celiac disease,SRS23004512,,2235.05,1,17759358,5363326116,Control_8_18_Month,WGS,METAGENOMIC,PCR
SRX26491291,Metagenome,metagenome,Illumina HiSeq 2500,sra_cosmosid,SRP158417,Influence of early environmental factors on the establishment and development of gut microbiome composition and function and metabolomics profiles in infants at-risk of celiac disease,SRS23004511,,2876.13,1,23031836,6955614472,Control_8_15_Month,WGS,METAGENOMIC,PCR
SRX26491290,Metagenome,metagenome,Illumina HiSeq 2500,sra_cosmosid,SRP158417,Influence of early environmental factors on the establishment and development of gut microbiome composition and function and metabolomics profiles in infants at-risk of celiac disease,SRS23004509,,2471.83,1,20652477,6237048054,Control_8_12_Month,WGS,METAGENOMIC,PCR
SRX26491289,Metagenome,metagenome,Illumina HiSeq 2500,sra_cosmosid,SRP158417,Influence of early environmental factors on the establishment and development of gut microbiome composition and function and metabolomics profiles in infants at-risk of celiac disease,SRS23004510,,2818.92,1,22187992,6700773584,Control_8_9_Month,WGS,METAGENOMIC,PCR
SRX26491288,Metagenome,metagenome,Illumina HiSeq 2500,sra_cosmosid,SRP158417,Influence of early environmental factors on the establishment and development of gut microbiome composition and function and metabolomics profiles in infants at-risk of celiac disease,SRS23004508,,2430.55,1,20282602,6125345804,Control_7_30_Month,WGS,METAGENOMIC,PCR
SRX26491287,Metagenome,metagenome,Illumina HiSeq 2500,sra_cosmosid,SRP158417,Influence of early environmental factors on the establishment and development of gut microbiome composition and function and metabolomics profiles in infants at-risk of celiac disease,SRS23004507,,2719.5,1,22758345,6873020190,Control_7_27_Month,WGS,METAGENOMIC,PCR
SRX26491286,Metagenome,metagenome,Illumina HiSeq 2500,sra_cosmosid,SRP158417,Influence of early environmental factors on the establishment and development of gut microbiome composition and function and metabolomics profiles in infants at-risk of celiac disease,SRS23004506,,2506.66,1,20994748,6340413896,Control_7_24_Month,WGS,METAGENOMIC,PCR
SRX26491285,Metagenome,metagenome,Illumina HiSeq 2500,sra_cosmosid,SRP158417,Influence of early environmental factors on the establishment and development of gut microbiome composition and function and metabolomics profiles in infants at-risk of celiac disease,SRS23004505,,2028.03,1,16943265,5116866030,Case_9_21_Month,WGS,METAGENOMIC,PCR
SRX26491284,Metagenome,metagenome,Illumina HiSeq 2500,sra_cosmosid,SRP158417,Influence of early environmental factors on the establishment and development of gut microbiome composition and function and metabolomics profiles in infants at-risk of celiac disease,SRS23004504,,1223.75,1,9756682,2946517964,Case_9_18_Month,WGS,METAGENOMIC,PCR
SRX26491283,Metagenome,metagenome,Illumina HiSeq 2500,sra_cosmosid,SRP158417,Influence of early environmental factors on the establishment and development of gut microbiome composition and function and metabolomics profiles in infants at-risk of celiac disease,SRS23004502,,2899.39,1,23227353,7014660606,Case_9_15_Month,WGS,METAGENOMIC,PCR
SRX26491282,Metagenome,metagenome,Illumina HiSeq 2500,sra_cosmosid,SRP158417,Influence of early environmental factors on the establishment and development of gut microbiome composition and function and metabolomics profiles in infants at-risk of celiac disease,SRS23004503,,2441.17,1,20404929,6162288558,Case_9_12_Month,WGS,METAGENOMIC,PCR
SRX26491281,Metagenome,metagenome,Illumina HiSeq 2500,sra_cosmosid,SRP158417,Influence of early environmental factors on the establishment and development of gut microbiome composition and function and metabolomics profiles in infants at-risk of celiac disease,SRS23004501,,2343.04,1,19738005,5960877510,Case_10_4-6_Month,WGS,METAGENOMIC,PCR
SRX26491280,Metagenome,metagenome,Illumina HiSeq 2500,sra_cosmosid,SRP158417,Influence of early environmental factors on the establishment and development of gut microbiome composition and function and metabolomics profiles in infants at-risk of celiac disease,SRS23004500,,2529.97,1,22162393,6693042686,Case_8_Subject_28_3_Month,WGS,METAGENOMIC,PCR
SRX26491279,Metagenome,metagenome,Illumina HiSeq 2500,sra_cosmosid,SRP158417,Influence of early environmental factors on the establishment and development of gut microbiome composition and function and metabolomics profiles in infants at-risk of celiac disease,SRS23004499,,2806.79,1,24789518,7486434436,Case_8_Subject_28_4-6_Month,WGS,METAGENOMIC,PCR
SRX26491278,Metagenome,metagenome,Illumina HiSeq 2500,sra_cosmosid,SRP158417,Influence of early environmental factors on the establishment and development of gut microbiome composition and function and metabolomics profiles in infants at-risk of celiac disease,SRS23004498,,2647.19,1,20889650,6308674300,Case_8_18_Month,WGS,METAGENOMIC,PCR
SRX26491277,Metagenome,metagenome,Illumina HiSeq 2500,sra_cosmosid,SRP158417,Influence of early environmental factors on the establishment and development of gut microbiome composition and function and metabolomics profiles in infants at-risk of celiac disease,SRS23004497,,1791.5,1,14474584,4371324368,Case_8_15_Month,WGS,METAGENOMIC,PCR
SRX26491276,Metagenome,metagenome,Illumina HiSeq 2500,sra_cosmosid,SRP158417,Influence of early environmental factors on the establishment and development of gut microbiome composition and function and metabolomics profiles in infants at-risk of celiac disease,SRS23004495,,2128.16,1,17077483,5157399866,Case_8_12_Month,WGS,METAGENOMIC,PCR
SRX26491275,Metagenome,metagenome,Illumina HiSeq 2500,sra_cosmosid,SRP158417,Influence of early environmental factors on the establishment and development of gut microbiome composition and function and metabolomics profiles in infants at-risk of celiac disease,SRS23004496,,2267.99,1,19127106,5776386012,Case_8_9_Month,WGS,METAGENOMIC,PCR
SRX26491274,Metagenome,metagenome,Illumina HiSeq 2500,sra_cosmosid,SRP158417,Influence of early environmental factors on the establishment and development of gut microbiome composition and function and metabolomics profiles in infants at-risk of celiac disease,SRS23004494,,2305.27,1,19304728,5830027856,Case_7_30_Month,WGS,METAGENOMIC,PCR
SRX26491273,Metagenome,metagenome,Illumina HiSeq 2500,sra_cosmosid,SRP158417,Influence of early environmental factors on the establishment and development of gut microbiome composition and function and metabolomics profiles in infants at-risk of celiac disease,SRS23004493,,2415.44,1,20206363,6102321626,Case_7_27_Month,WGS,METAGENOMIC,PCR
SRX26491272,Metagenome,metagenome,Illumina HiSeq 2500,sra_cosmosid,SRP158417,Influence of early environmental factors on the establishment and development of gut microbiome composition and function and metabolomics profiles in infants at-risk of celiac disease,SRS23004491,,2584.25,1,20655674,6238013548,Case_7_24_Month,WGS,METAGENOMIC,PCR
SRX26491271,Metagenome,metagenome,Illumina HiSeq 2500,sra_cosmosid,SRP158417,Influence of early environmental factors on the establishment and development of gut microbiome composition and function and metabolomics profiles in infants at-risk of celiac disease,SRS23004492,,2916.79,1,23320536,7042801872,Case_7_21_Month,WGS,METAGENOMIC,PCR
SRX26491270,Metagenome,metagenome,Illumina HiSeq 2500,sra_cosmosid,SRP158417,Influence of early environmental factors on the establishment and development of gut microbiome composition and function and metabolomics profiles in infants at-risk of celiac disease,SRS23004490,,2509.21,1,21564320,6512424640,Case_1_15_Month,WGS,METAGENOMIC,PCR
SRX26491269,Metagenome,metagenome,Illumina HiSeq 2500,sra_cosmosid,SRP158417,Influence of early environmental factors on the establishment and development of gut microbiome composition and function and metabolomics profiles in infants at-risk of celiac disease,SRS23004489,,2928.1,1,23117370,6981445740,Case_7_18_Month,WGS,METAGENOMIC,PCR
SRX26491268,Metagenome,metagenome,Illumina HiSeq 2500,sra_cosmosid,SRP158417,Influence of early environmental factors on the establishment and development of gut microbiome composition and function and metabolomics profiles in infants at-risk of celiac disease,SRS23004488,,2277.88,1,17883100,5400696200,Case_7_15_Month,WGS,METAGENOMIC,PCR
SRX26491267,Metagenome,metagenome,Illumina HiSeq 2500,sra_cosmosid,SRP158417,Influence of early environmental factors on the establishment and development of gut microbiome composition and function and metabolomics profiles in infants at-risk of celiac disease,SRS23004487,,2521.05,1,21159751,6390244802,Case_7_12_Month,WGS,METAGENOMIC,PCR
SRX26491266,Metagenome,metagenome,Illumina HiSeq 2500,sra_cosmosid,SRP158417,Influence of early environmental factors on the establishment and development of gut microbiome composition and function and metabolomics profiles in infants at-risk of celiac disease,SRS23004486,,2408.16,1,19043414,5751111028,Case_6_24_Month,WGS,METAGENOMIC,PCR
SRX26491265,Metagenome,metagenome,Illumina HiSeq 2500,sra_cosmosid,SRP158417,Influence of early environmental factors on the establishment and development of gut microbiome composition and function and metabolomics profiles in infants at-risk of celiac disease,SRS23004485,,2241.67,1,17818592,5381214784,Case_6_21_Month,WGS,METAGENOMIC,PCR
SRX26491264,Metagenome,metagenome,Illumina HiSeq 2500,sra_cosmosid,SRP158417,Influence of early environmental factors on the establishment and development of gut microbiome composition and function and metabolomics profiles in infants at-risk of celiac disease,SRS23004484,,2414.92,1,20364219,6149994138,Case_6_15_Month,WGS,METAGENOMIC,PCR
SRX26491263,Metagenome,metagenome,Illumina HiSeq 2500,sra_cosmosid,SRP158417,Influence of early environmental factors on the establishment and development of gut microbiome composition and function and metabolomics profiles in infants at-risk of celiac disease,SRS23004483,,2715.52,1,22772609,6877327918,Case_6_12_Month,WGS,METAGENOMIC,PCR
SRX26491262,Metagenome,metagenome,Illumina HiSeq 2500,sra_cosmosid,SRP158417,Influence of early environmental factors on the establishment and development of gut microbiome composition and function and metabolomics profiles in infants at-risk of celiac disease,SRS23004482,,2830.07,1,23472418,7088670236,Case_6_4-6_Month,WGS,METAGENOMIC,PCR
SRX26491261,Metagenome,metagenome,Illumina HiSeq 2500,sra_cosmosid,SRP158417,Influence of early environmental factors on the establishment and development of gut microbiome composition and function and metabolomics profiles in infants at-risk of celiac disease,SRS23004481,,2623.29,1,20564150,6210373300,Case_5_48_Month,WGS,METAGENOMIC,PCR
SRX26491260,Metagenome,metagenome,Illumina HiSeq 2500,sra_cosmosid,SRP158417,Influence of early environmental factors on the establishment and development of gut microbiome composition and function and metabolomics profiles in infants at-risk of celiac disease,SRS23004480,,2167.21,1,17982653,5430761206,Case_5_36_Month,WGS,METAGENOMIC,PCR
SRX26491259,Metagenome,metagenome,Illumina HiSeq 2500,sra_cosmosid,SRP158417,Influence of early environmental factors on the establishment and development of gut microbiome composition and function and metabolomics profiles in infants at-risk of celiac disease,SRS23004479,,2109.98,1,18041476,5448525752,Case_1_18_Month,WGS,METAGENOMIC,PCR
SRX26491258,Metagenome,metagenome,Illumina HiSeq 2500,sra_cosmosid,SRP158417,Influence of early environmental factors on the establishment and development of gut microbiome composition and function and metabolomics profiles in infants at-risk of celiac disease,SRS23004478,,2315.45,1,17694129,5343626958,Case_5_30_Month,WGS,METAGENOMIC,PCR
SRX26491257,Metagenome,metagenome,Illumina HiSeq 2500,sra_cosmosid,SRP158417,Influence of early environmental factors on the establishment and development of gut microbiome composition and function and metabolomics profiles in infants at-risk of celiac disease,SRS23004477,,2397.99,1,21003145,6342949790,Case_4_15_Month,WGS,METAGENOMIC,PCR
SRX26491256,Metagenome,metagenome,Illumina HiSeq 2500,sra_cosmosid,SRP158417,Influence of early environmental factors on the establishment and development of gut microbiome composition and function and metabolomics profiles in infants at-risk of celiac disease,SRS23004476,,2756.31,1,24170811,7299584922,Case_4_12_Month,WGS,METAGENOMIC,PCR
SRX26491255,Metagenome,metagenome,Illumina HiSeq 2500,sra_cosmosid,SRP158417,Influence of early environmental factors on the establishment and development of gut microbiome composition and function and metabolomics profiles in infants at-risk of celiac disease,SRS23004475,,2297.36,1,20209158,6103165716,Case_4_18_Month,WGS,METAGENOMIC,PCR
SRX26491254,Metagenome,metagenome,Illumina HiSeq 2500,sra_cosmosid,SRP158417,Influence of early environmental factors on the establishment and development of gut microbiome composition and function and metabolomics profiles in infants at-risk of celiac disease,SRS23004474,,2382.33,1,20829005,6290359510,Case_4_4-6_Month,WGS,METAGENOMIC,PCR
SRX26491253,Metagenome,metagenome,Illumina HiSeq 2500,sra_cosmosid,SRP158417,Influence of early environmental factors on the establishment and development of gut microbiome composition and function and metabolomics profiles in infants at-risk of celiac disease,SRS23004473,,2462.94,1,21612029,6526832758,Case_4_9_Month,WGS,METAGENOMIC,PCR
SRX26491252,Metagenome,metagenome,Illumina HiSeq 2500,sra_cosmosid,SRP158417,Influence of early environmental factors on the establishment and development of gut microbiome composition and function and metabolomics profiles in infants at-risk of celiac disease,SRS23004471,,2314.84,1,20346055,6144508610,Case_3_24_Month,WGS,METAGENOMIC,PCR
SRX26491251,Metagenome,metagenome,Illumina HiSeq 2500,sra_cosmosid,SRP158417,Influence of early environmental factors on the establishment and development of gut microbiome composition and function and metabolomics profiles in infants at-risk of celiac disease,SRS23004472,,2174.42,1,18721455,5653879410,Case_3_21_Month,WGS,METAGENOMIC,PCR
SRX26491250,Metagenome,metagenome,Illumina HiSeq 2500,sra_cosmosid,SRP158417,Influence of early environmental factors on the establishment and development of gut microbiome composition and function and metabolomics profiles in infants at-risk of celiac disease,SRS23004470,,2233.81,1,19363100,5847656200,Case_3_18_Month,WGS,METAGENOMIC,PCR
SRX26491249,Metagenome,metagenome,Illumina HiSeq 2500,sra_cosmosid,SRP158417,Influence of early environmental factors on the establishment and development of gut microbiome composition and function and metabolomics profiles in infants at-risk of celiac disease,SRS23004469,,1942.03,1,16225603,4900132106,Control_7_21_Month,WGS,METAGENOMIC,PCR
SRX26491248,Metagenome,metagenome,Illumina HiSeq 2500,sra_cosmosid,SRP158417,Influence of early environmental factors on the establishment and development of gut microbiome composition and function and metabolomics profiles in infants at-risk of celiac disease,SRS23004468,,2679.32,1,22320870,6740902740,Control_7_18_Month,WGS,METAGENOMIC,PCR
SRX26491247,Metagenome,metagenome,Illumina HiSeq 2500,sra_cosmosid,SRP158417,Influence of early environmental factors on the establishment and development of gut microbiome composition and function and metabolomics profiles in infants at-risk of celiac disease,SRS23004467,,2891.84,1,24713556,7463493912,Case_2_12_Month,WGS,METAGENOMIC,PCR
SRX26491246,Metagenome,metagenome,Illumina HiSeq 2500,sra_cosmosid,SRP158417,Influence of early environmental factors on the establishment and development of gut microbiome composition and function and metabolomics profiles in infants at-risk of celiac disease,SRS23004466,,1996.46,1,17755440,5362142880,Case_1_4-6_Month,WGS,METAGENOMIC,PCR
SRX26491245,Metagenome,metagenome,Illumina HiSeq 2500,sra_cosmosid,SRP158417,Influence of early environmental factors on the establishment and development of gut microbiome composition and function and metabolomics profiles in infants at-risk of celiac disease,SRS23004465,,2253.26,1,19615101,5923760502,Case_1_9_Month,WGS,METAGENOMIC,PCR
