Run,Assay Type,AvgSpotLen,Bases,BioProject,BioSample,BioSampleModel,Bytes,Center Name,Collection_Date,Consent,DATASTORE filetype,DATASTORE provider,DATASTORE region,Experiment,geo_loc_name_country,geo_loc_name_country_continent,geo_loc_name,HOST,Instrument,isolation_source,lat_lon,Library Name,LibraryLayout,LibrarySelection,LibrarySource,Organism,Platform,ReleaseDate,create_date,version,Sample_identifier,Sample Name,sample_source,SRA Study
SRR31108376,WGS,302,6599500904,PRJNA486782,SAMN44425641,Metagenome or environmental,2884173140,SRA_COSMOSID,2017,public,"fastq,sra,run.zq","ncbi,gs,s3","s3.us-east-1,ncbi.public,gs.us-east1",SRX26491443,USA,North America,USA,Homo sapiens,Illumina HiSeq 2500,Gut,38.7946 N 106.5348 W,Control_7_15_Month,SINGLE,PCR,METAGENOMIC,metagenome,ILLUMINA,2024-11-01T00:00:00Z,2024-10-24T16:56:00Z,1,Control_7_15_Month,Control_7_15_Month,Stool,SRP158417
SRR31108377,WGS,302,6980640910,PRJNA486782,SAMN44425640,Metagenome or environmental,2920547240,SRA_COSMOSID,2017,public,"run.zq,sra,fastq","ncbi,gs,s3","s3.us-east-1,ncbi.public,gs.us-east1",SRX26491442,USA,North America,USA,Homo sapiens,Illumina HiSeq 2500,Gut,38.7946 N 106.5348 W,Control_7_12_Month,SINGLE,PCR,METAGENOMIC,metagenome,ILLUMINA,2024-11-01T00:00:00Z,2024-10-24T16:55:00Z,1,Control_7_12_Month,Control_7_12_Month,Stool,SRP158417
SRR31108378,WGS,302,5444520024,PRJNA486782,SAMN44425639,Metagenome or environmental,2256801569,SRA_COSMOSID,2016,public,"sra,run.zq,fastq","gs,ncbi,s3","ncbi.public,gs.us-east1,s3.us-east-1",SRX26491441,USA,North America,USA,Homo sapiens,Illumina HiSeq 2500,Gut,38.7946 N 106.5348 W,Control_6_Subject_14_4-6_Month,SINGLE,PCR,METAGENOMIC,metagenome,ILLUMINA,2024-11-01T00:00:00Z,2024-10-24T16:52:00Z,1,Control_6_Subject_14_4-6_Month,Control_6_Subject_14_4-6_Month,Stool,SRP158417
SRR31108379,WGS,302,5012785958,PRJNA486782,SAMN44425638,Metagenome or environmental,2180322183,SRA_COSMOSID,2018,public,"fastq,run.zq,sra","gs,ncbi,s3","gs.us-east1,ncbi.public,s3.us-east-1",SRX26491440,USA,North America,USA,Homo sapiens,Illumina HiSeq 2500,Gut,38.7946 N 106.5348 W,Control_6_24_Month,SINGLE,PCR,METAGENOMIC,metagenome,ILLUMINA,2024-11-01T00:00:00Z,2024-10-24T16:53:00Z,1,Control_6_24_Month,Control_6_24_Month,Stool,SRP158417
SRR31108380,WGS,302,5226126308,PRJNA486782,SAMN44425637,Metagenome or environmental,2170637700,SRA_COSMOSID,2018,public,"sra,fastq,run.zq","ncbi,gs,s3","s3.us-east-1,ncbi.public,gs.us-east1",SRX26491439,USA,North America,USA,Homo sapiens,Illumina HiSeq 2500,Gut,38.7946 N 106.5348 W,Control_6_21_Month,SINGLE,PCR,METAGENOMIC,metagenome,ILLUMINA,2024-11-01T00:00:00Z,2024-10-24T16:53:00Z,1,Control_6_21_Month,Control_6_21_Month,Stool,SRP158417
SRR31108381,WGS,302,5875557376,PRJNA486782,SAMN44425636,Metagenome or environmental,2559064172,SRA_COSMOSID,2018,public,"fastq,run.zq,sra","gs,ncbi,s3","gs.us-east1,ncbi.public,s3.us-east-1",SRX26491438,USA,North America,USA,Homo sapiens,Illumina HiSeq 2500,Gut,38.7946 N 106.5348 W,Control_6_18_Month,SINGLE,PCR,METAGENOMIC,metagenome,ILLUMINA,2024-11-01T00:00:00Z,2024-10-24T16:54:00Z,1,Control_6_18_Month,Control_6_18_Month,Stool,SRP158417
SRR31108382,WGS,302,5563370916,PRJNA486782,SAMN44425635,Metagenome or environmental,2288376928,SRA_COSMOSID,2017,public,"fastq,run.zq,sra","ncbi,s3,gs","gs.us-east1,s3.us-east-1,ncbi.public",SRX26491437,USA,North America,USA,Homo sapiens,Illumina HiSeq 2500,Gut,38.7946 N 106.5348 W,Control_6_15_Month,SINGLE,PCR,METAGENOMIC,metagenome,ILLUMINA,2024-11-01T00:00:00Z,2024-10-24T16:53:00Z,1,Control_6_15_Month,Control_6_15_Month,Stool,SRP158417
SRR31108383,WGS,302,5697242684,PRJNA486782,SAMN44425634,Metagenome or environmental,2350507063,SRA_COSMOSID,2017,public,"run.zq,fastq,sra","ncbi,s3,gs","ncbi.public,s3.us-east-1,gs.us-east1",SRX26491436,USA,North America,USA,Homo sapiens,Illumina HiSeq 2500,Gut,38.7946 N 106.5348 W,Control_6_12_Month,SINGLE,PCR,METAGENOMIC,metagenome,ILLUMINA,2024-11-01T00:00:00Z,2024-10-24T16:53:00Z,1,Control_6_12_Month,Control_6_12_Month,Stool,SRP158417
SRR31108384,WGS,302,6914851116,PRJNA486782,SAMN44425633,Metagenome or environmental,2949291897,SRA_COSMOSID,2017,public,"sra,fastq,run.zq","s3,gs,ncbi","gs.us-east1,s3.us-east-1,ncbi.public",SRX26491435,USA,North America,USA,Homo sapiens,Illumina HiSeq 2500,Gut,38.7946 N 106.5348 W,Control_6_9_Month,SINGLE,PCR,METAGENOMIC,metagenome,ILLUMINA,2024-11-01T00:00:00Z,2024-10-24T16:58:00Z,1,Control_6_9_Month,Control_6_9_Month,Stool,SRP158417
SRR31108385,WGS,302,6530396358,PRJNA486782,SAMN44425632,Metagenome or environmental,2749592868,SRA_COSMOSID,2018,public,"run.zq,fastq,sra","s3,ncbi,gs","s3.us-east-1,ncbi.public,gs.us-east1",SRX26491434,USA,North America,USA,Homo sapiens,Illumina HiSeq 2500,Gut,38.7946 N 106.5348 W,Control_5_48_Month,SINGLE,PCR,METAGENOMIC,metagenome,ILLUMINA,2024-11-01T00:00:00Z,2024-10-24T16:54:00Z,1,Control_5_48_Month,Control_5_48_Month,Stool,SRP158417
SRR31108386,WGS,302,5209496678,PRJNA486782,SAMN44425551,Metagenome or environmental,2146896787,SRA_COSMOSID,2018,public,"sra,run.zq,fastq","gs,ncbi,s3","gs.us-east1,s3.us-east-1,ncbi.public",SRX26491433,Italy,Europe,Italy,Homo sapiens,Illumina HiSeq 2500,Gut,41.8719 N 12.5674 E,Case_10_18_Month,SINGLE,PCR,METAGENOMIC,metagenome,ILLUMINA,2024-11-01T00:00:00Z,2024-10-24T17:00:00Z,1,Case_10_18_Month,Case_10_18_Month,Stool,SRP158417
SRR31108387,WGS,302,5665571944,PRJNA486782,SAMN44425631,Metagenome or environmental,2366556507,SRA_COSMOSID,2018,public,"sra,fastq,run.zq","s3,gs,ncbi","s3.us-east-1,gs.us-east1,ncbi.public",SRX26491432,USA,North America,USA,Homo sapiens,Illumina HiSeq 2500,Gut,38.7946 N 106.5348 W,Control_5_42_Month,SINGLE,PCR,METAGENOMIC,metagenome,ILLUMINA,2024-11-01T00:00:00Z,2024-10-24T16:54:00Z,1,Control_5_42_Month,Control_5_42_Month,Stool,SRP158417
SRR31108388,WGS,302,6513485264,PRJNA486782,SAMN44425630,Metagenome or environmental,2705409624,SRA_COSMOSID,2017,public,"run.zq,fastq,sra","gs,ncbi,s3","s3.us-east-1,ncbi.public,gs.us-east1",SRX26491431,USA,North America,USA,Homo sapiens,Illumina HiSeq 2500,Gut,38.7946 N 106.5348 W,Control_5_36_Month,SINGLE,PCR,METAGENOMIC,metagenome,ILLUMINA,2024-11-01T00:00:00Z,2024-10-24T16:53:00Z,1,Control_5_36_Month,Control_5_36_Month,Stool,SRP158417
SRR31108389,WGS,302,5388141456,PRJNA486782,SAMN44425629,Metagenome or environmental,2215554831,SRA_COSMOSID,2017,public,"run.zq,sra,fastq","gs,s3,ncbi","s3.us-east-1,gs.us-east1,ncbi.public",SRX26491430,USA,North America,USA,Homo sapiens,Illumina HiSeq 2500,Gut,38.7946 N 106.5348 W,Control_5_33_Month,SINGLE,PCR,METAGENOMIC,metagenome,ILLUMINA,2024-11-01T00:00:00Z,2024-10-24T16:51:00Z,1,Control_5_33_Month,Control_5_33_Month,Stool,SRP158417
SRR31108390,WGS,302,4810729536,PRJNA486782,SAMN44425628,Metagenome or environmental,2092916897,SRA_COSMOSID,2017,public,"run.zq,fastq,sra","s3,gs,ncbi","s3.us-east-1,gs.us-east1,ncbi.public",SRX26491429,USA,North America,USA,Homo sapiens,Illumina HiSeq 2500,Gut,38.7946 N 106.5348 W,Control_5_30_Month,SINGLE,PCR,METAGENOMIC,metagenome,ILLUMINA,2024-11-01T00:00:00Z,2024-10-24T17:00:00Z,1,Control_5_30_Month,Control_5_30_Month,Stool,SRP158417
SRR31108391,WGS,302,6328109208,PRJNA486782,SAMN44425627,Metagenome or environmental,2504589540,SRA_COSMOSID,2016,public,"fastq,run.zq,sra","gs,s3,ncbi","gs.us-east1,ncbi.public,s3.us-east-1",SRX26491428,USA,North America,USA,Homo sapiens,Illumina HiSeq 2500,Gut,38.7946 N 106.5348 W,Control_4_4-6_Month,SINGLE,PCR,METAGENOMIC,metagenome,ILLUMINA,2024-11-01T00:00:00Z,2024-10-24T16:53:00Z,1,Control_4_4-6_Month,Control_4_4-6_Month,Stool,SRP158417
SRR31108392,WGS,302,8901338562,PRJNA486782,SAMN44425626,Metagenome or environmental,3464787052,SRA_COSMOSID,2017,public,"run.zq,fastq,sra","gs,ncbi,s3","s3.us-east-1,gs.us-east1,ncbi.public",SRX26491427,USA,North America,USA,Homo sapiens,Illumina HiSeq 2500,Gut,38.7946 N 106.5348 W,Control_4_18_Month,SINGLE,PCR,METAGENOMIC,metagenome,ILLUMINA,2024-11-01T00:00:00Z,2024-10-24T17:27:00Z,1,Control_4_18_Month,Control_4_18_Month,Stool,SRP158417
SRR31108393,WGS,302,6129127146,PRJNA486782,SAMN44425625,Metagenome or environmental,2416817352,SRA_COSMOSID,2016,public,"run.zq,sra,fastq","s3,ncbi,gs","s3.us-east-1,gs.us-east1,ncbi.public",SRX26491426,USA,North America,USA,Homo sapiens,Illumina HiSeq 2500,Gut,38.7946 N 106.5348 W,Control_4_9_Month,SINGLE,PCR,METAGENOMIC,metagenome,ILLUMINA,2024-11-01T00:00:00Z,2024-10-24T16:54:00Z,1,Control_4_9_Month,Control_4_9_Month,Stool,SRP158417
SRR31108394,WGS,302,7968081854,PRJNA486782,SAMN44425624,Metagenome or environmental,3121835945,SRA_COSMOSID,2017,public,"sra,fastq,run.zq","gs,s3,ncbi","ncbi.public,s3.us-east-1,gs.us-east1",SRX26491425,USA,North America,USA,Homo sapiens,Illumina HiSeq 2500,Gut,38.7946 N 106.5348 W,Control_4_15_Month,SINGLE,PCR,METAGENOMIC,metagenome,ILLUMINA,2024-11-01T00:00:00Z,2024-10-24T17:19:00Z,1,Control_4_15_Month,Control_4_15_Month,Stool,SRP158417
SRR31108395,WGS,302,7683336020,PRJNA486782,SAMN44425623,Metagenome or environmental,2990077868,SRA_COSMOSID,2017,public,"sra,fastq,run.zq","s3,gs,ncbi","ncbi.public,s3.us-east-1,gs.us-east1",SRX26491424,USA,North America,USA,Homo sapiens,Illumina HiSeq 2500,Gut,38.7946 N 106.5348 W,Control_4_12_Month,SINGLE,PCR,METAGENOMIC,metagenome,ILLUMINA,2024-11-01T00:00:00Z,2024-10-24T16:57:00Z,1,Control_4_12_Month,Control_4_12_Month,Stool,SRP158417
SRR31108396,WGS,302,6242800550,PRJNA486782,SAMN44425622,Metagenome or environmental,2494397947,SRA_COSMOSID,2017,public,"fastq,run.zq,sra","gs,s3,ncbi","ncbi.public,gs.us-east1,s3.us-east-1",SRX26491423,Italy,Europe,Italy,Homo sapiens,Illumina HiSeq 2500,Gut,41.8719 N 12.5674 E,Control_3_24_Month,SINGLE,PCR,METAGENOMIC,metagenome,ILLUMINA,2024-11-01T00:00:00Z,2024-10-24T17:05:00Z,1,Control_3_24_Month,Control_3_24_Month,Stool,SRP158417
SRR31108397,WGS,302,6303157062,PRJNA486782,SAMN44425550,Metagenome or environmental,2627727509,SRA_COSMOSID,2018,public,"fastq,run.zq,sra","ncbi,gs,s3","s3.us-east-1,gs.us-east1,ncbi.public",SRX26491422,Italy,Europe,Italy,Homo sapiens,Illumina HiSeq 2500,Gut,41.8719 N 12.5674 E,Case_10_15_Month,SINGLE,PCR,METAGENOMIC,metagenome,ILLUMINA,2024-11-01T00:00:00Z,2024-10-24T16:55:00Z,1,Case_10_15_Month,Case_10_15_Month,Stool,SRP158417
SRR31108398,WGS,302,4894586178,PRJNA486782,SAMN44425621,Metagenome or environmental,1913639479,SRA_COSMOSID,2017,public,"fastq,sra,run.zq","s3,gs,ncbi","ncbi.public,gs.us-east1,s3.us-east-1",SRX26491421,Italy,Europe,Italy,Homo sapiens,Illumina HiSeq 2500,Gut,41.8719 N 12.5674 E,Control_3_21_Month,SINGLE,PCR,METAGENOMIC,metagenome,ILLUMINA,2024-11-01T00:00:00Z,2024-10-24T16:53:00Z,1,Control_3_21_Month,Control_3_21_Month,Stool,SRP158417
SRR31108399,WGS,302,5572822006,PRJNA486782,SAMN44425620,Metagenome or environmental,2231944266,SRA_COSMOSID,2017,public,"fastq,run.zq,sra","ncbi,gs,s3","s3.us-east-1,ncbi.public,gs.us-east1",SRX26491420,Italy,Europe,Italy,Homo sapiens,Illumina HiSeq 2500,Gut,41.8719 N 12.5674 E,Control_3_18_Month,SINGLE,PCR,METAGENOMIC,metagenome,ILLUMINA,2024-11-01T00:00:00Z,2024-10-24T17:01:00Z,1,Control_3_18_Month,Control_3_18_Month,Stool,SRP158417
SRR31108400,WGS,302,5946509860,PRJNA486782,SAMN44425619,Metagenome or environmental,2330968412,SRA_COSMOSID,2017,public,"fastq,sra,run.zq","s3,gs,ncbi","ncbi.public,s3.us-east-1,gs.us-east1",SRX26491419,Italy,Europe,Italy,Homo sapiens,Illumina HiSeq 2500,Gut,41.8719 N 12.5674 E,Control_3_15_Month,SINGLE,PCR,METAGENOMIC,metagenome,ILLUMINA,2024-11-01T00:00:00Z,2024-10-24T17:10:00Z,1,Control_3_15_Month,Control_3_15_Month,Stool,SRP158417
SRR31108401,WGS,302,6014803838,PRJNA486782,SAMN44425618,Metagenome or environmental,2369793297,SRA_COSMOSID,2016,public,"run.zq,fastq,sra","gs,s3,ncbi","ncbi.public,gs.us-east1,s3.us-east-1",SRX26491418,Italy,Europe,Italy,Homo sapiens,Illumina HiSeq 2500,Gut,41.8719 N 12.5674 E,Control_3_12_Month,SINGLE,PCR,METAGENOMIC,metagenome,ILLUMINA,2024-11-01T00:00:00Z,2024-10-24T16:54:00Z,1,Control_3_12_Month,Control_3_12_Month,Stool,SRP158417
SRR31108402,WGS,302,5475251846,PRJNA486782,SAMN44425617,Metagenome or environmental,2144610368,SRA_COSMOSID,2016,public,"sra,run.zq,fastq","ncbi,gs,s3","ncbi.public,gs.us-east1,s3.us-east-1",SRX26491417,Italy,Europe,Italy,Homo sapiens,Illumina HiSeq 2500,Gut,41.8719 N 12.5674 E,Control_3_9_Month,SINGLE,PCR,METAGENOMIC,metagenome,ILLUMINA,2024-11-01T00:00:00Z,2024-10-24T16:56:00Z,1,Control_3_9_Month,Control_3_9_Month,Stool,SRP158417
SRR31108403,WGS,302,4458907086,PRJNA486782,SAMN44425616,Metagenome or environmental,1718802331,SRA_COSMOSID,2016,public,"run.zq,fastq,sra","s3,gs,ncbi","gs.us-east1,s3.us-east-1,ncbi.public",SRX26491416,Italy,Europe,Italy,Homo sapiens,Illumina HiSeq 2500,Gut,41.8719 N 12.5674 E,Control_3_4-6_Month,SINGLE,PCR,METAGENOMIC,metagenome,ILLUMINA,2024-11-01T00:00:00Z,2024-10-24T16:52:00Z,1,Control_3_4-6_Month,Control_3_4-6_Month,Stool,SRP158417
SRR31108404,WGS,302,7729421522,PRJNA486782,SAMN44425615,Metagenome or environmental,3050225266,SRA_COSMOSID,2017,public,"fastq,run.zq,sra","ncbi,s3,gs","s3.us-east-1,ncbi.public,gs.us-east1",SRX26491415,Italy,Europe,Italy,Homo sapiens,Illumina HiSeq 2500,Gut,41.8719 N 12.5674 E,Control_2_15_Month,SINGLE,PCR,METAGENOMIC,metagenome,ILLUMINA,2024-11-01T00:00:00Z,2024-10-24T16:56:00Z,1,Control_2_15_Month,Control_2_15_Month,Stool,SRP158417
SRR31108405,WGS,302,6403176744,PRJNA486782,SAMN44425614,Metagenome or environmental,2516992494,SRA_COSMOSID,2016,public,"fastq,sra,run.zq","gs,ncbi,s3","ncbi.public,s3.us-east-1,gs.us-east1",SRX26491414,Italy,Europe,Italy,Homo sapiens,Illumina HiSeq 2500,Gut,41.8719 N 12.5674 E,Control_2_12_Month,SINGLE,PCR,METAGENOMIC,metagenome,ILLUMINA,2024-11-01T00:00:00Z,2024-10-24T17:10:00Z,1,Control_2_12_Month,Control_2_12_Month,Stool,SRP158417
SRR31108406,WGS,302,7572833012,PRJNA486782,SAMN44425613,Metagenome or environmental,3053106754,SRA_COSMOSID,2016,public,"sra,run.zq,fastq","ncbi,gs,s3","gs.us-east1,s3.us-east-1,ncbi.public",SRX26491413,Italy,Europe,Italy,Homo sapiens,Illumina HiSeq 2500,Gut,41.8719 N 12.5674 E,Control_2_4-6_Month,SINGLE,PCR,METAGENOMIC,metagenome,ILLUMINA,2024-11-01T00:00:00Z,2024-10-24T17:17:00Z,1,Control_2_4-6_Month,Control_2_4-6_Month,Stool,SRP158417
SRR31108407,WGS,302,5990472000,PRJNA486782,SAMN44425612,Metagenome or environmental,2334303096,SRA_COSMOSID,2017,public,"sra,run.zq,fastq","ncbi,s3,gs","gs.us-east1,ncbi.public,s3.us-east-1",SRX26491412,Italy,Europe,Italy,Homo sapiens,Illumina HiSeq 2500,Gut,41.8719 N 12.5674 E,Control_2_24_Month,SINGLE,PCR,METAGENOMIC,metagenome,ILLUMINA,2024-11-01T00:00:00Z,2024-10-24T17:02:00Z,1,Control_2_24_Month,Control_2_24_Month,Stool,SRP158417
SRR31108408,WGS,302,7083554960,PRJNA486782,SAMN44425549,Metagenome or environmental,2956151389,SRA_COSMOSID,2018,public,"run.zq,sra,fastq","ncbi,gs,s3","ncbi.public,gs.us-east1,s3.us-east-1",SRX26491411,Italy,Europe,Italy,Homo sapiens,Illumina HiSeq 2500,Gut,41.8719 N 12.5674 E,Case_10_12_Month,SINGLE,PCR,METAGENOMIC,metagenome,ILLUMINA,2024-11-01T00:00:00Z,2024-10-24T17:12:00Z,1,Case_10_12_Month,Case_10_12_Month,Stool,SRP158417
SRR31108409,WGS,302,7122895594,PRJNA486782,SAMN44425611,Metagenome or environmental,2806633299,SRA_COSMOSID,2017,public,"run.zq,sra,fastq","gs,s3,ncbi","ncbi.public,gs.us-east1,s3.us-east-1",SRX26491410,Italy,Europe,Italy,Homo sapiens,Illumina HiSeq 2500,Gut,41.8719 N 12.5674 E,Control_2_21_Month,SINGLE,PCR,METAGENOMIC,metagenome,ILLUMINA,2024-11-01T00:00:00Z,2024-10-24T17:12:00Z,1,Control_2_21_Month,Control_2_21_Month,Stool,SRP158417
SRR31108410,WGS,302,7592884906,PRJNA486782,SAMN44425610,Metagenome or environmental,2997869929,SRA_COSMOSID,2017,public,"sra,fastq,run.zq","ncbi,gs,s3","gs.us-east1,ncbi.public,s3.us-east-1",SRX26491409,Italy,Europe,Italy,Homo sapiens,Illumina HiSeq 2500,Gut,41.8719 N 12.5674 E,Control_2_18_Month,SINGLE,PCR,METAGENOMIC,metagenome,ILLUMINA,2024-11-01T00:00:00Z,2024-10-24T17:15:00Z,1,Control_2_18_Month,Control_2_18_Month,Stool,SRP158417
SRR31108411,WGS,302,8657035058,PRJNA486782,SAMN44425609,Metagenome or environmental,3509272584,SRA_COSMOSID,2016,public,"fastq,run.zq,sra","gs,s3,ncbi","gs.us-east1,ncbi.public,s3.us-east-1",SRX26491408,Italy,Europe,Italy,Homo sapiens,Illumina HiSeq 2500,Gut,41.8719 N 12.5674 E,Control_2_9_Month,SINGLE,PCR,METAGENOMIC,metagenome,ILLUMINA,2024-11-01T00:00:00Z,2024-10-24T17:00:00Z,1,Control_2_9_Month,Control_2_9_Month,Stool,SRP158417
SRR31108412,WGS,302,7266287308,PRJNA486782,SAMN44425608,Metagenome or environmental,3156882375,SRA_COSMOSID,2017,public,"sra,fastq,run.zq","s3,gs,ncbi","s3.us-east-1,gs.us-east1,ncbi.public",SRX26491407,Italy,Europe,Italy,Homo sapiens,Illumina HiSeq 2500,Gut,41.8719 N 12.5674 E,Control_10_18_Month,SINGLE,PCR,METAGENOMIC,metagenome,ILLUMINA,2024-11-01T00:00:00Z,2024-10-24T17:15:00Z,1,Control_10_18_Month,Control_10_18_Month,Stool,SRP158417
SRR31108413,WGS,302,5698071976,PRJNA486782,SAMN44425607,Metagenome or environmental,2338338175,SRA_COSMOSID,2017,public,"run.zq,fastq,sra","gs,ncbi,s3","s3.us-east-1,ncbi.public,gs.us-east1",SRX26491406,Italy,Europe,Italy,Homo sapiens,Illumina HiSeq 2500,Gut,41.8719 N 12.5674 E,Control_10_15_Month,SINGLE,PCR,METAGENOMIC,metagenome,ILLUMINA,2024-11-01T00:00:00Z,2024-10-24T16:52:00Z,1,Control_10_15_Month,Control_10_15_Month,Stool,SRP158417
SRR31108414,WGS,302,6544642906,PRJNA486782,SAMN44425606,Metagenome or environmental,2868740209,SRA_COSMOSID,2017,public,"fastq,sra,run.zq","gs,s3,ncbi","s3.us-east-1,ncbi.public,gs.us-east1",SRX26491405,Italy,Europe,Italy,Homo sapiens,Illumina HiSeq 2500,Gut,41.8719 N 12.5674 E,Control_10_12_Month,SINGLE,PCR,METAGENOMIC,metagenome,ILLUMINA,2024-11-01T00:00:00Z,2024-10-24T16:56:00Z,1,Control_10_12_Month,Control_10_12_Month,Stool,SRP158417
SRR31108415,WGS,302,5610203566,PRJNA486782,SAMN44425605,Metagenome or environmental,2350260156,SRA_COSMOSID,2017,public,"sra,fastq,run.zq","ncbi,s3,gs","ncbi.public,gs.us-east1,s3.us-east-1",SRX26491404,Italy,Europe,Italy,Homo sapiens,Illumina HiSeq 2500,Gut,41.8719 N 12.5674 E,Control_10_9_Month,SINGLE,PCR,METAGENOMIC,metagenome,ILLUMINA,2024-11-01T00:00:00Z,2024-10-24T17:08:00Z,1,Control_10_9_Month,Control_10_9_Month,Stool,SRP158417
SRR31108416,WGS,302,5839222246,PRJNA486782,SAMN44425604,Metagenome or environmental,2570840192,SRA_COSMOSID,2016,public,"sra,run.zq,fastq","s3,ncbi,gs","gs.us-east1,ncbi.public,s3.us-east-1",SRX26491403,Italy,Europe,Italy,Homo sapiens,Illumina HiSeq 2500,Gut,41.8719 N 12.5674 E,Control_10_4-6_Month,SINGLE,PCR,METAGENOMIC,metagenome,ILLUMINA,2024-11-01T00:00:00Z,2024-10-24T16:55:00Z,1,Control_10_4-6_Month,Control_10_4-6_Month,Stool,SRP158417
SRR31108417,WGS,302,8375579514,PRJNA486782,SAMN44425603,Metagenome or environmental,3389326381,SRA_COSMOSID,2015,public,"sra,fastq,run.zq","s3,gs,ncbi","s3.us-east-1,gs.us-east1,ncbi.public",SRX26491402,Italy,Europe,Italy,Homo sapiens,Illumina HiSeq 2500,Gut,41.8719 N 12.5674 E,Control_1_3_Month,SINGLE,PCR,METAGENOMIC,metagenome,ILLUMINA,2024-11-01T00:00:00Z,2024-10-24T17:20:00Z,1,Control_1_3_Month,Control_1_3_Month,Stool,SRP158417
SRR31108418,WGS,302,6300558050,PRJNA486782,SAMN44425602,Metagenome or environmental,2514873939,SRA_COSMOSID,2016,public,"fastq,run.zq,sra","s3,gs,ncbi","s3.us-east-1,ncbi.public,gs.us-east1",SRX26491401,Italy,Europe,Italy,Homo sapiens,Illumina HiSeq 2500,Gut,41.8719 N 12.5674 E,Control_1_9_Month,SINGLE,PCR,METAGENOMIC,metagenome,ILLUMINA,2024-11-01T00:00:00Z,2024-10-24T17:14:00Z,1,Control_1_9_Month,Control_1_9_Month,Stool,SRP158417
SRR31108419,WGS,302,6185866604,PRJNA486782,SAMN44425548,Metagenome or environmental,2551819391,SRA_COSMOSID,2017,public,"run.zq,sra,fastq","ncbi,gs,s3","ncbi.public,s3.us-east-1,gs.us-east1",SRX26491400,Italy,Europe,Italy,Homo sapiens,Illumina HiSeq 2500,Gut,41.8719 N 12.5674 E,Case_10_9_Month,SINGLE,PCR,METAGENOMIC,metagenome,ILLUMINA,2024-11-01T00:00:00Z,2024-10-24T17:02:00Z,1,Case_10_9_Month,Case_10_9_Month,Stool,SRP158417
SRR31108420,WGS,302,6293266864,PRJNA486782,SAMN44425601,Metagenome or environmental,2481716961,SRA_COSMOSID,2016,public,"fastq,sra,run.zq","s3,gs,ncbi","ncbi.public,s3.us-east-1,gs.us-east1",SRX26491399,Italy,Europe,Italy,Homo sapiens,Illumina HiSeq 2500,Gut,41.8719 N 12.5674 E,Control_1_12_Month,SINGLE,PCR,METAGENOMIC,metagenome,ILLUMINA,2024-11-01T00:00:00Z,2024-10-24T16:57:00Z,1,Control_1_12_Month,Control_1_12_Month,Stool,SRP158417
SRR31108421,WGS,302,6686617636,PRJNA486782,SAMN44425600,Metagenome or environmental,2644426041,SRA_COSMOSID,2016,public,"sra,run.zq,fastq","s3,gs,ncbi","gs.us-east1,s3.us-east-1,ncbi.public",SRX26491398,Italy,Europe,Italy,Homo sapiens,Illumina HiSeq 2500,Gut,41.8719 N 12.5674 E,Control_1_15_Month,SINGLE,PCR,METAGENOMIC,metagenome,ILLUMINA,2024-11-01T00:00:00Z,2024-10-24T17:17:00Z,1,Control_1_15_Month,Control_1_15_Month,Stool,SRP158417
SRR31108422,WGS,302,5037407112,PRJNA486782,SAMN44425599,Metagenome or environmental,1934459946,SRA_COSMOSID,2017,public,"fastq,sra,run.zq","gs,ncbi,s3","s3.us-east-1,ncbi.public,gs.us-east1",SRX26491397,Italy,Europe,Italy,Homo sapiens,Illumina HiSeq 2500,Gut,41.8719 N 12.5674 E,Control_1_18_Month,SINGLE,PCR,METAGENOMIC,metagenome,ILLUMINA,2024-11-01T00:00:00Z,2024-10-24T16:51:00Z,1,Control_1_18_Month,Control_1_18_Month,Stool,SRP158417
SRR31108423,WGS,302,5179741826,PRJNA486782,SAMN44425598,Metagenome or environmental,2277471587,SRA_COSMOSID,2018,public,"run.zq,fastq,sra","ncbi,gs,s3","s3.us-east-1,gs.us-east1,ncbi.public",SRX26491396,Italy,Europe,Italy,Homo sapiens,Illumina HiSeq 2500,Gut,41.8719 N 12.5674 E,Case_9_30_Month,SINGLE,PCR,METAGENOMIC,metagenome,ILLUMINA,2024-11-01T00:00:00Z,2024-10-24T17:00:00Z,1,Case_9_30_Month,Case_9_30_Month,Stool,SRP158417
SRR31108424,WGS,302,5922540120,PRJNA486782,SAMN44425597,Metagenome or environmental,2441981267,SRA_COSMOSID,2018,public,"fastq,sra,run.zq","gs,s3,ncbi","ncbi.public,s3.us-east-1,gs.us-east1",SRX26491395,Italy,Europe,Italy,Homo sapiens,Illumina HiSeq 2500,Gut,41.8719 N 12.5674 E,Case_9_27_Month,SINGLE,PCR,METAGENOMIC,metagenome,ILLUMINA,2024-11-01T00:00:00Z,2024-10-24T17:02:00Z,1,Case_9_27_Month,Case_9_27_Month,Stool,SRP158417
SRR31108425,WGS,302,6631071380,PRJNA486782,SAMN44425596,Metagenome or environmental,2888437697,SRA_COSMOSID,2017,public,"sra,run.zq,fastq","ncbi,s3,gs","ncbi.public,s3.us-east-1,gs.us-east1",SRX26491394,Italy,Europe,Italy,Homo sapiens,Illumina HiSeq 2500,Gut,41.8719 N 12.5674 E,Case_9_24_Month,SINGLE,PCR,METAGENOMIC,metagenome,ILLUMINA,2024-11-01T00:00:00Z,2024-10-24T17:14:00Z,1,Case_9_24_Month,Case_9_24_Month,Stool,SRP158417
SRR31108426,WGS,302,5116866030,PRJNA486782,SAMN44425595,Metagenome or environmental,2126542759,SRA_COSMOSID,2017,public,"run.zq,sra,fastq","ncbi,gs,s3","s3.us-east-1,ncbi.public,gs.us-east1",SRX26491285,Italy,Europe,Italy,Homo sapiens,Illumina HiSeq 2500,Gut,41.8719 N 12.5674 E,Case_9_21_Month,SINGLE,PCR,METAGENOMIC,metagenome,ILLUMINA,2024-11-01T00:00:00Z,2024-10-24T16:53:00Z,1,Case_9_21_Month,Case_9_21_Month,Stool,SRP158417
SRR31108434,WGS,302,6391127246,PRJNA486782,SAMN44425558,Metagenome or environmental,2595577487,SRA_COSMOSID,2017,public,"run.zq,sra,fastq","s3,ncbi,gs","ncbi.public,gs.us-east1,s3.us-east-1",SRX26491385,Italy,Europe,Italy,Homo sapiens,Illumina HiSeq 2500,Gut,41.8719 N 12.5674 E,Case_2_18_Month,SINGLE,PCR,METAGENOMIC,metagenome,ILLUMINA,2024-11-01T00:00:00Z,2024-10-24T17:11:00Z,1,Case_2_18_Month,Case_2_18_Month,Stool,SRP158417
SRR31108445,WGS,302,5546727092,PRJNA486782,SAMN44425557,Metagenome or environmental,2245903499,SRA_COSMOSID,2017,public,"run.zq,fastq,sra","ncbi,s3,gs","gs.us-east1,ncbi.public,s3.us-east-1",SRX26491374,Italy,Europe,Italy,Homo sapiens,Illumina HiSeq 2500,Gut,41.8719 N 12.5674 E,Case_2_21_Month,SINGLE,PCR,METAGENOMIC,metagenome,ILLUMINA,2024-11-01T00:00:00Z,2024-10-24T16:51:00Z,1,Case_2_21_Month,Case_2_21_Month,Stool,SRP158417
SRR31108456,WGS,302,6100636466,PRJNA486782,SAMN44425556,Metagenome or environmental,2463169470,SRA_COSMOSID,2017,public,"run.zq,fastq,sra","s3,gs,ncbi","ncbi.public,gs.us-east1,s3.us-east-1",SRX26491363,Italy,Europe,Italy,Homo sapiens,Illumina HiSeq 2500,Gut,41.8719 N 12.5674 E,Case_2_24_Month,SINGLE,PCR,METAGENOMIC,metagenome,ILLUMINA,2024-11-01T00:00:00Z,2024-10-24T16:55:00Z,1,Case_2_24_Month,Case_2_24_Month,Stool,SRP158417
SRR31108463,WGS,302,5775066876,PRJNA486782,SAMN44425544,Metagenome or environmental,2265921066,SRA_COSMOSID,2016,public,"sra,run.zq,fastq","ncbi,gs,s3","gs.us-east1,s3.us-east-1,ncbi.public",SRX26491356,Italy,Europe,Italy,Homo sapiens,Illumina HiSeq 2500,Gut,41.8719 N 12.5674 E,Case_1_12_Month,SINGLE,PCR,METAGENOMIC,metagenome,ILLUMINA,2024-11-01T00:00:00Z,2024-10-24T16:55:00Z,1,Case_1_12_Month,Case_1_12_Month,Stool,SRP158417
SRR31108473,WGS,302,7235440424,PRJNA486782,SAMN44425561,Metagenome or environmental,2919107351,SRA_COSMOSID,2016,public,"fastq,run.zq,sra","s3,gs,ncbi","s3.us-east-1,gs.us-east1,ncbi.public",SRX26491346,Italy,Europe,Italy,Homo sapiens,Illumina HiSeq 2500,Gut,41.8719 N 12.5674 E,Case_3_12_Month,SINGLE,PCR,METAGENOMIC,metagenome,ILLUMINA,2024-11-01T00:00:00Z,2024-10-24T16:57:00Z,1,Case_3_12_Month,Case_3_12_Month,Stool,SRP158417
SRR31108484,WGS,302,6229402320,PRJNA486782,SAMN44425560,Metagenome or environmental,2462270812,SRA_COSMOSID,2016,public,"fastq,run.zq,sra","gs,s3,ncbi","s3.us-east-1,ncbi.public,gs.us-east1",SRX26491335,Italy,Europe,Italy,Homo sapiens,Illumina HiSeq 2500,Gut,41.8719 N 12.5674 E,Case_3_9_Month,SINGLE,PCR,METAGENOMIC,metagenome,ILLUMINA,2024-11-01T00:00:00Z,2024-10-24T16:56:00Z,1,Case_3_9_Month,Case_3_9_Month,Stool,SRP158417
SRR31108495,WGS,302,5779281588,PRJNA486782,SAMN44425559,Metagenome or environmental,2257278315,SRA_COSMOSID,2016,public,"run.zq,sra,fastq","gs,s3,ncbi","gs.us-east1,s3.us-east-1,ncbi.public",SRX26491324,Italy,Europe,Italy,Homo sapiens,Illumina HiSeq 2500,Gut,41.8719 N 12.5674 E,Case_3_4-6_Month,SINGLE,PCR,METAGENOMIC,metagenome,ILLUMINA,2024-11-01T00:00:00Z,2024-10-24T16:54:00Z,1,Case_3_4-6_Month,Case_3_4-6_Month,Stool,SRP158417
SRR31108503,WGS,302,5256945710,PRJNA486782,SAMN44425555,Metagenome or environmental,2092913430,SRA_COSMOSID,2016,public,"fastq,run.zq,sra","gs,s3,ncbi","gs.us-east1,ncbi.public,s3.us-east-1",SRX26491316,Italy,Europe,Italy,Homo sapiens,Illumina HiSeq 2500,Gut,41.8719 N 12.5674 E,Case_2_4-6_Month,SINGLE,PCR,METAGENOMIC,metagenome,ILLUMINA,2024-11-01T00:00:00Z,2024-10-24T17:01:00Z,1,Case_2_4-6_Month,Case_2_4-6_Month,Stool,SRP158417
SRR31108514,WGS,302,6657047306,PRJNA486782,SAMN44425554,Metagenome or environmental,2689920846,SRA_COSMOSID,2016,public,"sra,run.zq,fastq","s3,ncbi,gs","s3.us-east-1,ncbi.public,gs.us-east1",SRX26491305,Italy,Europe,Italy,Homo sapiens,Illumina HiSeq 2500,Gut,41.8719 N 12.5674 E,Case_2_9_Month,SINGLE,PCR,METAGENOMIC,metagenome,ILLUMINA,2024-11-01T00:00:00Z,2024-10-24T16:55:00Z,1,Case_2_9_Month,Case_2_9_Month,Stool,SRP158417
SRR31108517,WGS,302,5496175614,PRJNA486782,SAMN44425659,Metagenome or environmental,2344423001,SRA_COSMOSID,2018,public,"fastq,run.zq,sra","ncbi,s3,gs","gs.us-east1,ncbi.public,s3.us-east-1",SRX26491302,USA,North America,USA,Homo sapiens,Illumina HiSeq 2500,Gut,38.7946 N 106.5348 W,Control_9_30_Month,SINGLE,PCR,METAGENOMIC,metagenome,ILLUMINA,2024-11-01T00:00:00Z,2024-10-24T17:05:00Z,1,Control_9_30_Month,Control_9_30_Month,Stool,SRP158417
SRR31108518,WGS,302,3827550416,PRJNA486782,SAMN44425658,Metagenome or environmental,1619791432,SRA_COSMOSID,2018,public,"fastq,run.zq,sra","gs,ncbi,s3","ncbi.public,gs.us-east1,s3.us-east-1",SRX26491301,USA,North America,USA,Homo sapiens,Illumina HiSeq 2500,Gut,38.7946 N 106.5348 W,Control_9_27_Month,SINGLE,PCR,METAGENOMIC,metagenome,ILLUMINA,2024-11-01T00:00:00Z,2024-10-24T16:49:00Z,1,Control_9_27_Month,Control_9_27_Month,Stool,SRP158417
SRR31108519,WGS,302,5525172748,PRJNA486782,SAMN44425657,Metagenome or environmental,2281564777,SRA_COSMOSID,2018,public,"fastq,run.zq,sra","gs,s3,ncbi","gs.us-east1,ncbi.public,s3.us-east-1",SRX26491300,USA,North America,USA,Homo sapiens,Illumina HiSeq 2500,Gut,38.7946 N 106.5348 W,Control_9_24_Month,SINGLE,PCR,METAGENOMIC,metagenome,ILLUMINA,2024-11-01T00:00:00Z,2024-10-24T16:53:00Z,1,Control_9_24_Month,Control_9_24_Month,Stool,SRP158417
SRR31108520,WGS,302,6192789350,PRJNA486782,SAMN44425656,Metagenome or environmental,2535418814,SRA_COSMOSID,2018,public,"fastq,sra,run.zq","s3,gs,ncbi","ncbi.public,gs.us-east1,s3.us-east-1",SRX26491299,USA,North America,USA,Homo sapiens,Illumina HiSeq 2500,Gut,38.7946 N 106.5348 W,Control_9_21_Month,SINGLE,PCR,METAGENOMIC,metagenome,ILLUMINA,2024-11-01T00:00:00Z,2024-10-24T16:54:00Z,1,Control_9_21_Month,Control_9_21_Month,Stool,SRP158417
SRR31108521,WGS,302,4785256440,PRJNA486782,SAMN44425655,Metagenome or environmental,1950662957,SRA_COSMOSID,2017,public,"fastq,sra,run.zq","s3,ncbi,gs","ncbi.public,gs.us-east1,s3.us-east-1",SRX26491298,USA,North America,USA,Homo sapiens,Illumina HiSeq 2500,Gut,38.7946 N 106.5348 W,Control_9_18_Month,SINGLE,PCR,METAGENOMIC,metagenome,ILLUMINA,2024-11-01T00:00:00Z,2024-10-24T16:50:00Z,1,Control_9_18_Month,Control_9_18_Month,Stool,SRP158417
SRR31108522,WGS,302,6351026478,PRJNA486782,SAMN44425654,Metagenome or environmental,2664499338,SRA_COSMOSID,2017,public,"run.zq,fastq,sra","ncbi,s3,gs","s3.us-east-1,ncbi.public,gs.us-east1",SRX26491297,USA,North America,USA,Homo sapiens,Illumina HiSeq 2500,Gut,38.7946 N 106.5348 W,Control_9_15_Month,SINGLE,PCR,METAGENOMIC,metagenome,ILLUMINA,2024-11-01T00:00:00Z,2024-10-24T16:56:00Z,1,Control_9_15_Month,Control_9_15_Month,Stool,SRP158417
SRR31108523,WGS,302,5440517920,PRJNA486782,SAMN44425653,Metagenome or environmental,2379464107,SRA_COSMOSID,2017,public,"sra,run.zq,fastq","ncbi,gs,s3","ncbi.public,s3.us-east-1,gs.us-east1",SRX26491296,USA,North America,USA,Homo sapiens,Illumina HiSeq 2500,Gut,38.7946 N 106.5348 W,Control_9_12_Month,SINGLE,PCR,METAGENOMIC,metagenome,ILLUMINA,2024-11-01T00:00:00Z,2024-10-24T17:00:00Z,1,Control_9_12_Month,Control_9_12_Month,Stool,SRP158417
SRR31108524,WGS,302,7744421862,PRJNA486782,SAMN44425652,Metagenome or environmental,3107648776,SRA_COSMOSID,2017,public,"run.zq,sra,fastq","ncbi,s3,gs","s3.us-east-1,gs.us-east1,ncbi.public",SRX26491295,Italy,Europe,Italy,Homo sapiens,Illumina HiSeq 2500,Gut,41.8719 N 12.5674 E,Control_8_Subject_25_4-6_Month,SINGLE,PCR,METAGENOMIC,metagenome,ILLUMINA,2024-11-01T00:00:00Z,2024-10-24T17:11:00Z,1,Control_8_Subject_25_4-6_Month,Control_8_Subject_25_4-6_Month,Stool,SRP158417
SRR31108525,WGS,302,5630732922,PRJNA486782,SAMN44425553,Metagenome or environmental,2312987579,SRA_COSMOSID,2017,public,"fastq,sra,run.zq","s3,gs,ncbi","s3.us-east-1,gs.us-east1,ncbi.public",SRX26491294,Italy,Europe,Italy,Homo sapiens,Illumina HiSeq 2500,Gut,41.8719 N 12.5674 E,Case_2_15_Month,SINGLE,PCR,METAGENOMIC,metagenome,ILLUMINA,2024-11-01T00:00:00Z,2024-10-24T16:55:00Z,1,Case_2_15_Month,Case_2_15_Month,Stool,SRP158417
SRR31108526,WGS,302,6779737524,PRJNA486782,SAMN44425651,Metagenome or environmental,2732071835,SRA_COSMOSID,2017,public,"fastq,sra,run.zq","s3,gs,ncbi","gs.us-east1,s3.us-east-1,ncbi.public",SRX26491293,Italy,Europe,Italy,Homo sapiens,Illumina HiSeq 2500,Gut,41.8719 N 12.5674 E,Control_8_Subject_25_3_Month,SINGLE,PCR,METAGENOMIC,metagenome,ILLUMINA,2024-11-01T00:00:00Z,2024-10-24T17:04:00Z,1,Control_8_Subject_25_3_Month,Control_8_Subject_25_3_Month,Stool,SRP158417
SRR31108527,WGS,302,5363326116,PRJNA486782,SAMN44425650,Metagenome or environmental,2343624634,SRA_COSMOSID,2018,public,"sra,fastq,run.zq","gs,ncbi,s3","gs.us-east1,s3.us-east-1,ncbi.public",SRX26491292,Italy,Europe,Italy,Homo sapiens,Illumina HiSeq 2500,Gut,41.8719 N 12.5674 E,Control_8_18_Month,SINGLE,PCR,METAGENOMIC,metagenome,ILLUMINA,2024-11-01T00:00:00Z,2024-10-24T17:03:00Z,1,Control_8_18_Month,Control_8_18_Month,Stool,SRP158417
SRR31108528,WGS,302,6955614472,PRJNA486782,SAMN44425649,Metagenome or environmental,3015840219,SRA_COSMOSID,2018,public,"fastq,run.zq,sra","ncbi,gs,s3","gs.us-east1,s3.us-east-1,ncbi.public",SRX26491291,Italy,Europe,Italy,Homo sapiens,Illumina HiSeq 2500,Gut,41.8719 N 12.5674 E,Control_8_15_Month,SINGLE,PCR,METAGENOMIC,metagenome,ILLUMINA,2024-11-01T00:00:00Z,2024-10-24T17:07:00Z,1,Control_8_15_Month,Control_8_15_Month,Stool,SRP158417
SRR31108529,WGS,302,6237048054,PRJNA486782,SAMN44425648,Metagenome or environmental,2591902372,SRA_COSMOSID,2017,public,"fastq,sra,run.zq","s3,gs,ncbi","ncbi.public,s3.us-east-1,gs.us-east1",SRX26491290,Italy,Europe,Italy,Homo sapiens,Illumina HiSeq 2500,Gut,41.8719 N 12.5674 E,Control_8_12_Month,SINGLE,PCR,METAGENOMIC,metagenome,ILLUMINA,2024-11-01T00:00:00Z,2024-10-24T17:09:00Z,1,Control_8_12_Month,Control_8_12_Month,Stool,SRP158417
SRR31108530,WGS,302,6700773584,PRJNA486782,SAMN44425647,Metagenome or environmental,2955855296,SRA_COSMOSID,2017,public,"fastq,sra,run.zq","ncbi,s3,gs","ncbi.public,s3.us-east-1,gs.us-east1",SRX26491289,Italy,Europe,Italy,Homo sapiens,Illumina HiSeq 2500,Gut,41.8719 N 12.5674 E,Control_8_9_Month,SINGLE,PCR,METAGENOMIC,metagenome,ILLUMINA,2024-11-01T00:00:00Z,2024-10-24T17:08:00Z,1,Control_8_9_Month,Control_8_9_Month,Stool,SRP158417
SRR31108531,WGS,302,6125345804,PRJNA486782,SAMN44425646,Metagenome or environmental,2548618950,SRA_COSMOSID,2018,public,"run.zq,sra,fastq","gs,ncbi,s3","gs.us-east1,s3.us-east-1,ncbi.public",SRX26491288,USA,North America,USA,Homo sapiens,Illumina HiSeq 2500,Gut,38.7946 N 106.5348 W,Control_7_30_Month,SINGLE,PCR,METAGENOMIC,metagenome,ILLUMINA,2024-11-01T00:00:00Z,2024-10-24T16:51:00Z,1,Control_7_30_Month,Control_7_30_Month,Stool,SRP158417
SRR31108532,WGS,302,6873020190,PRJNA486782,SAMN44425645,Metagenome or environmental,2851599636,SRA_COSMOSID,2018,public,"sra,fastq,run.zq","s3,gs,ncbi","ncbi.public,gs.us-east1,s3.us-east-1",SRX26491287,USA,North America,USA,Homo sapiens,Illumina HiSeq 2500,Gut,38.7946 N 106.5348 W,Control_7_27_Month,SINGLE,PCR,METAGENOMIC,metagenome,ILLUMINA,2024-11-01T00:00:00Z,2024-10-24T17:12:00Z,1,Control_7_27_Month,Control_7_27_Month,Stool,SRP158417
SRR31108533,WGS,302,6340413896,PRJNA486782,SAMN44425644,Metagenome or environmental,2628426826,SRA_COSMOSID,2018,public,"fastq,sra,run.zq","ncbi,s3,gs","ncbi.public,gs.us-east1,s3.us-east-1",SRX26491286,USA,North America,USA,Homo sapiens,Illumina HiSeq 2500,Gut,38.7946 N 106.5348 W,Control_7_24_Month,SINGLE,PCR,METAGENOMIC,metagenome,ILLUMINA,2024-11-01T00:00:00Z,2024-10-24T17:03:00Z,1,Control_7_24_Month,Control_7_24_Month,Stool,SRP158417
SRR31108534,WGS,302,4900132106,PRJNA486782,SAMN44425643,Metagenome or environmental,2036365984,SRA_COSMOSID,2017,public,"sra,fastq,run.zq","ncbi,s3,gs","gs.us-east1,ncbi.public,s3.us-east-1",SRX26491249,USA,North America,USA,Homo sapiens,Illumina HiSeq 2500,Gut,38.7946 N 106.5348 W,Control_7_21_Month,SINGLE,PCR,METAGENOMIC,metagenome,ILLUMINA,2024-11-01T00:00:00Z,2024-10-24T16:52:00Z,1,Control_7_21_Month,Control_7_21_Month,Stool,SRP158417
SRR31108535,WGS,302,2946517964,PRJNA486782,SAMN44425594,Metagenome or environmental,1283193776,SRA_COSMOSID,2017,public,"run.zq,sra,fastq","ncbi,gs,s3","gs.us-east1,s3.us-east-1,ncbi.public",SRX26491284,Italy,Europe,Italy,Homo sapiens,Illumina HiSeq 2500,Gut,41.8719 N 12.5674 E,Case_9_18_Month,SINGLE,PCR,METAGENOMIC,metagenome,ILLUMINA,2024-11-01T00:00:00Z,2024-10-24T16:51:00Z,1,Case_9_18_Month,Case_9_18_Month,Stool,SRP158417
SRR31108536,WGS,302,7014660606,PRJNA486782,SAMN44425593,Metagenome or environmental,3040233592,SRA_COSMOSID,2017,public,"run.zq,fastq,sra","s3,ncbi,gs","s3.us-east-1,ncbi.public,gs.us-east1",SRX26491283,Italy,Europe,Italy,Homo sapiens,Illumina HiSeq 2500,Gut,41.8719 N 12.5674 E,Case_9_15_Month,SINGLE,PCR,METAGENOMIC,metagenome,ILLUMINA,2024-11-01T00:00:00Z,2024-10-24T17:14:00Z,1,Case_9_15_Month,Case_9_15_Month,Stool,SRP158417
SRR31108537,WGS,302,6162288558,PRJNA486782,SAMN44425592,Metagenome or environmental,2559749836,SRA_COSMOSID,2016,public,"fastq,sra,run.zq","ncbi,s3,gs","s3.us-east-1,gs.us-east1,ncbi.public",SRX26491282,Italy,Europe,Italy,Homo sapiens,Illumina HiSeq 2500,Gut,41.8719 N 12.5674 E,Case_9_12_Month,SINGLE,PCR,METAGENOMIC,metagenome,ILLUMINA,2024-11-01T00:00:00Z,2024-10-24T17:03:00Z,1,Case_9_12_Month,Case_9_12_Month,Stool,SRP158417
SRR31108538,WGS,302,5960877510,PRJNA486782,SAMN44425547,Metagenome or environmental,2456854463,SRA_COSMOSID,2017,public,"fastq,run.zq,sra","ncbi,gs,s3","gs.us-east1,ncbi.public,s3.us-east-1",SRX26491281,Italy,Europe,Italy,Homo sapiens,Illumina HiSeq 2500,Gut,41.8719 N 12.5674 E,Case_10_4-6_Month,SINGLE,PCR,METAGENOMIC,metagenome,ILLUMINA,2024-11-01T00:00:00Z,2024-10-24T16:54:00Z,1,Case_10_4-6_Month,Case_10_4-6_Month,Stool,SRP158417
SRR31108539,WGS,302,6693042686,PRJNA486782,SAMN44425591,Metagenome or environmental,2652862993,SRA_COSMOSID,2017,public,"run.zq,sra,fastq","ncbi,gs,s3","gs.us-east1,ncbi.public,s3.us-east-1",SRX26491280,Italy,Europe,Italy,Homo sapiens,Illumina HiSeq 2500,Gut,41.8719 N 12.5674 E,Case_8_Subject_28_3_Month,SINGLE,PCR,METAGENOMIC,metagenome,ILLUMINA,2024-11-01T00:00:00Z,2024-10-24T17:08:00Z,1,Case_8_Subject_28_3_Month,Case_8_Subject_28_3_Month,Stool,SRP158417
SRR31108540,WGS,302,7486434436,PRJNA486782,SAMN44425590,Metagenome or environmental,2943132607,SRA_COSMOSID,2017,public,"sra,fastq,run.zq","gs,s3,ncbi","ncbi.public,gs.us-east1,s3.us-east-1",SRX26491279,Italy,Europe,Italy,Homo sapiens,Illumina HiSeq 2500,Gut,41.8719 N 12.5674 E,Case_8_Subject_28_4-6_Month,SINGLE,PCR,METAGENOMIC,metagenome,ILLUMINA,2024-11-01T00:00:00Z,2024-10-24T17:18:00Z,1,Case_8_Subject_28_4-6_Month,Case_8_Subject_28_4-6_Month,Stool,SRP158417
SRR31108541,WGS,302,6308674300,PRJNA486782,SAMN44425589,Metagenome or environmental,2775778595,SRA_COSMOSID,2018,public,"sra,run.zq,fastq","ncbi,gs,s3","s3.us-east-1,gs.us-east1,ncbi.public",SRX26491278,Italy,Europe,Italy,Homo sapiens,Illumina HiSeq 2500,Gut,41.8719 N 12.5674 E,Case_8_18_Month,SINGLE,PCR,METAGENOMIC,metagenome,ILLUMINA,2024-11-01T00:00:00Z,2024-10-24T17:10:00Z,1,Case_8_18_Month,Case_8_18_Month,Stool,SRP158417
SRR31108542,WGS,302,4371324368,PRJNA486782,SAMN44425588,Metagenome or environmental,1878525636,SRA_COSMOSID,2018,public,"fastq,run.zq,sra","ncbi,s3,gs","ncbi.public,s3.us-east-1,gs.us-east1",SRX26491277,Italy,Europe,Italy,Homo sapiens,Illumina HiSeq 2500,Gut,41.8719 N 12.5674 E,Case_8_15_Month,SINGLE,PCR,METAGENOMIC,metagenome,ILLUMINA,2024-11-01T00:00:00Z,2024-10-24T16:52:00Z,1,Case_8_15_Month,Case_8_15_Month,Stool,SRP158417
SRR31108543,WGS,302,5157399866,PRJNA486782,SAMN44425587,Metagenome or environmental,2231540606,SRA_COSMOSID,2017,public,"sra,run.zq,fastq","gs,ncbi,s3","gs.us-east1,s3.us-east-1,ncbi.public",SRX26491276,Italy,Europe,Italy,Homo sapiens,Illumina HiSeq 2500,Gut,41.8719 N 12.5674 E,Case_8_12_Month,SINGLE,PCR,METAGENOMIC,metagenome,ILLUMINA,2024-11-01T00:00:00Z,2024-10-24T16:58:00Z,1,Case_8_12_Month,Case_8_12_Month,Stool,SRP158417
SRR31108544,WGS,302,5776386012,PRJNA486782,SAMN44425586,Metagenome or environmental,2378160001,SRA_COSMOSID,2017,public,"run.zq,fastq,sra","ncbi,s3,gs","ncbi.public,gs.us-east1,s3.us-east-1",SRX26491275,Italy,Europe,Italy,Homo sapiens,Illumina HiSeq 2500,Gut,41.8719 N 12.5674 E,Case_8_9_Month,SINGLE,PCR,METAGENOMIC,metagenome,ILLUMINA,2024-11-01T00:00:00Z,2024-10-24T17:05:00Z,1,Case_8_9_Month,Case_8_9_Month,Stool,SRP158417
SRR31108545,WGS,302,5830027856,PRJNA486782,SAMN44425585,Metagenome or environmental,2417249512,SRA_COSMOSID,2018,public,"sra,run.zq,fastq","ncbi,s3,gs","gs.us-east1,ncbi.public,s3.us-east-1",SRX26491274,USA,North America,USA,Homo sapiens,Illumina HiSeq 2500,Gut,38.7946 N 106.5348 W,Case_7_30_Month,SINGLE,PCR,METAGENOMIC,metagenome,ILLUMINA,2024-11-01T00:00:00Z,2024-10-24T17:01:00Z,1,Case_7_30_Month,Case_7_30_Month,Stool,SRP158417
SRR31108546,WGS,302,6102321626,PRJNA486782,SAMN44425584,Metagenome or environmental,2532767924,SRA_COSMOSID,2018,public,"fastq,run.zq,sra","ncbi,gs,s3","s3.us-east-1,gs.us-east1,ncbi.public",SRX26491273,USA,North America,USA,Homo sapiens,Illumina HiSeq 2500,Gut,38.7946 N 106.5348 W,Case_7_27_Month,SINGLE,PCR,METAGENOMIC,metagenome,ILLUMINA,2024-11-01T00:00:00Z,2024-10-24T16:54:00Z,1,Case_7_27_Month,Case_7_27_Month,Stool,SRP158417
SRR31108547,WGS,302,6238013548,PRJNA486782,SAMN44425583,Metagenome or environmental,2709777460,SRA_COSMOSID,2018,public,"fastq,sra,run.zq","gs,ncbi,s3","ncbi.public,s3.us-east-1,gs.us-east1",SRX26491272,USA,North America,USA,Homo sapiens,Illumina HiSeq 2500,Gut,38.7946 N 106.5348 W,Case_7_24_Month,SINGLE,PCR,METAGENOMIC,metagenome,ILLUMINA,2024-11-01T00:00:00Z,2024-10-24T17:03:00Z,1,Case_7_24_Month,Case_7_24_Month,Stool,SRP158417
SRR31108548,WGS,302,7042801872,PRJNA486782,SAMN44425582,Metagenome or environmental,3058473748,SRA_COSMOSID,2017,public,"sra,fastq,run.zq","s3,ncbi,gs","s3.us-east-1,ncbi.public,gs.us-east1",SRX26491271,USA,North America,USA,Homo sapiens,Illumina HiSeq 2500,Gut,38.7946 N 106.5348 W,Case_7_21_Month,SINGLE,PCR,METAGENOMIC,metagenome,ILLUMINA,2024-11-01T00:00:00Z,2024-10-24T17:04:00Z,1,Case_7_21_Month,Case_7_21_Month,Stool,SRP158417
SRR31108549,WGS,302,6512424640,PRJNA486782,SAMN44425546,Metagenome or environmental,2631098022,SRA_COSMOSID,2016,public,"run.zq,fastq,sra","gs,s3,ncbi","gs.us-east1,s3.us-east-1,ncbi.public",SRX26491270,Italy,Europe,Italy,Homo sapiens,Illumina HiSeq 2500,Gut,41.8719 N 12.5674 E,Case_1_15_Month,SINGLE,PCR,METAGENOMIC,metagenome,ILLUMINA,2024-11-01T00:00:00Z,2024-10-24T16:57:00Z,1,Case_1_15_Month,Case_1_15_Month,Stool,SRP158417
SRR31108550,WGS,302,6981445740,PRJNA486782,SAMN44425581,Metagenome or environmental,3070330884,SRA_COSMOSID,2017,public,"sra,run.zq,fastq","gs,ncbi,s3","ncbi.public,s3.us-east-1,gs.us-east1",SRX26491269,USA,North America,USA,Homo sapiens,Illumina HiSeq 2500,Gut,38.7946 N 106.5348 W,Case_7_18_Month,SINGLE,PCR,METAGENOMIC,metagenome,ILLUMINA,2024-11-01T00:00:00Z,2024-10-24T16:55:00Z,1,Case_7_18_Month,Case_7_18_Month,Stool,SRP158417
SRR31108551,WGS,302,5400696200,PRJNA486782,SAMN44425580,Metagenome or environmental,2388530997,SRA_COSMOSID,2017,public,"fastq,run.zq,sra","ncbi,gs,s3","ncbi.public,gs.us-east1,s3.us-east-1",SRX26491268,USA,North America,USA,Homo sapiens,Illumina HiSeq 2500,Gut,38.7946 N 106.5348 W,Case_7_15_Month,SINGLE,PCR,METAGENOMIC,metagenome,ILLUMINA,2024-11-01T00:00:00Z,2024-10-24T17:01:00Z,1,Case_7_15_Month,Case_7_15_Month,Stool,SRP158417
SRR31108552,WGS,302,6390244802,PRJNA486782,SAMN44425579,Metagenome or environmental,2643514417,SRA_COSMOSID,2017,public,"sra,run.zq,fastq","s3,ncbi,gs","s3.us-east-1,gs.us-east1,ncbi.public",SRX26491267,USA,North America,USA,Homo sapiens,Illumina HiSeq 2500,Gut,38.7946 N 106.5348 W,Case_7_12_Month,SINGLE,PCR,METAGENOMIC,metagenome,ILLUMINA,2024-11-01T00:00:00Z,2024-10-24T17:07:00Z,1,Case_7_12_Month,Case_7_12_Month,Stool,SRP158417
SRR31108553,WGS,302,5751111028,PRJNA486782,SAMN44425578,Metagenome or environmental,2525135739,SRA_COSMOSID,2018,public,"run.zq,fastq,sra","s3,ncbi,gs","gs.us-east1,ncbi.public,s3.us-east-1",SRX26491266,USA,North America,USA,Homo sapiens,Illumina HiSeq 2500,Gut,38.7946 N 106.5348 W,Case_6_24_Month,SINGLE,PCR,METAGENOMIC,metagenome,ILLUMINA,2024-11-01T00:00:00Z,2024-10-24T17:03:00Z,1,Case_6_24_Month,Case_6_24_Month,Stool,SRP158417
SRR31108554,WGS,302,5381214784,PRJNA486782,SAMN44425577,Metagenome or environmental,2350561533,SRA_COSMOSID,2018,public,"fastq,run.zq,sra","ncbi,gs,s3","s3.us-east-1,gs.us-east1,ncbi.public",SRX26491265,USA,North America,USA,Homo sapiens,Illumina HiSeq 2500,Gut,38.7946 N 106.5348 W,Case_6_21_Month,SINGLE,PCR,METAGENOMIC,metagenome,ILLUMINA,2024-11-01T00:00:00Z,2024-10-24T17:00:00Z,1,Case_6_21_Month,Case_6_21_Month,Stool,SRP158417
SRR31108555,WGS,302,6149994138,PRJNA486782,SAMN44425576,Metagenome or environmental,2532222316,SRA_COSMOSID,2017,public,"sra,fastq,run.zq","ncbi,s3,gs","s3.us-east-1,ncbi.public,gs.us-east1",SRX26491264,USA,North America,USA,Homo sapiens,Illumina HiSeq 2500,Gut,38.7946 N 106.5348 W,Case_6_15_Month,SINGLE,PCR,METAGENOMIC,metagenome,ILLUMINA,2024-11-01T00:00:00Z,2024-10-24T17:01:00Z,1,Case_6_15_Month,Case_6_15_Month,Stool,SRP158417
SRR31108556,WGS,302,6877327918,PRJNA486782,SAMN44425575,Metagenome or environmental,2847430270,SRA_COSMOSID,2017,public,"fastq,run.zq,sra","ncbi,gs,s3","gs.us-east1,s3.us-east-1,ncbi.public",SRX26491263,USA,North America,USA,Homo sapiens,Illumina HiSeq 2500,Gut,38.7946 N 106.5348 W,Case_6_12_Month,SINGLE,PCR,METAGENOMIC,metagenome,ILLUMINA,2024-11-01T00:00:00Z,2024-10-24T17:11:00Z,1,Case_6_12_Month,Case_6_12_Month,Stool,SRP158417
SRR31108557,WGS,302,7088670236,PRJNA486782,SAMN44425574,Metagenome or environmental,2967543363,SRA_COSMOSID,2017,public,"run.zq,sra,fastq","ncbi,gs,s3","gs.us-east1,ncbi.public,s3.us-east-1",SRX26491262,USA,North America,USA,Homo sapiens,Illumina HiSeq 2500,Gut,38.7946 N 106.5348 W,Case_6_4-6_Month,SINGLE,PCR,METAGENOMIC,metagenome,ILLUMINA,2024-11-01T00:00:00Z,2024-10-24T17:14:00Z,1,Case_6_4-6_Month,Case_6_4-6_Month,Stool,SRP158417
SRR31108558,WGS,302,6210373300,PRJNA486782,SAMN44425573,Metagenome or environmental,2750720366,SRA_COSMOSID,2018,public,"sra,fastq,run.zq","s3,ncbi,gs","s3.us-east-1,ncbi.public,gs.us-east1",SRX26491261,USA,North America,USA,Homo sapiens,Illumina HiSeq 2500,Gut,38.7946 N 106.5348 W,Case_5_48_Month,SINGLE,PCR,METAGENOMIC,metagenome,ILLUMINA,2024-11-01T00:00:00Z,2024-10-24T17:04:00Z,1,Case_5_48_Month,Case_5_48_Month,Stool,SRP158417
SRR31108559,WGS,302,5430761206,PRJNA486782,SAMN44425572,Metagenome or environmental,2272480867,SRA_COSMOSID,2017,public,"run.zq,sra,fastq","s3,ncbi,gs","s3.us-east-1,ncbi.public,gs.us-east1",SRX26491260,USA,North America,USA,Homo sapiens,Illumina HiSeq 2500,Gut,38.7946 N 106.5348 W,Case_5_36_Month,SINGLE,PCR,METAGENOMIC,metagenome,ILLUMINA,2024-11-01T00:00:00Z,2024-10-24T16:59:00Z,1,Case_5_36_Month,Case_5_36_Month,Stool,SRP158417
SRR31108560,WGS,302,5448525752,PRJNA486782,SAMN44425545,Metagenome or environmental,2212471300,SRA_COSMOSID,2017,public,"run.zq,sra,fastq","ncbi,s3,gs","gs.us-east1,s3.us-east-1,ncbi.public",SRX26491259,Italy,Europe,Italy,Homo sapiens,Illumina HiSeq 2500,Gut,41.8719 N 12.5674 E,Case_1_18_Month,SINGLE,PCR,METAGENOMIC,metagenome,ILLUMINA,2024-11-01T00:00:00Z,2024-10-24T17:05:00Z,1,Case_1_18_Month,Case_1_18_Month,Stool,SRP158417
SRR31108561,WGS,302,5343626958,PRJNA486782,SAMN44425571,Metagenome or environmental,2427925807,SRA_COSMOSID,2017,public,"fastq,run.zq,sra","ncbi,gs,s3","gs.us-east1,s3.us-east-1,ncbi.public",SRX26491258,USA,North America,USA,Homo sapiens,Illumina HiSeq 2500,Gut,38.7946 N 106.5348 W,Case_5_30_Month,SINGLE,PCR,METAGENOMIC,metagenome,ILLUMINA,2024-11-01T00:00:00Z,2024-10-24T16:53:00Z,1,Case_5_30_Month,Case_5_30_Month,Stool,SRP158417
SRR31108562,WGS,302,6342949790,PRJNA486782,SAMN44425570,Metagenome or environmental,2514479971,SRA_COSMOSID,2017,public,"fastq,sra,run.zq","gs,ncbi,s3","ncbi.public,s3.us-east-1,gs.us-east1",SRX26491257,USA,North America,USA,Homo sapiens,Illumina HiSeq 2500,Gut,38.7946 N 106.5348 W,Case_4_15_Month,SINGLE,PCR,METAGENOMIC,metagenome,ILLUMINA,2024-11-01T00:00:00Z,2024-10-24T17:04:00Z,1,Case_4_15_Month,Case_4_15_Month,Stool,SRP158417
SRR31108563,WGS,302,7299584922,PRJNA486782,SAMN44425569,Metagenome or environmental,2890201770,SRA_COSMOSID,2017,public,"sra,fastq,run.zq","gs,s3,ncbi","ncbi.public,s3.us-east-1,gs.us-east1",SRX26491256,USA,North America,USA,Homo sapiens,Illumina HiSeq 2500,Gut,38.7946 N 106.5348 W,Case_4_12_Month,SINGLE,PCR,METAGENOMIC,metagenome,ILLUMINA,2024-11-01T00:00:00Z,2024-10-24T17:19:00Z,1,Case_4_12_Month,Case_4_12_Month,Stool,SRP158417
SRR31108564,WGS,302,6103165716,PRJNA486782,SAMN44425568,Metagenome or environmental,2408957879,SRA_COSMOSID,2017,public,"run.zq,fastq,sra","gs,ncbi,s3","ncbi.public,gs.us-east1,s3.us-east-1",SRX26491255,USA,North America,USA,Homo sapiens,Illumina HiSeq 2500,Gut,38.7946 N 106.5348 W,Case_4_18_Month,SINGLE,PCR,METAGENOMIC,metagenome,ILLUMINA,2024-11-01T00:00:00Z,2024-10-24T17:05:00Z,1,Case_4_18_Month,Case_4_18_Month,Stool,SRP158417
SRR31108565,WGS,302,6290359510,PRJNA486782,SAMN44425567,Metagenome or environmental,2498055461,SRA_COSMOSID,2016,public,"sra,fastq,run.zq","gs,s3,ncbi","ncbi.public,s3.us-east-1,gs.us-east1",SRX26491254,USA,North America,USA,Homo sapiens,Illumina HiSeq 2500,Gut,38.7946 N 106.5348 W,Case_4_4-6_Month,SINGLE,PCR,METAGENOMIC,metagenome,ILLUMINA,2024-11-01T00:00:00Z,2024-10-24T17:11:00Z,1,Case_4_4-6_Month,Case_4_4-6_Month,Stool,SRP158417
SRR31108566,WGS,302,6526832758,PRJNA486782,SAMN44425566,Metagenome or environmental,2582578329,SRA_COSMOSID,2017,public,"fastq,run.zq,sra","s3,ncbi,gs","s3.us-east-1,ncbi.public,gs.us-east1",SRX26491253,USA,North America,USA,Homo sapiens,Illumina HiSeq 2500,Gut,38.7946 N 106.5348 W,Case_4_9_Month,SINGLE,PCR,METAGENOMIC,metagenome,ILLUMINA,2024-11-01T00:00:00Z,2024-10-24T17:10:00Z,1,Case_4_9_Month,Case_4_9_Month,Stool,SRP158417
SRR31108567,WGS,302,6144508610,PRJNA486782,SAMN44425565,Metagenome or environmental,2427282033,SRA_COSMOSID,2017,public,"sra,run.zq,fastq","ncbi,gs,s3","ncbi.public,gs.us-east1,s3.us-east-1",SRX26491252,Italy,Europe,Italy,Homo sapiens,Illumina HiSeq 2500,Gut,41.8719 N 12.5674 E,Case_3_24_Month,SINGLE,PCR,METAGENOMIC,metagenome,ILLUMINA,2024-11-01T00:00:00Z,2024-10-24T17:09:00Z,1,Case_3_24_Month,Case_3_24_Month,Stool,SRP158417
SRR31108568,WGS,302,5653879410,PRJNA486782,SAMN44425564,Metagenome or environmental,2280042700,SRA_COSMOSID,2017,public,"run.zq,sra,fastq","gs,s3,ncbi","s3.us-east-1,ncbi.public,gs.us-east1",SRX26491251,Italy,Europe,Italy,Homo sapiens,Illumina HiSeq 2500,Gut,41.8719 N 12.5674 E,Case_3_21_Month,SINGLE,PCR,METAGENOMIC,metagenome,ILLUMINA,2024-11-01T00:00:00Z,2024-10-24T17:07:00Z,1,Case_3_21_Month,Case_3_21_Month,Stool,SRP158417
SRR31108569,WGS,302,5847656200,PRJNA486782,SAMN44425563,Metagenome or environmental,2342318960,SRA_COSMOSID,2017,public,"fastq,run.zq,sra","s3,ncbi,gs","gs.us-east1,ncbi.public,s3.us-east-1",SRX26491250,Italy,Europe,Italy,Homo sapiens,Illumina HiSeq 2500,Gut,41.8719 N 12.5674 E,Case_3_18_Month,SINGLE,PCR,METAGENOMIC,metagenome,ILLUMINA,2024-11-01T00:00:00Z,2024-10-24T17:09:00Z,1,Case_3_18_Month,Case_3_18_Month,Stool,SRP158417
SRR31108570,WGS,302,6603728904,PRJNA486782,SAMN44425562,Metagenome or environmental,2616444886,SRA_COSMOSID,2017,public,"sra,fastq,run.zq","ncbi,s3,gs","s3.us-east-1,gs.us-east1,ncbi.public",SRX26491357,Italy,Europe,Italy,Homo sapiens,Illumina HiSeq 2500,Gut,41.8719 N 12.5674 E,Case_3_15_Month,SINGLE,PCR,METAGENOMIC,metagenome,ILLUMINA,2024-11-01T00:00:00Z,2024-10-24T17:12:00Z,1,Case_3_15_Month,Case_3_15_Month,Stool,SRP158417
SRR31108571,WGS,302,6740902740,PRJNA486782,SAMN44425642,Metagenome or environmental,2809472944,SRA_COSMOSID,2017,public,"fastq,run.zq,sra","ncbi,gs,s3","ncbi.public,gs.us-east1,s3.us-east-1",SRX26491248,USA,North America,USA,Homo sapiens,Illumina HiSeq 2500,Gut,38.7946 N 106.5348 W,Control_7_18_Month,SINGLE,PCR,METAGENOMIC,metagenome,ILLUMINA,2024-11-01T00:00:00Z,2024-10-24T17:02:00Z,1,Control_7_18_Month,Control_7_18_Month,Stool,SRP158417
SRR31108572,WGS,302,7463493912,PRJNA486782,SAMN44425552,Metagenome or environmental,3032313004,SRA_COSMOSID,2016,public,"fastq,run.zq,sra","s3,gs,ncbi","ncbi.public,s3.us-east-1,gs.us-east1",SRX26491247,Italy,Europe,Italy,Homo sapiens,Illumina HiSeq 2500,Gut,41.8719 N 12.5674 E,Case_2_12_Month,SINGLE,PCR,METAGENOMIC,metagenome,ILLUMINA,2024-11-01T00:00:00Z,2024-10-24T17:00:00Z,1,Case_2_12_Month,Case_2_12_Month,Stool,SRP158417
SRR31108573,WGS,302,5362142880,PRJNA486782,SAMN44425543,Metagenome or environmental,2093443496,SRA_COSMOSID,2016,public,"sra,run.zq,fastq","s3,gs,ncbi","gs.us-east1,s3.us-east-1,ncbi.public",SRX26491246,Italy,Europe,Italy,Homo sapiens,Illumina HiSeq 2500,Gut,41.8719 N 12.5674 E,Case_1_4-6_Month,SINGLE,PCR,METAGENOMIC,metagenome,ILLUMINA,2024-11-01T00:00:00Z,2024-10-24T17:05:00Z,1,Case_1_4-6_Month,Case_1_4-6_Month,Stool,SRP158417
SRR31108574,WGS,302,5923760502,PRJNA486782,SAMN44425542,Metagenome or environmental,2362712232,SRA_COSMOSID,2016,public,"fastq,run.zq,sra","ncbi,s3,gs","ncbi.public,gs.us-east1,s3.us-east-1",SRX26491245,Italy,Europe,Italy,Homo sapiens,Illumina HiSeq 2500,Gut,41.8719 N 12.5674 E,Case_1_9_Month,SINGLE,PCR,METAGENOMIC,metagenome,ILLUMINA,2024-11-01T00:00:00Z,2024-10-24T17:02:00Z,1,Case_1_9_Month,Case_1_9_Month,Stool,SRP158417
