ASV_ID	CD_20	CD_21	CD_22	CD_23	CD_24	CD_25	CD_26	CD_27	CD_28	CTR_1	CTR_2	CTR_3	CTR_4	CTR_5	CTR_6	CTR_7	CTR_8	GFD_30	GFD_31	GFD_32	GFD_33	GFD_34	GFD_35	GFD_36	GFD_37	GFD_38	GFD_39
ASV_1	0	622	589	0	1256	0	0	0	1765	19612	0	0	253	7924	7564	0	7232	0	0	0	8401	13141	859	4586	3609	10087	424
ASV_2	2989	385	0	337	953	6014	0	944	3407	0	5360	247	752	0	0	4148	0	548	3665	7602	6883	3259	19029	0	831	4242	5134
ASV_3	951	2422	1631	443	404	2348	8079	2822	2529	1639	1662	3117	1087	3610	7839	72	2405	713	362	9128	1642	950	1745	302	1157	3359	3959
ASV_4	607	3024	4815	0	9807	2117	4167	2486	0	0	7218	0	3933	5	0	0	976	536	1327	0	3187	4235	1955	0	863	2381	8376
ASV_5	143	2078	1048	7348	10808	723	2779	581	469	761	1900	221	7411	156	182	473	69	41	4030	697	1131	291	596	819	567	1484	1671
ASV_6	876	0	176	505	903	8631	1643	170	977	1795	8007	0	264	2752	2434	2397	4014	164	440	0	3709	3578	0	0	0	3244	0
ASV_7	0	795	2967	0	3361	0	4175	199	2608	971	1340	8906	1092	0	3185	96	371	1285	1979	189	445	2088	133	6124	75	2968	584
ASV_8	141	2565	4094	760	155	73	2572	1658	1396	1770	2091	8826	372	2369	718	101	2233	744	5795	224	886	1590	466	2739	72	264	0
ASV_9	215	2828	2415	0	1075	266	4098	1697	1250	1723	1119	4496	290	1524	7501	26	564	694	1218	476	792	507	484	3816	166	112	577
ASV_10	0	921	0	0	0	11977	0	0	10347	7002	6226	0	0	0	0	1685	0	0	0	0	0	0	0	0	0	0	0
ASV_11	185	0	20	36	0	4936	433	36	70	3460	53	0	0	749	243	21175	2618	0	113	0	0	0	1195	0	744	515	352
ASV_12	0	0	230	96	0	0	0	3	3085	0	0	7	11769	4	0	4438	0	3844	0	6290	4980	1644	0	0	0	10	2
ASV_13	31	367	4125	3314	1067	222	601	420	1787	154	115	9595	761	44	910	88	937	146	3417	81	71	1684	314	3571	88	1661	462
ASV_14	188	1150	5018	99	96	0	2829	593	1497	509	1203	6360	700	1234	2004	39	584	2106	2892	154	1897	333	222	1955	99	392	1684
ASV_15	0	1798	4806	243	87	1287	2197	1820	1333	1847	710	1223	494	0	2184	110	1103	997	4776	262	1321	518	389	1545	134	997	915
ASV_16	784	1488	540	48	269	98	1994	1215	0	1484	811	28	352	3291	125	0	2338	361	816	13824	303	340	984	329	273	933	0
ASV_17	69	374	1787	758	7098	173	1847	326	0	146	403	237	11662	179	349	40	17	47	1724	37	14	359	80	204	68	396	6
ASV_18	40	640	0	188	765	81	385	287	88	0	413	12	185	195	934	2257	2884	0	4	6922	1514	6801	788	133	944	680	38
ASV_19	1787	0	0	0	0	0	0	47	0	0	0	57	182	0	0	28	120	0	42	432	0	636	0	0	0	22159	0
ASV_20	965	95	444	165	32	498	777	143	1613	794	1019	1399	459	992	3181	197	119	293	0	3680	224	4532	1237	41	485	1108	957
ASV_21	2494	1992	0	26	1857	2737	752	878	323	2194	212	43	117	0	0	234	0	1592	299	0	196	6222	0	0	1218	1944	0
ASV_22	0	1155	2048	125	145	690	4125	132	548	740	1464	0	693	1332	86	0	269	320	4541	294	1780	333	279	329	105	494	759
ASV_23	0	77	2284	668	7473	1062	113	1836	0	130	251	0	41	0	0	56	0	0	4198	0	0	0	1812	0	97	1428	0
ASV_24	467	1212	0	46	895	804	1217	1294	468	0	990	10	204	869	0	584	792	1507	101	2813	833	1284	15	497	3990	0	165
ASV_25	925	502	0	0	550	2770	0	658	0	2439	59	5	125	0	0	820	0	986	247	0	2087	5684	0	115	2375	0	0
ASV_26	17	106	152	10148	1373	418	1382	375	55	151	190	96	1334	199	50	0	0	15	136	138	121	36	28	79	423	844	1895
ASV_27	147	1048	1807	424	180	123	1060	93	487	1212	209	2640	102	454	315	63	1484	289	399	142	577	233	200	274	294	915	4222
ASV_28	109	5	67	10	8	165	191	323	5332	513	757	520	162	287	0	22	176	239	16	150	153	105	297	216	70	4992	4359
ASV_29	238	47	0	61	0	0	0	0	0	8	19	0	12	0	0	0	0	0	0	3953	0	1018	12654	586	47	0	0
ASV_30	233	1986	0	0	0	0	0	69	0	0	0	39	599	648	707	5691	0	537	0	0	155	2861	0	3616	925	0	272
ASV_31	321	2285	2190	4569	1552	292	1108	829	19	257	294	612	127	631	1251	66	82	0	227	0	491	657	193	0	47	72	139
ASV_32	80	2607	27	0	54	147	0	73	0	0	18	17	0	0	102	64	116	44	8761	734	20	1388	144	790	2781	181	31
ASV_33	1133	5315	0	220	267	1187	1249	1170	111	143	335	226	686	946	1173	0	420	57	379	0	448	497	0	290	627	369	0
ASV_34	0	1565	333	0	125	48	254	766	680	1315	827	1944	434	524	768	37	27	730	1432	328	830	408	171	923	245	617	1037
ASV_35	54	175	364	4717	282	1151	115	61	69	1206	41	6	1669	28	186	52	0	19	1023	130	1040	131	36	168	133	279	2119
ASV_36	0	159	111	126	24	0	754	63	533	43	49	7251	576	1784	803	0	0	0	227	74	0	376	198	64	61	1590	216
ASV_37	2116	0	0	0	0	0	0	3515	0	0	325	0	0	0	0	0	719	0	0	64	0	4602	2506	0	0	80	0
ASV_38	250	2465	1140	726	101	128	40	295	647	101	341	584	269	682	121	176	208	159	224	580	1433	377	349	768	92	249	0
ASV_39	0	0	0	12132	0	0	0	0	0	0	0	0	98	8	0	0	0	0	0	0	0	0	0	195	0	36	0
ASV_40	4872	2473	0	40	10	0	2032	701	0	0	162	0	0	0	0	0	1263	0	0	0	0	0	278	0	0	114	0
ASV_41	132	377	81	0	184	100	664	0	197	693	628	1169	77	849	2040	0	200	173	790	68	787	510	145	1217	0	51	64
ASV_42	23	316	1432	225	72	1651	636	20	186	360	762	0	0	349	328	35	316	203	1627	122	306	173	495	640	34	438	234
ASV_43	1241	0	0	0	0	0	0	8468	0	0	0	0	0	0	0	0	0	0	0	0	2	0	0	0	0	0	0
ASV_44	529	956	614	0	349	803	482	451	368	583	0	0	221	0	496	102	189	155	288	176	889	607	128	207	70	317	149
ASV_45	0	363	149	0	92	81	153	0	0	164	0	0	40	0	0	533	354	2320	1068	1038	0	340	0	0	0	328	1967
ASV_46	1028	4489	0	0	0	0	306	2232	0	0	0	0	0	0	0	0	0	0	0	0	0	0	0	0	0	0	0
ASV_47	58	371	1039	0	48	0	42	1052	244	315	394	1128	137	0	28	0	73	123	401	123	649	77	42	486	16	820	0
ASV_48	0	0	0	80	0	398	0	281	92	571	253	0	0	458	1529	67	168	31	0	304	1484	394	0	66	773	0	227
ASV_49	0	146	0	0	0	0	0	106	0	0	0	0	0	0	0	0	234	0	170	0	0	0	128	6008	0	114	0
ASV_50	62	305	524	0	1062	234	448	272	0	0	768	0	414	0	0	0	130	45	155	0	412	476	216	0	108	270	972
ASV_51	0	74	329	28	0	122	602	674	999	89	94	1246	605	792	724	0	83	12	0	0	27	8	18	81	27	144	0
ASV_52	444	1301	0	0	1467	27	83	760	54	0	0	0	0	0	0	843	1351	0	0	0	0	0	0	0	0	0	6
ASV_53	0	0	0	0	0	0	0	0	0	0	0	0	0	0	0	0	0	0	0	0	0	0	0	6155	0	0	0
ASV_54	0	0	0	0	0	0	0	0	0	0	0	0	0	0	0	0	0	0	0	0	0	0	0	6119	0	0	0
ASV_55	460	1570	1294	792	108	184	762	0	0	34	74	341	128	0	139	0	136	0	13	0	0	0	0	0	0	0	26
ASV_56	0	92	0	0	0	0	363	135	0	533	0	0	85	778	0	114	240	0	146	0	3246	0	0	0	0	0	198
ASV_57	19	22	0	40	61	48	577	33	11	0	165	0	51	507	211	353	0	0	0	1296	281	305	1601	17	33	191	0
ASV_58	0	0	0	0	0	0	377	0	0	0	0	0	0	0	0	0	0	0	0	0	0	2	4130	0	128	919	0
ASV_59	252	583	0	0	0	15	213	1030	0	0	747	0	0	306	0	0	345	0	71	102	290	452	496	77	247	151	0
ASV_60	17	0	44	10	41	755	180	21	9	160	464	0	0	913	591	46	69	216	95	14	295	0	694	300	59	20	353
ASV_61	45	201	15	0	129	66	102	167	77	9	240	6	53	134	96	275	1353	156	14	100	180	311	454	91	716	211	8
ASV_62	41	158	0	44	307	0	198	394	23	0	460	0	0	0	29	0	356	0	0	0	99	432	1440	69	988	75	0
ASV_63	43	215	589	0	0	516	110	0	191	579	78	335	145	590	0	0	368	0	0	140	0	0	107	660	49	208	144
ASV_64	273	746	0	0	21	148	711	517	0	349	184	162	180	113	34	0	445	70	0	50	229	40	403	118	0	236	0
ASV_65	220	163	0	0	112	1539	0	291	0	0	0	0	0	0	0	0	0	0	0	0	0	1866	0	0	707	101	0
ASV_66	0	488	172	98	78	47	92	274	167	250	315	363	81	0	355	23	161	121	484	22	96	50	75	632	61	256	190
ASV_67	204	247	46	0	174	18	0	86	121	0	0	0	75	0	208	189	0	350	37	0	324	1968	0	257	375	203	0
ASV_68	123	153	509	0	0	0	91	177	213	0	39	89	0	135	70	32	37	15	400	55	231	26	611	668	86	394	689
ASV_69	290	44	0	30	0	326	0	202	0	0	22	0	11	0	272	193	0	540	36	0	109	0	2305	0	184	92	32
ASV_70	26	136	0	0	0	0	848	31	660	65	527	1378	0	0	221	0	93	251	0	12	57	12	25	31	0	248	0
ASV_71	131	342	608	0	397	181	204	68	415	0	0	0	76	0	0	27	203	58	170	182	377	316	87	279	48	420	0
ASV_72	151	130	0	16	0	155	1176	319	0	274	138	69	228	295	0	0	721	0	25	0	157	0	388	191	48	75	0
ASV_73	0	0	2	0	0	0	0	1224	0	0	0	0	2254	0	0	0	896	0	0	0	0	0	0	0	0	0	0
ASV_74	70	334	0	0	121	92	0	1100	0	0	107	0	59	0	33	1152	57	57	0	140	682	72	0	58	151	34	0
ASV_75	85	91	1937	0	158	39	260	848	39	0	14	4	9	0	10	0	117	17	0	155	0	72	17	88	8	334	0
ASV_76	29	138	0	0	915	195	5	105	261	0	98	0	0	0	0	356	119	0	15	598	383	0	564	56	238	172	0
ASV_77	10	63	0	0	153	164	0	60	419	22	0	0	0	0	0	0	19	496	0	0	0	247	525	0	665	22	1259
ASV_78	246	247	14	0	238	0	108	511	0	0	0	0	0	31	0	54	195	18	0	68	109	490	671	0	776	109	0
ASV_79	0	165	0	0	0	0	0	152	130	117	297	1022	71	159	0	0	0	126	580	93	350	20	0	479	31	0	0
ASV_80	11	303	440	31	207	110	67	313	132	371	54	106	79	119	221	0	209	154	79	64	86	18	31	208	21	216	0
ASV_81	0	0	0	0	0	0	0	3649	0	0	0	0	0	0	0	0	0	0	0	0	0	0	0	0	0	0	0
ASV_82	0	142	338	24	64	192	235	17	400	494	151	508	135	0	0	0	0	37	386	15	199	147	9	50	3	102	0
ASV_83	0	459	0	0	99	2490	0	0	0	0	0	0	0	0	0	0	569	0	0	0	0	0	0	0	0	0	0
ASV_84	0	0	0	0	0	0	0	0	0	0	0	0	0	0	0	0	0	0	0	0	0	0	1567	0	2004	0	0
ASV_85	0	0	0	0	0	77	0	47	0	1327	0	0	0	0	0	804	0	108	0	0	118	0	0	0	944	143	0
ASV_86	0	346	13	1445	0	0	110	0	335	16	0	17	719	193	0	0	109	0	0	12	0	0	25	45	0	0	0
ASV_87	55	1203	0	0	0	0	0	0	0	0	817	0	0	0	0	0	0	220	48	0	0	985	0	0	0	0	0
ASV_88	0	256	69	0	9	177	444	208	1126	22	272	0	0	0	0	4	46	0	48	67	0	8	194	89	13	27	197
ASV_89	442	0	0	0	376	1099	0	0	0	0	0	0	0	0	0	0	0	0	0	668	0	0	0	0	677	0	0
ASV_90	37	26	56	49	0	20	668	195	50	133	142	0	0	166	127	0	0	0	0	0	112	0	0	575	0	634	202
ASV_91	61	45	0	120	0	54	252	29	0	180	228	73	214	719	745	81	0	0	0	230	0	0	63	0	0	0	0
ASV_92	16	0	0	0	0	443	43	0	0	342	0	0	0	81	19	1598	232	0	13	0	0	0	102	0	58	44	32
ASV_93	0	0	0	0	718	0	0	0	0	309	361	0	0	0	0	0	378	49	0	1002	0	0	0	206	0	0	0
ASV_94	0	0	0	0	0	0	0	0	0	1118	94	0	0	0	0	0	0	0	288	302	0	541	0	339	185	107	42
ASV_95	0	271	28	0	0	0	0	120	0	0	201	0	59	0	0	0	116	0	0	0	758	0	191	946	121	130	0
ASV_96	11	0	0	0	0	0	0	323	31	1222	668	0	0	0	0	70	240	0	0	42	0	0	0	0	120	105	104
ASV_97	55	103	70	18	18	119	380	116	123	84	51	125	43	176	350	0	98	26	26	358	56	50	93	0	50	184	132
ASV_98	58	406	35	0	40	0	462	210	0	0	131	0	19	194	0	0	186	0	304	27	314	114	73	58	20	242	0
ASV_99	0	5	0	246	11	1108	432	0	532	13	0	21	4	12	0	0	410	0	0	3	6	0	0	0	0	8	82
ASV_100	55	0	0	0	0	0	0	251	0	0	0	0	115	90	86	35	40	93	0	25	0	78	498	559	694	247	0
ASV_101	0	25	0	0	61	0	0	0	53	694	0	0	0	281	246	0	183	0	0	0	209	410	0	138	122	314	0
ASV_102	0	0	0	0	0	0	189	78	478	114	43	0	0	0	0	10	18	79	225	0	26	8	12	68	0	0	1366
ASV_103	0	334	0	0	0	259	0	145	265	0	89	82	99	0	0	26	0	73	0	141	294	245	72	511	25	0	0
ASV_104	15	258	0	0	35	151	0	62	0	0	37	202	15	45	0	0	55	101	13	251	0	115	66	22	609	521	0
ASV_105	218	260	0	0	168	0	180	142	0	0	143	0	122	0	0	0	283	127	0	13	0	28	157	315	229	164	0
ASV_106	26	8	57	22	77	21	36	5	92	313	26	13	18	161	613	242	40	0	0	45	266	111	29	175	33	85	34
ASV_107	0	0	0	0	0	0	0	0	0	0	0	0	0	0	0	0	0	2546	0	0	0	0	0	0	0	0	0
ASV_108	7	0	35	0	0	0	0	0	915	0	15	107	0	409	0	0	270	0	0	675	0	0	0	0	0	63	0
ASV_109	84	0	0	0	0	221	0	29	117	0	178	0	22	0	0	127	0	49	162	224	218	105	585	0	31	153	185
ASV_110	0	96	0	0	106	0	0	535	0	0	0	0	0	0	0	0	0	0	0	1683	0	0	0	0	0	0	0
ASV_111	22	37	0	16	0	0	85	35	497	145	213	208	11	0	0	0	0	164	529	22	120	40	73	88	47	57	0
ASV_112	24	0	0	0	0	65	56	25	110	58	0	135	11	0	260	0	24	0	137	0	14	0	20	10	17	211	1219
ASV_113	0	0	5	0	0	0	0	0	0	0	0	1101	0	990	0	9	4	0	0	5	0	0	18	40	0	0	115
ASV_114	0	0	97	90	0	0	101	0	20	0	28	154	0	107	470	0	0	0	660	7	141	0	0	7	0	37	326
ASV_115	0	0	92	132	189	85	46	0	58	89	30	68	43	65	198	106	76	46	135	36	69	79	69	125	68	158	181
ASV_116	0	0	54	11	0	44	360	12	23	50	5	6	0	213	61	0	10	11	5	8	12	34	79	0	1081	146	12
ASV_117	0	0	0	0	0	0	0	0	0	0	0	0	0	0	0	7	0	0	0	0	42	0	0	0	1994	71	51
ASV_118	19	74	152	275	129	19	154	55	95	0	19	41	0	17	449	23	0	15	55	60	31	235	21	82	10	23	78
ASV_119	0	2115	0	0	0	0	0	0	0	0	0	0	0	0	0	0	0	0	0	0	0	0	0	0	0	0	0
ASV_120	23	23	70	322	119	96	34	6	47	7	21	10	122	0	56	121	32	0	0	87	82	105	52	348	55	132	88
ASV_121	147	0	0	0	0	0	0	0	0	0	0	0	0	0	0	0	0	0	0	26	0	47	0	0	0	1777	0
ASV_122	163	359	242	0	0	0	0	30	0	0	0	0	0	17	0	0	160	0	0	0	0	0	62	0	732	226	0
ASV_123	52	38	0	13	11	62	95	119	180	499	238	0	140	185	47	37	0	0	49	0	78	46	35	17	0	45	0
ASV_124	0	242	0	0	8	87	247	73	0	0	0	331	0	271	147	0	0	129	202	12	174	0	0	0	58	0	0
ASV_125	0	0	0	25	0	0	0	0	0	0	0	0	0	0	0	0	0	0	0	985	344	0	0	205	0	382	0
ASV_126	0	0	0	38	0	0	0	0	0	0	0	0	0	0	0	0	1901	0	0	0	0	0	0	0	0	0	0
ASV_127	10	0	102	583	0	0	0	0	19	7	0	25	13	235	12	4	0	112	3	112	246	100	38	239	8	0	44
ASV_128	3	0	674	360	15	11	41	0	35	40	4	57	21	23	88	12	24	0	27	38	18	180	0	103	0	30	75
ASV_129	36	0	0	0	0	0	0	0	169	32	0	210	0	0	94	0	26	0	0	38	44	0	391	301	0	217	257
ASV_130	18	75	30	0	175	84	85	10	0	0	47	0	146	14	11	65	222	0	0	372	0	374	0	29	42	0	0
ASV_131	139	0	0	0	415	0	224	47	0	0	119	0	0	0	0	22	278	0	0	0	0	464	0	0	83	0	0
ASV_132	22	125	5	0	290	18	41	190	41	17	34	21	78	7	30	60	35	30	110	108	63	167	35	186	24	0	0
ASV_133	0	0	0	0	835	0	0	0	130	0	42	0	0	0	0	0	0	0	0	625	0	0	0	0	0	90	0
ASV_134	0	0	0	0	0	0	0	8	0	0	0	0	0	0	0	29	0	0	0	0	10	0	0	1621	0	0	36
ASV_135	294	560	0	0	0	0	0	11	0	0	0	0	0	687	0	0	144	0	0	0	0	0	0	0	0	0	0
ASV_136	7	0	0	93	43	11	12	90	0	11	0	0	0	0	471	11	0	6	41	147	403	43	10	12	43	205	0
ASV_137	0	0	0	0	0	0	0	52	0	0	0	0	0	0	0	0	0	0	0	0	0	0	0	1606	0	0	0
ASV_138	329	0	0	462	0	0	142	547	0	0	0	0	0	0	0	0	0	0	0	0	0	0	38	0	0	87	0
ASV_139	0	0	0	0	0	0	0	0	0	1591	0	0	0	0	0	0	0	0	0	0	0	0	0	0	0	0	0
ASV_140	0	0	0	0	0	0	0	0	0	0	0	0	0	0	0	0	0	208	0	0	0	0	0	0	0	0	1368
ASV_141	55	199	263	0	28	67	71	134	0	74	34	0	20	0	71	0	202	30	9	55	62	17	31	43	5	89	0
ASV_142	0	0	0	0	0	0	0	0	132	0	0	0	459	0	0	180	0	174	0	285	234	73	0	0	0	0	0
ASV_143	0	0	1361	0	0	0	26	0	0	0	0	0	0	131	0	0	0	0	2	0	0	0	0	0	0	0	0
ASV_144	0	101	0	0	0	0	0	161	75	0	149	131	0	0	0	0	0	0	244	160	0	0	0	431	0	0	0
ASV_145	319	0	0	0	0	0	62	0	0	0	0	0	0	0	0	0	58	0	0	0	0	983	0	0	0	0	0
ASV_146	96	0	4	36	516	0	5	0	0	0	0	0	0	0	0	10	0	17	0	13	46	172	193	11	41	30	199
ASV_147	0	0	834	0	0	0	0	0	0	162	173	0	0	173	0	0	43	0	0	0	0	0	0	0	0	0	0
ASV_148	0	0	0	0	0	0	0	820	0	0	0	0	0	0	0	0	0	98	0	0	0	0	0	0	467	0	0
ASV_149	0	155	0	0	0	0	0	401	0	0	56	0	10	92	0	0	177	40	0	15	0	169	88	0	113	56	4
ASV_150	0	0	0	0	0	0	0	0	0	0	0	0	0	0	0	0	1368	0	0	0	0	0	0	0	0	0	0
ASV_151	32	68	20	0	20	0	107	77	0	55	20	0	0	151	0	0	95	0	29	560	14	0	41	15	0	50	0
ASV_152	0	0	0	0	0	0	0	0	0	0	0	0	0	0	0	0	475	0	0	675	0	19	0	0	0	174	0
ASV_153	0	0	0	382	180	0	155	0	0	85	0	0	0	57	0	0	86	0	0	0	0	0	0	0	39	248	110
ASV_154	0	0	0	0	0	0	0	0	0	0	0	0	0	0	0	0	0	0	0	0	0	0	0	0	1324	0	0
ASV_155	50	26	562	372	62	0	0	39	0	34	0	0	0	0	0	0	0	38	0	0	31	71	0	0	25	0	0
ASV_156	0	0	18	0	0	0	0	0	0	0	0	58	152	207	0	0	0	0	0	0	25	0	0	319	0	445	68
ASV_157	27	24	0	85	0	0	0	64	66	0	68	69	18	344	101	16	18	35	50	7	28	14	38	43	0	145	30
ASV_158	0	0	0	0	0	0	0	0	289	0	178	0	0	0	0	0	0	136	0	100	255	0	0	0	0	0	327
ASV_159	0	0	0	675	93	28	89	33	0	0	17	0	92	11	0	0	0	0	0	16	0	0	0	0	24	68	103
ASV_160	0	42	167	0	0	0	119	42	60	26	42	226	20	42	84	0	22	57	116	0	45	0	0	64	0	0	64
ASV_161	0	0	0	0	0	0	0	0	0	0	0	0	0	0	0	0	0	0	0	0	0	1235	0	0	0	0	0
ASV_162	0	27	31	0	0	20	0	0	0	0	0	0	0	0	0	0	0	0	0	0	0	0	838	0	5	286	0
ASV_163	219	0	0	0	0	0	0	0	0	0	0	0	0	0	0	0	986	0	0	0	0	0	0	0	0	0	0
ASV_164	0	0	62	0	0	100	0	0	32	0	0	0	67	0	0	64	0	0	189	0	0	38	0	0	0	198	454
ASV_165	57	0	142	474	0	0	0	0	0	0	0	0	0	0	70	0	0	0	0	0	0	125	0	0	7	300	0
ASV_166	0	0	0	0	0	0	0	0	0	0	1129	0	0	0	0	0	0	0	0	0	0	0	0	0	0	0	0
ASV_167	0	0	0	0	0	0	31	25	0	0	38	200	10	577	0	14	73	0	0	12	65	16	12	12	0	18	24
ASV_168	11	92	0	0	0	0	0	49	0	124	0	0	0	0	0	0	0	39	0	466	0	150	101	32	20	41	0
ASV_169	88	79	0	0	0	0	28	8	0	0	0	0	0	0	0	408	0	0	0	0	0	414	0	46	48	0	0
ASV_170	140	343	33	13	0	0	338	18	0	0	215	0	12	0	0	0	0	0	0	0	0	0	0	0	0	0	0
ASV_171	0	0	0	0	0	0	0	0	0	0	0	0	0	0	0	0	0	1100	0	0	0	0	0	0	0	0	0
ASV_172	0	0	0	0	1085	0	0	0	0	0	0	0	0	0	0	0	0	0	0	0	0	0	0	0	0	0	0
ASV_173	0	36	0	0	0	0	0	192	164	0	43	7	0	20	0	30	367	0	0	0	0	29	0	66	0	6	119
ASV_174	0	0	0	0	0	0	0	18	310	40	28	33	14	0	0	0	0	15	0	0	0	0	14	0	0	332	269
ASV_175	0	0	0	0	0	0	0	0	0	0	0	1073	0	0	0	0	0	0	0	0	0	0	0	0	0	0	0
ASV_176	0	0	0	0	0	4	0	1006	0	0	0	0	0	0	0	0	0	0	0	0	0	0	0	0	0	0	50
ASV_177	0	8	0	0	0	65	54	25	0	0	41	0	0	0	0	712	20	0	0	0	84	22	0	11	0	0	0
ASV_178	74	0	0	0	0	0	0	220	0	0	0	0	0	46	0	0	130	0	0	93	452	0	0	0	0	0	0
ASV_179	12	7	10	30	0	0	10	0	26	0	5	0	0	0	0	10	21	0	0	0	19	771	15	57	0	11	0
ASV_180	0	0	0	48	208	0	0	0	0	0	0	0	0	0	0	0	77	0	0	144	0	452	0	0	61	0	0
ASV_181	0	40	89	0	0	33	182	0	32	41	71	0	31	58	0	0	18	0	221	0	87	0	14	13	0	19	40
ASV_182	0	0	0	0	0	190	0	0	0	0	0	0	0	57	51	114	0	0	0	0	0	69	160	99	0	229	0
ASV_183	0	0	0	0	0	0	0	0	0	0	965	0	0	0	0	0	0	0	0	0	0	0	0	0	0	0	0
ASV_184	0	0	0	0	0	0	549	0	0	243	0	0	0	0	0	0	85	0	0	0	0	0	0	0	0	74	0
ASV_185	0	0	404	0	14	0	0	441	0	0	0	0	0	0	0	0	79	0	0	0	0	0	0	0	0	0	0
ASV_186	32	0	23	0	0	21	24	0	59	39	34	50	14	46	137	0	0	12	0	144	0	148	42	0	19	55	36
ASV_187	0	24	78	97	0	19	18	0	54	20	12	0	45	27	48	0	0	19	0	64	58	58	0	109	0	17	168
ASV_188	0	0	0	0	0	0	0	0	0	0	928	0	0	0	0	0	0	0	0	0	0	0	0	0	0	0	0
ASV_189	0	4	0	0	14	0	0	11	0	0	0	0	0	0	0	0	0	0	0	234	29	53	97	4	479	0	0
ASV_190	35	0	0	0	0	63	0	0	102	0	0	0	22	35	129	62	0	36	28	26	0	85	27	98	0	109	60
ASV_191	0	0	790	0	0	0	0	0	0	0	0	0	0	0	0	0	0	126	0	0	0	0	0	0	0	0	0
ASV_192	10	0	0	0	0	148	0	0	0	73	0	0	0	379	0	0	63	0	0	111	0	0	88	0	0	0	42
ASV_193	6	0	58	0	0	0	47	51	235	0	296	0	78	0	0	0	0	13	22	18	0	0	47	20	0	18	5
ASV_194	0	0	0	0	0	0	0	0	0	0	0	0	0	0	0	0	0	0	0	0	0	0	0	910	0	0	0
ASV_195	105	79	247	0	0	169	0	0	0	0	0	0	0	234	0	0	4	0	0	0	0	0	0	0	0	57	0
ASV_196	0	0	0	0	0	55	0	0	130	539	0	0	43	0	0	10	0	0	0	0	5	23	0	76	0	0	0
ASV_197	33	30	77	0	0	0	17	27	48	0	0	0	0	24	13	0	0	0	64	0	49	0	106	133	17	87	153
ASV_198	0	0	0	0	0	0	68	0	0	0	0	0	0	0	0	0	806	0	0	0	0	0	0	0	0	0	0
ASV_199	23	0	14	8	24	11	23	0	42	0	7	0	0	21	39	20	0	0	0	9	23	37	0	0	0	13	551
ASV_200	0	0	0	0	0	0	55	58	168	0	0	6	145	324	0	0	0	0	0	0	0	0	0	0	0	0	103
ASV_201	24	5	0	4	41	154	0	0	34	165	57	0	2	55	2	62	39	0	0	0	0	93	0	18	43	0	60
ASV_202	2	0	75	125	195	12	8	0	24	12	13	65	34	0	0	7	6	11	36	15	0	52	8	62	0	19	77
ASV_203	0	0	0	0	0	0	0	0	0	0	0	35	0	0	0	0	0	36	69	0	0	10	0	707	0	0	0
ASV_204	0	0	4	14	10	0	0	0	22	0	0	0	0	0	0	0	0	0	0	678	68	34	0	23	0	0	0
ASV_205	0	0	0	0	0	31	90	69	54	187	46	32	15	66	87	0	37	0	0	0	0	61	22	0	0	47	0
ASV_206	0	0	0	0	0	245	0	0	0	0	0	0	0	0	257	0	0	0	0	0	0	0	0	194	0	125	0
ASV_207	0	0	0	0	0	0	0	0	164	0	0	0	0	0	0	0	0	0	285	0	358	0	0	0	0	0	0
ASV_208	0	0	0	17	0	0	0	0	0	0	0	0	0	0	0	0	0	0	0	0	0	0	772	0	0	0	0
ASV_209	0	0	0	0	0	0	0	0	0	0	0	778	0	0	0	0	0	0	0	0	0	0	0	0	0	0	0
ASV_210	0	0	0	0	0	0	0	0	0	0	0	0	0	0	0	0	0	0	0	0	0	0	0	0	778	0	0
ASV_211	0	0	6	693	0	0	8	0	0	0	0	0	0	0	0	0	0	0	0	0	0	0	0	0	0	0	64
ASV_212	0	0	0	0	0	0	0	0	0	0	0	0	0	0	0	0	0	0	771	0	0	0	0	0	0	0	0
ASV_213	53	43	0	4	0	0	0	0	0	0	0	0	0	0	0	0	0	0	0	0	37	0	301	89	201	39	0
ASV_214	0	0	0	0	0	0	0	0	0	0	0	0	0	0	0	0	0	763	0	0	0	0	0	0	0	0	0
ASV_215	0	0	0	0	0	0	0	677	0	0	0	0	0	80	0	0	0	0	0	0	0	0	0	0	0	0	0
ASV_216	0	0	0	0	0	0	752	0	0	4	0	0	0	0	0	0	0	0	0	0	0	0	0	0	0	0	0
ASV_217	0	0	196	0	0	0	0	0	38	0	18	0	0	0	0	0	12	0	0	0	0	0	0	93	0	105	293
ASV_218	0	14	66	100	125	36	10	0	15	23	5	17	0	14	116	0	4	11	2	5	10	40	0	23	32	35	50
ASV_219	0	0	0	0	0	0	75	47	59	0	31	168	13	84	64	0	19	12	15	18	0	0	25	42	0	37	32
ASV_220	0	13	0	0	0	0	0	0	0	0	2	0	20	0	0	0	0	8	193	128	17	149	16	89	0	0	97
ASV_221	0	0	0	0	0	34	0	64	16	70	20	0	0	33	169	0	31	0	0	30	163	31	0	0	67	0	0
ASV_222	0	0	387	0	0	17	0	120	0	33	0	0	0	0	0	4	13	0	72	0	0	0	28	0	20	0	9
ASV_223	0	0	0	0	278	0	22	8	0	0	61	0	0	0	0	52	0	0	0	76	0	130	0	23	39	10	0
ASV_224	0	0	0	0	230	0	59	14	0	0	0	0	0	0	0	33	24	0	0	49	0	274	0	0	9	0	0
ASV_225	0	0	0	0	0	0	0	0	690	0	0	0	0	0	0	0	0	0	0	0	0	0	0	0	0	0	0
ASV_226	0	0	0	0	69	0	0	0	592	0	0	0	0	0	0	10	0	0	0	0	0	0	0	16	0	0	0
ASV_227	0	0	0	0	0	0	241	0	0	0	443	0	0	0	0	0	0	0	0	0	0	0	0	0	0	0	0
ASV_228	100	0	0	0	0	0	0	136	0	0	0	0	0	0	168	0	0	0	71	20	0	0	66	23	0	98	0
ASV_229	8	44	57	63	55	14	41	3	0	0	0	0	0	6	0	108	0	0	0	6	19	80	0	150	0	28	0
ASV_230	0	0	0	0	0	0	0	0	0	0	0	0	0	0	0	0	0	0	0	0	0	0	0	0	665	0	0
ASV_231	0	38	0	0	0	0	0	0	0	0	0	0	118	0	0	0	0	0	42	54	0	0	13	0	10	389	0
ASV_232	63	329	0	0	94	0	0	0	0	0	0	0	0	167	0	0	0	0	0	0	0	0	0	0	0	0	0
ASV_233	0	0	0	159	0	0	0	0	0	0	0	0	0	0	0	487	0	0	0	0	0	0	0	0	0	0	0
ASV_234	0	0	0	0	0	0	0	0	0	0	0	0	0	0	0	0	0	0	571	0	0	0	0	0	28	0	46
ASV_235	7	0	0	282	55	74	0	0	0	47	151	0	0	0	0	0	0	0	0	0	0	0	0	0	0	0	21
ASV_236	0	0	0	0	0	0	505	0	0	0	0	0	0	0	0	0	80	0	0	0	0	51	0	0	0	0	0
ASV_237	6	37	0	0	17	0	67	0	69	0	18	50	0	44	74	0	29	0	47	0	13	0	11	82	0	69	0
ASV_238	0	66	26	13	0	0	0	31	22	29	44	46	12	0	47	0	24	14	69	0	18	0	0	81	14	39	35
ASV_239	254	144	0	0	0	0	86	31	0	0	0	0	0	0	0	0	80	0	0	0	0	0	15	0	0	0	0
ASV_240	0	12	0	0	0	0	46	0	0	52	0	0	0	90	0	0	0	0	0	0	357	0	0	0	0	0	40
ASV_241	31	0	10	12	72	0	0	0	15	19	0	0	5	3	7	70	0	0	0	4	16	4	21	296	9	0	0
ASV_242	0	17	0	0	0	0	0	33	0	0	12	0	0	0	0	0	0	0	0	0	0	0	0	530	0	0	0
ASV_243	0	0	0	20	0	6	0	0	7	7	0	8	0	18	26	0	8	0	97	15	12	13	41	0	107	28	179
ASV_244	0	0	0	0	135	0	46	0	0	0	0	0	408	0	0	0	0	0	0	0	0	0	0	0	0	0	0
ASV_245	0	90	0	0	0	0	0	132	0	0	0	0	0	0	0	0	0	0	0	0	256	0	40	68	0	0	0
ASV_246	0	0	0	0	0	0	0	0	0	0	0	0	0	0	0	0	0	0	0	0	0	0	0	0	578	0	0
ASV_247	0	0	0	0	0	0	0	18	557	0	0	0	0	0	0	0	0	0	0	0	0	0	0	0	0	0	0
ASV_248	0	0	0	0	0	0	213	0	0	0	361	0	0	0	0	0	0	0	0	0	0	0	0	0	0	0	0
ASV_249	0	559	0	0	0	0	0	0	0	0	0	0	0	0	0	0	0	0	0	0	0	0	0	0	0	0	0
ASV_250	0	0	310	0	0	0	0	0	0	0	0	15	0	0	0	0	234	0	0	0	0	0	0	0	0	0	0
ASV_251	0	0	0	0	559	0	0	0	0	0	0	0	0	0	0	0	0	0	0	0	0	0	0	0	0	0	0
ASV_252	31	27	0	0	13	28	23	36	11	20	78	0	3	24	46	6	26	0	8	0	0	39	34	24	45	27	9
ASV_253	45	57	0	102	33	0	0	0	0	0	0	0	0	0	0	11	304	0	0	0	0	0	0	0	0	0	0
ASV_254	39	61	0	0	0	0	0	122	0	0	29	0	0	0	0	190	83	0	0	0	0	0	28	0	0	0	0
ASV_255	6	7	0	0	0	0	23	7	43	0	82	5	15	105	107	3	6	9	0	0	19	9	43	39	15	0	0
ASV_256	0	9	0	0	0	0	32	69	0	0	9	0	5	0	25	18	27	15	0	0	32	0	56	174	5	65	0
ASV_257	0	0	0	0	0	0	0	0	0	0	0	0	0	0	0	0	0	0	0	0	0	0	0	541	0	0	0
ASV_258	25	12	0	0	6	56	46	91	0	0	0	0	0	79	0	65	134	0	0	0	0	21	0	5	0	0	0
ASV_259	5	240	11	9	0	0	85	0	0	0	0	0	8	0	0	24	0	0	0	0	0	0	53	26	0	79	0
ASV_260	0	0	0	0	0	0	0	0	0	0	0	0	0	0	0	0	0	0	0	367	0	0	0	0	0	169	0
ASV_261	59	0	0	0	0	0	0	339	0	0	0	0	0	0	0	0	0	0	0	0	0	0	0	0	134	0	0
ASV_262	0	0	0	0	0	532	0	0	0	0	0	0	0	0	0	0	0	0	0	0	0	0	0	0	0	0	0
ASV_263	0	527	0	0	0	0	0	0	0	0	0	0	0	0	0	0	0	0	0	0	0	0	0	0	0	0	0
ASV_264	0	0	0	0	0	0	0	0	0	0	0	0	0	0	0	0	0	0	0	0	0	0	0	0	526	0	0
ASV_265	0	0	0	0	0	0	0	0	0	0	525	0	0	0	0	0	0	0	0	0	0	0	0	0	0	0	0
ASV_266	0	0	0	0	0	123	97	0	0	0	272	0	0	0	0	0	27	0	0	0	0	0	0	0	0	0	0
ASV_267	0	0	0	0	0	30	488	0	0	0	0	0	0	0	0	0	0	0	0	0	0	0	0	0	0	0	0
ASV_268	42	32	0	0	40	0	13	67	0	0	0	0	0	0	0	12	27	0	0	0	16	70	71	0	107	20	0
ASV_269	0	0	75	319	0	0	37	0	0	0	0	0	0	0	0	0	0	0	0	68	0	0	0	0	0	0	0
ASV_270	0	39	39	0	0	0	43	17	0	17	23	123	0	40	0	0	26	0	81	0	0	21	0	25	0	0	0
ASV_271	0	0	0	0	493	0	0	0	0	0	0	0	0	0	0	0	0	0	0	0	0	0	0	0	0	0	0
ASV_272	0	173	0	0	0	0	83	0	0	0	58	0	0	0	0	0	11	0	0	0	0	0	0	166	0	0	0
ASV_273	0	0	227	0	0	0	0	0	0	0	0	0	0	261	0	0	0	0	0	0	0	0	0	0	0	0	0
ASV_274	0	0	0	0	0	0	0	0	0	0	0	0	0	12	31	0	0	0	0	0	171	0	124	0	150	0	0
ASV_275	0	0	0	0	0	0	0	486	0	0	0	0	0	0	0	0	0	0	0	0	0	0	0	0	0	0	0
ASV_276	0	45	38	0	0	0	59	26	22	0	0	73	0	20	117	0	0	0	24	0	0	0	0	60	0	0	0
ASV_277	0	0	0	0	0	0	0	0	0	0	0	0	0	0	0	0	0	0	0	0	0	0	0	0	482	0	0
ASV_278	0	0	0	0	0	0	0	0	0	0	0	0	43	0	0	141	0	0	0	0	0	0	0	0	295	0	0
ASV_279	0	0	0	0	0	0	0	476	0	0	0	0	0	0	0	0	0	0	0	0	0	0	0	0	0	0	0
ASV_280	0	0	0	0	0	0	0	0	0	0	5	0	0	0	0	0	0	0	0	467	0	0	0	0	0	0	0
ASV_281	47	0	0	0	158	0	51	0	0	0	0	0	0	0	0	182	21	0	0	0	0	0	0	0	0	8	0
ASV_282	0	0	0	0	0	400	13	0	0	20	13	0	0	8	0	0	0	0	0	0	0	9	0	0	0	0	0
ASV_283	0	0	0	0	0	0	0	425	0	0	32	0	0	0	0	0	0	0	0	0	0	0	0	0	0	0	0
ASV_284	0	154	0	0	0	0	0	48	0	0	67	0	0	0	0	0	0	0	0	134	0	0	47	0	0	0	0
ASV_285	0	0	0	0	0	128	78	0	0	36	0	13	0	66	81	0	0	0	0	0	0	7	0	0	0	41	0
ASV_286	0	15	0	166	87	32	0	0	0	0	59	0	75	0	0	0	0	0	0	0	13	0	0	0	0	0	0
ASV_287	0	0	114	6	25	217	0	0	0	0	0	0	0	23	0	0	0	12	0	28	0	0	0	0	21	0	0
ASV_288	0	0	0	98	58	13	0	0	66	69	0	35	5	0	0	0	0	0	0	64	0	0	0	0	16	19	0
ASV_289	324	0	0	0	0	0	0	0	0	0	0	0	0	0	0	0	0	0	0	0	0	0	0	0	0	116	0
ASV_290	70	49	0	0	0	0	77	0	0	0	21	0	0	222	0	0	0	0	0	0	0	0	0	0	0	0	0
ASV_291	0	0	0	0	0	0	25	0	0	0	63	32	0	0	212	0	67	0	0	0	0	11	23	0	0	0	0
ASV_292	0	0	0	0	0	0	0	0	0	0	0	0	0	0	0	0	0	0	0	0	0	0	432	0	0	0	0
ASV_293	0	87	0	0	0	0	0	48	0	0	0	0	0	0	0	0	0	174	0	0	0	69	0	0	0	52	0
ASV_294	0	106	0	0	0	0	0	132	0	0	0	0	0	0	0	0	71	0	0	0	0	0	0	0	0	119	0
ASV_295	0	6	65	59	34	57	10	0	10	28	8	0	0	0	0	0	33	7	0	21	13	18	6	17	7	13	15
ASV_296	22	49	0	0	115	0	0	33	0	0	0	0	0	0	0	0	0	0	11	52	0	0	0	121	22	0	0
ASV_297	50	0	15	79	0	0	70	0	0	0	0	0	0	27	0	0	24	0	0	0	0	0	0	0	0	14	144
ASV_298	0	0	50	0	0	0	0	0	132	0	81	0	0	0	0	0	61	0	0	0	0	0	0	22	0	9	68
ASV_299	0	0	0	0	0	145	0	0	126	90	59	0	0	0	0	0	0	0	0	0	0	0	0	0	0	0	0
ASV_300	0	419	0	0	0	0	0	0	0	0	0	0	0	0	0	0	0	0	0	0	0	0	0	0	0	0	0
ASV_301	0	0	0	0	15	71	19	0	0	0	71	0	0	28	30	27	36	0	0	0	44	34	0	0	0	39	0
ASV_302	0	23	40	18	0	0	23	0	0	37	0	69	0	0	19	0	40	0	0	0	16	0	0	0	0	26	93
ASV_303	0	0	0	0	0	0	0	0	0	0	0	0	0	0	0	0	0	0	0	0	0	0	0	0	403	0	0
ASV_304	0	59	0	0	59	152	0	120	0	0	0	0	0	0	0	0	0	0	0	0	7	0	0	0	0	4	0
ASV_305	3	0	0	0	0	0	0	0	57	0	51	0	0	0	0	0	197	0	0	0	92	0	0	0	0	0	0
ASV_306	0	45	0	0	0	0	0	235	0	0	0	0	0	0	0	0	105	0	0	13	0	0	0	0	0	0	0
ASV_307	0	0	0	0	0	0	0	0	0	0	0	394	0	0	0	0	0	0	0	0	0	0	0	0	0	0	0
ASV_308	0	0	0	0	0	0	0	15	0	0	0	0	0	0	0	0	0	0	0	0	0	0	0	0	377	0	0
ASV_309	26	42	33	0	17	45	26	27	22	34	0	0	0	0	22	0	0	0	0	11	44	28	0	0	0	14	0
ASV_310	0	0	0	0	0	0	0	0	0	0	0	0	0	0	0	0	0	391	0	0	0	0	0	0	0	0	0
ASV_311	0	31	0	0	0	0	12	74	0	0	57	0	0	24	0	0	32	0	0	10	54	12	46	0	25	13	0
ASV_312	0	0	0	0	0	0	0	0	0	0	0	0	0	0	0	0	0	0	0	0	0	388	0	0	0	0	0
ASV_313	0	0	0	0	0	0	0	0	67	0	0	0	52	0	0	147	0	26	0	0	22	0	73	0	0	0	0
ASV_314	0	0	0	0	0	66	0	0	25	127	0	0	0	0	0	0	31	0	0	0	0	0	99	0	0	32	0
ASV_315	0	0	0	67	0	0	0	0	0	0	0	39	0	0	42	0	14	0	61	0	0	53	33	0	0	0	67
ASV_316	0	0	28	26	11	0	0	0	16	0	7	19	0	5	15	0	0	15	0	35	10	11	0	25	0	0	146
ASV_317	0	0	0	0	0	0	0	103	0	62	0	0	19	64	56	0	0	9	0	0	0	31	0	25	0	0	0
ASV_318	0	0	35	80	75	7	20	23	0	0	0	5	0	0	29	6	4	4	7	0	9	0	5	0	3	48	7
ASV_319	0	0	0	0	0	0	0	0	0	0	0	0	0	0	0	0	0	0	0	0	0	0	0	0	0	367	0
ASV_320	0	0	0	0	0	0	0	0	0	0	358	0	0	0	0	0	0	0	0	0	0	0	7	0	0	0	0
ASV_321	13	0	0	133	68	0	0	0	0	0	0	0	0	0	0	0	0	0	0	79	46	0	8	0	0	14	0
ASV_322	0	0	0	0	0	0	0	0	0	0	0	0	0	0	0	0	0	0	0	0	0	0	0	0	355	0	0
ASV_323	0	0	0	150	0	0	0	0	0	0	0	0	0	0	0	0	0	0	202	0	0	0	0	0	0	0	0
ASV_324	17	4	0	0	0	0	248	10	0	0	0	0	0	0	0	40	0	0	0	0	0	32	0	0	0	0	0
ASV_325	0	0	0	0	0	0	0	0	0	0	0	0	0	0	0	0	343	0	0	0	0	0	0	0	0	0	0
ASV_326	0	0	0	0	0	0	0	0	0	0	0	0	0	0	0	0	0	0	0	0	342	0	0	0	0	0	0
ASV_327	0	0	14	0	0	0	0	0	0	0	298	0	0	0	0	0	0	0	0	0	0	0	0	0	29	0	0
ASV_328	18	0	0	0	0	0	0	0	0	0	0	0	0	0	0	0	87	0	0	3	0	0	0	0	145	87	0
ASV_329	0	35	0	0	0	0	25	24	0	0	0	0	0	21	0	0	11	0	12	34	0	16	62	16	0	83	0
ASV_330	19	0	0	0	0	0	118	187	0	0	14	0	0	0	0	0	0	0	0	0	0	0	0	0	0	0	0
ASV_331	0	0	0	0	0	0	0	0	0	0	0	0	337	0	0	0	0	0	0	0	0	0	0	0	0	0	0
ASV_332	4	0	0	75	222	0	27	0	0	0	0	0	0	0	0	0	0	0	0	0	0	0	0	0	0	0	0
ASV_333	0	0	0	0	0	0	0	0	0	0	0	0	0	0	0	0	0	0	327	0	0	0	0	0	0	0	0
ASV_334	9	8	36	32	0	15	0	73	0	0	0	0	0	0	0	0	0	0	0	8	0	20	38	78	8	0	0
ASV_335	0	0	0	0	0	0	0	0	0	0	324	0	0	0	0	0	0	0	0	0	0	0	0	0	0	0	0
ASV_336	0	34	0	0	0	0	0	0	173	0	61	0	13	0	0	0	0	0	0	0	0	0	0	0	9	31	0
ASV_337	0	0	0	0	0	0	0	0	0	0	0	0	0	0	0	0	321	0	0	0	0	0	0	0	0	0	0
ASV_338	0	0	0	0	0	0	35	193	0	59	0	0	0	0	0	0	0	0	0	0	0	0	23	0	9	0	0
ASV_339	0	0	0	0	0	0	0	0	0	94	0	0	0	223	0	0	0	0	0	0	0	0	0	0	0	0	0
ASV_340	195	87	0	0	0	0	0	12	0	0	0	0	0	0	0	0	4	0	0	0	0	0	0	0	16	0	0
ASV_341	0	0	0	0	0	0	0	0	0	0	0	0	0	0	0	0	0	0	0	0	310	0	0	0	0	0	0
ASV_342	0	0	0	0	0	0	308	0	0	0	0	0	0	0	0	0	0	0	0	0	0	0	0	0	0	0	0
ASV_343	0	0	0	304	0	0	0	0	0	0	0	0	0	0	0	0	0	0	0	0	0	0	0	0	0	0	0
ASV_344	0	27	36	0	40	0	53	57	0	0	0	25	0	0	0	0	18	0	5	14	0	0	0	0	8	19	0
ASV_345	12	0	9	0	41	0	31	0	0	0	0	0	0	0	0	75	56	0	0	21	21	0	35	0	0	0	0
ASV_346	0	10	0	0	0	9	15	0	0	0	13	0	0	14	0	17	26	0	0	15	69	69	0	30	0	13	0
ASV_347	19	44	0	0	0	20	0	60	0	0	26	25	0	0	0	0	69	0	0	0	0	0	0	36	0	0	0
ASV_348	0	0	70	21	0	0	20	0	0	0	0	35	0	0	0	0	4	0	0	0	38	0	0	0	0	0	110
ASV_349	14	21	0	0	0	0	0	155	0	0	8	0	0	0	0	0	99	0	0	0	0	0	0	0	0	0	0
ASV_350	0	0	148	0	0	0	0	0	0	0	0	0	0	0	0	0	0	0	147	0	0	0	0	0	0	0	0
ASV_351	0	0	0	0	35	0	0	11	0	0	87	0	0	0	0	23	66	0	0	29	0	0	0	0	20	24	0
ASV_352	0	0	0	0	0	0	0	0	0	0	295	0	0	0	0	0	0	0	0	0	0	0	0	0	0	0	0
ASV_353	0	0	0	0	0	0	0	0	0	0	291	0	0	0	0	0	0	0	0	0	0	0	0	0	0	0	0
ASV_354	0	0	0	0	0	0	0	0	0	0	0	0	0	43	0	0	0	0	0	0	0	0	247	0	0	0	0
ASV_355	0	0	0	0	0	0	0	0	0	0	288	0	0	0	0	0	0	0	0	0	0	0	0	0	0	0	0
ASV_356	23	17	0	11	0	8	15	0	29	15	0	0	0	8	19	0	14	5	0	0	20	19	28	26	14	16	0
ASV_357	0	0	0	0	0	0	0	0	0	0	0	0	0	0	0	0	0	0	0	0	0	0	285	0	0	0	0
ASV_358	0	0	0	0	0	0	0	0	0	0	0	0	0	0	0	0	0	0	0	0	0	0	0	0	0	232	52
ASV_359	0	0	0	32	0	0	0	0	0	0	0	0	0	0	0	0	0	0	0	0	0	30	18	202	0	0	0
ASV_360	0	0	0	0	0	0	0	0	0	0	0	0	0	0	0	0	0	0	0	0	0	0	0	281	0	0	0
ASV_361	0	0	0	0	0	0	0	0	0	0	0	0	0	0	0	0	0	0	0	0	0	0	278	0	0	0	0
ASV_362	0	98	0	0	0	0	0	178	0	0	0	0	0	0	0	0	0	0	0	0	0	0	0	0	0	0	0
ASV_363	0	0	0	0	46	0	0	0	57	0	14	0	0	0	158	0	0	0	0	0	0	0	0	0	0	0	0
ASV_364	0	0	0	0	0	0	0	8	16	0	0	0	0	0	0	0	0	13	0	217	0	21	0	0	0	0	0
ASV_365	0	0	0	0	0	0	0	0	0	0	0	268	7	0	0	0	0	0	0	0	0	0	0	0	0	0	0
ASV_366	0	0	0	0	0	0	0	0	0	0	0	0	0	0	0	0	0	0	0	275	0	0	0	0	0	0	0
ASV_367	0	0	0	0	0	0	0	0	0	0	0	0	0	0	0	0	0	0	0	0	0	0	0	0	270	0	0
ASV_368	0	0	0	0	0	0	0	0	29	0	0	0	79	0	0	41	0	27	0	50	43	0	0	0	0	0	0
ASV_369	0	0	43	0	0	29	87	0	65	0	0	17	7	0	0	0	0	0	0	0	0	0	0	0	0	20	0
ASV_370	27	0	0	0	36	93	0	0	0	0	0	0	0	0	0	0	0	0	0	50	0	0	0	0	61	0	0
ASV_371	0	0	0	84	0	0	0	0	0	0	0	0	0	0	183	0	0	0	0	0	0	0	0	0	0	0	0
ASV_372	266	0	0	0	0	0	0	0	0	0	0	0	0	0	0	0	0	0	0	0	0	0	0	0	0	0	0
ASV_373	0	0	0	264	0	0	0	0	0	0	0	0	0	0	0	0	0	0	0	0	0	0	0	0	0	0	0
ASV_374	0	0	0	0	0	0	0	258	0	0	0	0	0	0	0	0	5	0	0	0	0	0	0	0	0	0	0
ASV_375	0	262	0	0	0	0	0	0	0	0	0	0	0	0	0	0	0	0	0	0	0	0	0	0	0	0	0
ASV_376	0	0	0	0	0	0	0	0	0	0	0	0	0	0	0	0	0	0	0	0	0	0	0	0	0	0	259
ASV_377	0	0	0	0	257	0	0	0	0	0	0	0	0	0	0	0	0	0	0	0	0	0	0	0	0	0	0
ASV_378	0	0	0	0	0	0	254	0	0	0	0	0	0	0	0	0	0	0	0	0	0	0	0	0	0	0	0
ASV_379	0	253	0	0	0	0	0	0	0	0	0	0	0	0	0	0	0	0	0	0	0	0	0	0	0	0	0
ASV_380	0	0	0	0	0	0	0	0	0	0	0	0	0	0	0	0	0	0	0	0	0	0	0	237	0	0	16
ASV_381	0	0	0	251	0	0	0	0	0	0	0	0	0	0	0	0	0	0	0	0	0	0	0	0	0	0	0
ASV_382	0	0	0	0	0	0	0	0	0	0	0	0	0	0	0	0	251	0	0	0	0	0	0	0	0	0	0
ASV_383	62	0	0	0	9	0	40	21	0	0	30	0	0	18	0	0	0	8	0	11	0	27	0	0	23	0	0
ASV_384	10	5	0	0	0	0	0	35	58	0	30	7	0	0	2	0	0	0	19	0	11	0	0	33	0	39	0
ASV_385	0	7	22	0	0	0	39	0	25	18	6	0	8	23	0	0	0	7	0	0	21	14	0	31	0	0	27
ASV_386	0	70	0	0	0	0	0	0	0	177	0	0	0	0	0	0	0	0	0	0	0	0	0	0	0	0	0
ASV_387	25	0	0	0	0	0	23	119	19	0	0	0	0	9	17	0	0	0	0	0	0	0	16	0	18	0	0
ASV_388	32	0	0	0	0	0	0	0	19	0	0	0	0	0	0	0	0	0	0	0	0	0	0	0	0	0	188
ASV_389	34	0	0	0	124	0	0	0	0	0	0	0	0	0	0	0	0	0	0	0	0	0	0	0	78	0	0
ASV_390	0	0	0	0	0	42	0	0	29	0	0	0	0	0	38	0	0	0	50	0	0	0	0	0	0	0	77
ASV_391	0	0	0	0	0	0	0	0	0	0	0	0	0	0	0	0	0	0	0	58	0	0	178	0	0	0	0
ASV_392	11	30	14	68	34	0	20	9	0	0	0	0	0	5	0	0	0	0	0	0	0	9	10	5	5	0	15
ASV_393	0	0	0	0	0	0	0	32	17	0	13	0	0	0	0	0	0	0	0	6	0	0	0	158	5	4	0
ASV_394	28	0	205	0	0	0	0	0	0	0	0	0	0	0	0	0	0	0	0	0	0	0	0	0	0	0	0
ASV_395	14	0	0	0	0	0	40	0	13	21	0	0	0	9	0	0	0	0	0	8	0	27	0	0	0	6	91
ASV_396	0	14	103	0	0	0	19	9	0	10	0	0	0	15	0	0	0	0	0	0	0	0	0	57	0	0	0
ASV_397	0	0	0	0	0	0	0	0	0	0	0	0	0	0	0	0	0	0	0	0	0	79	0	0	148	0	0
ASV_398	0	0	0	0	0	0	0	0	0	0	0	0	0	0	0	0	0	0	0	0	225	0	0	0	0	0	0
ASV_399	0	0	0	0	0	0	0	222	0	0	0	0	0	0	0	0	0	0	0	0	0	0	0	0	0	0	0
ASV_400	0	0	0	0	0	0	0	76	0	0	0	0	0	0	0	0	146	0	0	0	0	0	0	0	0	0	0
ASV_401	0	0	0	0	0	221	0	0	0	0	0	0	0	0	0	0	0	0	0	0	0	0	0	0	0	0	0
ASV_402	0	0	0	0	0	0	17	0	0	11	0	0	0	58	0	0	0	27	0	6	0	62	0	0	24	0	15
ASV_403	0	0	0	0	0	0	220	0	0	0	0	0	0	0	0	0	0	0	0	0	0	0	0	0	0	0	0
ASV_404	0	0	0	0	0	0	0	0	0	0	0	0	0	217	0	0	0	0	0	0	0	0	0	0	0	0	0
ASV_405	0	0	0	0	0	0	0	0	0	0	0	0	0	0	215	0	0	0	0	0	0	0	0	0	0	0	0
ASV_406	0	0	0	159	24	0	0	0	0	0	0	0	0	0	0	0	0	0	0	0	0	30	0	0	0	0	0
ASV_407	0	0	0	0	0	0	0	0	0	0	0	212	0	0	0	0	0	0	0	0	0	0	0	0	0	0	0
ASV_408	0	0	0	0	0	0	0	0	0	0	211	0	0	0	0	0	0	0	0	0	0	0	0	0	0	0	0
ASV_409	0	0	0	0	0	0	0	0	0	0	0	0	0	0	0	0	0	0	0	0	210	0	0	0	0	0	0
ASV_410	0	0	0	5	0	0	0	11	0	18	26	0	0	0	14	28	0	6	0	8	0	27	0	57	0	8	0
ASV_411	0	0	0	0	0	0	0	0	0	0	208	0	0	0	0	0	0	0	0	0	0	0	0	0	0	0	0
ASV_412	0	0	0	0	0	0	0	0	0	0	7	0	0	22	0	86	0	0	0	0	0	75	0	8	9	0	0
ASV_413	0	0	0	14	0	126	0	0	0	0	0	0	0	0	33	0	0	0	0	0	9	0	0	0	17	7	0
ASV_414	0	0	0	0	0	19	0	0	0	0	0	0	0	10	0	0	0	0	0	26	0	92	0	47	0	12	0
ASV_415	0	0	0	49	52	13	5	0	8	0	0	0	0	0	0	0	0	0	0	14	30	26	0	0	0	8	0
ASV_416	0	0	0	0	0	0	0	0	0	0	0	0	205	0	0	0	0	0	0	0	0	0	0	0	0	0	0
ASV_417	0	4	0	61	0	0	0	0	68	0	0	0	0	0	22	0	0	0	0	0	0	0	0	15	0	0	34
ASV_418	0	0	0	0	0	0	0	0	0	0	0	0	0	0	0	0	0	0	0	0	0	0	0	203	0	0	0
ASV_419	27	25	0	0	0	0	0	0	0	0	0	0	0	0	0	0	0	0	0	12	0	127	8	0	0	3	0
ASV_420	52	30	0	0	76	0	0	0	0	0	29	0	0	0	0	0	0	0	0	0	0	0	0	0	10	0	0
ASV_421	0	0	0	0	0	0	0	0	0	0	0	195	0	0	0	0	0	0	0	0	0	0	0	0	0	0	0
ASV_422	0	0	0	132	0	0	0	0	24	0	0	0	0	0	0	0	0	5	0	33	0	0	0	0	0	0	0
ASV_423	0	0	0	0	0	0	0	0	0	0	0	0	0	0	0	0	0	0	0	0	194	0	0	0	0	0	0
ASV_424	0	0	0	0	0	0	0	0	0	0	0	0	0	68	125	0	0	0	0	0	0	0	0	0	0	0	0
ASV_425	0	0	0	0	0	0	0	0	0	0	0	0	0	0	193	0	0	0	0	0	0	0	0	0	0	0	0
ASV_426	0	0	0	0	0	0	0	0	0	0	0	0	0	0	0	0	0	190	0	0	0	0	0	0	0	0	0
ASV_427	0	32	0	0	0	0	0	0	14	0	0	38	0	0	13	0	0	13	24	0	0	0	0	22	0	13	20
ASV_428	0	0	0	189	0	0	0	0	0	0	0	0	0	0	0	0	0	0	0	0	0	0	0	0	0	0	0
ASV_429	0	15	11	34	9	7	15	0	0	0	0	0	3	9	21	0	0	0	0	17	4	10	0	0	0	8	24
ASV_430	0	18	0	0	0	0	26	32	28	0	0	0	0	19	27	0	0	0	0	0	0	0	0	35	0	0	0
ASV_431	0	0	0	0	0	0	0	185	0	0	0	0	0	0	0	0	0	0	0	0	0	0	0	0	0	0	0
ASV_432	0	0	0	0	0	0	0	0	0	0	0	0	0	0	0	0	0	0	0	0	0	0	0	0	0	0	185
ASV_433	184	0	0	0	0	0	0	0	0	0	0	0	0	0	0	0	0	0	0	0	0	0	0	0	0	0	0
ASV_434	7	6	0	0	0	15	0	20	6	21	20	5	2	35	6	4	0	0	5	0	14	0	0	0	7	8	0
ASV_435	0	0	0	0	0	0	0	0	0	0	0	0	181	0	0	0	0	0	0	0	0	0	0	0	0	0	0
ASV_436	0	0	0	0	0	0	6	0	92	0	0	59	0	0	0	0	23	0	0	0	0	0	0	0	0	0	0
ASV_437	0	0	0	0	0	0	177	0	0	0	0	0	0	0	0	0	0	0	0	0	0	0	0	0	0	0	0
ASV_438	0	0	0	0	0	0	0	0	0	0	177	0	0	0	0	0	0	0	0	0	0	0	0	0	0	0	0
ASV_439	0	0	0	0	0	0	0	0	0	0	0	0	0	177	0	0	0	0	0	0	0	0	0	0	0	0	0
ASV_440	0	0	0	0	0	0	0	0	0	0	0	0	0	0	0	0	0	0	0	0	0	0	83	0	82	12	0
ASV_441	0	0	0	0	0	0	0	159	0	0	17	0	0	0	0	0	0	0	0	0	0	0	0	0	0	0	0
ASV_442	0	0	0	0	0	0	0	0	0	0	125	49	0	0	0	0	0	0	0	0	0	0	0	0	0	0	0
ASV_443	0	0	0	156	0	0	0	0	8	9	0	0	0	0	0	0	0	0	0	0	0	0	0	0	0	0	0
ASV_444	0	0	0	0	0	0	0	115	0	0	0	0	0	0	0	0	21	7	0	0	9	0	11	0	10	0	0
ASV_445	0	0	0	0	0	0	0	0	17	0	0	0	0	0	0	0	0	0	0	156	0	0	0	0	0	0	0
ASV_446	0	0	0	0	0	49	34	0	0	0	82	0	0	0	0	0	0	0	0	0	0	0	0	0	0	0	7
ASV_447	0	0	0	0	0	0	0	172	0	0	0	0	0	0	0	0	0	0	0	0	0	0	0	0	0	0	0
ASV_448	0	0	0	22	15	39	54	0	22	0	3	0	0	0	0	0	0	0	0	0	0	0	11	0	0	5	0
ASV_449	0	0	0	0	0	0	0	0	0	0	0	0	0	0	0	0	0	0	50	0	121	0	0	0	0	0	0
ASV_450	0	0	0	0	0	0	0	0	0	0	0	0	0	0	0	0	0	0	17	0	0	0	0	0	0	49	104
ASV_451	13	11	0	0	0	0	58	0	15	0	8	0	0	0	0	2	0	0	0	0	36	18	0	0	7	0	0
ASV_452	0	0	0	0	0	0	98	0	0	0	0	0	0	0	0	0	0	0	68	0	0	0	0	0	0	0	0
ASV_453	0	0	0	0	0	0	0	0	0	0	0	165	0	0	0	0	0	0	0	0	0	0	0	0	0	0	0
ASV_454	0	0	0	0	0	0	0	47	0	0	0	0	0	0	76	0	41	0	0	0	0	0	0	0	0	0	0
ASV_455	0	0	0	0	0	0	0	0	0	0	163	0	0	0	0	0	0	0	0	0	0	0	0	0	0	0	0
ASV_456	0	0	0	0	0	0	0	122	0	0	0	0	0	0	0	12	28	0	0	0	0	0	0	0	0	0	0
ASV_457	0	0	0	0	0	0	0	0	0	0	77	0	0	0	0	0	0	0	12	0	0	36	0	37	0	0	0
ASV_458	3	4	17	12	0	2	0	0	11	0	2	5	4	7	0	0	0	3	2	0	11	7	3	6	0	7	55
ASV_459	0	0	0	0	0	0	0	0	0	0	0	0	0	0	0	0	0	0	105	0	0	0	0	0	27	29	0
ASV_460	0	0	0	0	0	0	0	0	0	0	0	0	0	0	0	0	0	0	0	0	0	0	160	0	0	0	0
ASV_461	0	38	0	0	0	0	0	0	0	0	0	39	0	37	0	0	0	15	20	0	10	0	0	0	0	0	0
ASV_462	0	0	0	8	0	0	0	0	151	0	0	0	0	0	0	0	0	0	0	0	0	0	0	0	0	0	0
ASV_463	0	0	0	0	0	0	33	0	4	0	0	0	0	8	0	0	23	0	0	0	47	20	0	0	16	7	0
ASV_464	0	0	0	0	0	0	27	0	24	0	0	52	20	17	17	0	0	0	0	0	0	0	0	0	0	0	0
ASV_465	27	0	0	0	0	0	0	122	0	0	0	0	0	0	0	0	0	0	0	0	0	0	0	0	7	0	0
ASV_466	0	0	0	0	156	0	0	0	0	0	0	0	0	0	0	0	0	0	0	0	0	0	0	0	0	0	0
ASV_467	0	0	0	0	0	0	0	0	0	0	0	0	0	0	0	0	156	0	0	0	0	0	0	0	0	0	0
ASV_468	18	3	0	0	0	6	26	10	10	0	37	0	0	8	0	0	0	0	0	0	0	0	4	16	17	0	0
ASV_469	0	0	0	126	0	0	9	0	8	0	0	0	0	0	12	0	0	0	0	0	0	0	0	0	0	0	0
ASV_470	0	0	0	0	0	0	0	0	0	0	0	98	0	30	0	0	0	0	0	0	0	0	0	0	0	27	0
ASV_471	0	0	0	0	0	0	0	154	0	0	0	0	0	0	0	0	0	0	0	0	0	0	0	0	0	0	0
ASV_472	0	0	0	0	0	0	0	154	0	0	0	0	0	0	0	0	0	0	0	0	0	0	0	0	0	0	0
ASV_473	0	0	0	0	0	0	0	0	0	0	0	0	0	0	0	0	0	153	0	0	0	0	0	0	0	0	0
ASV_474	0	0	0	152	0	0	0	0	0	0	0	0	0	0	0	0	0	0	0	0	0	0	0	0	0	0	0
ASV_475	0	0	0	0	0	0	0	0	119	0	0	0	33	0	0	0	0	0	0	0	0	0	0	0	0	0	0
ASV_476	0	0	0	0	73	0	0	78	0	0	0	0	0	0	0	0	0	0	0	0	0	0	0	0	0	0	0
ASV_477	0	0	0	0	0	0	0	0	0	0	0	0	0	0	0	0	0	0	0	0	0	0	0	0	0	118	33
ASV_478	3	0	18	32	0	86	0	0	5	0	0	0	0	0	0	0	0	6	0	0	0	0	0	0	0	0	0
ASV_479	0	0	0	0	0	0	0	148	0	0	0	0	0	0	0	0	0	0	0	0	0	0	0	0	0	0	0
ASV_480	0	0	0	0	0	0	0	0	0	0	0	0	0	0	13	0	0	0	0	0	0	0	0	0	0	0	135
ASV_481	0	0	0	0	0	0	0	0	0	0	0	0	0	0	0	0	0	0	8	27	0	39	0	33	0	0	40
ASV_482	12	15	0	0	12	0	0	32	0	0	4	0	0	0	0	0	0	0	0	0	8	0	29	22	12	0	0
ASV_483	0	0	6	0	0	0	0	0	0	0	0	4	45	0	0	41	0	0	0	0	0	33	17	0	0	0	0
ASV_484	0	0	0	0	0	0	0	0	0	0	0	0	0	0	0	0	0	0	0	43	103	0	0	0	0	0	0
ASV_485	0	0	3	62	6	3	0	10	3	0	0	8	8	6	25	3	5	0	0	3	0	0	0	0	0	0	0
ASV_486	0	0	0	0	0	0	0	0	0	0	0	0	0	0	0	0	0	0	0	0	0	0	145	0	0	0	0
ASV_487	0	0	0	0	0	0	0	0	0	0	0	0	0	0	0	0	0	0	0	144	0	0	0	0	0	0	0
ASV_488	0	0	0	0	0	0	0	0	0	0	0	0	0	0	0	0	0	0	0	0	0	144	0	0	0	0	0
ASV_489	0	0	100	0	0	0	0	0	0	0	0	0	0	0	0	0	0	0	0	0	0	0	0	0	0	43	0
ASV_490	0	0	0	0	0	18	0	0	0	0	0	0	0	0	0	0	0	0	0	0	83	0	0	12	0	30	0
ASV_491	0	0	0	0	0	0	38	0	0	0	0	0	0	38	0	0	0	0	0	0	0	0	0	0	0	0	66
ASV_492	0	0	0	0	0	0	99	0	0	0	0	0	0	0	0	0	0	0	43	0	0	0	0	0	0	0	0
ASV_493	0	0	0	0	141	0	0	0	0	0	0	0	0	0	0	0	0	0	0	0	0	0	0	0	0	0	0
ASV_494	0	0	0	0	0	0	0	0	0	0	140	0	0	0	0	0	0	0	0	0	0	0	0	0	0	0	0
ASV_495	0	0	0	0	0	0	0	0	0	0	0	0	0	140	0	0	0	0	0	0	0	0	0	0	0	0	0
ASV_496	0	0	0	0	0	0	0	0	0	0	0	0	0	0	0	0	140	0	0	0	0	0	0	0	0	0	0
ASV_497	0	0	0	139	0	0	0	0	0	0	0	0	0	0	0	0	0	0	0	0	0	0	0	0	0	0	0
ASV_498	0	0	0	0	0	11	0	0	0	0	0	0	0	0	0	0	0	0	54	0	0	0	0	0	0	74	0
ASV_499	0	0	0	0	0	0	0	0	0	0	0	0	0	0	0	0	0	0	139	0	0	0	0	0	0	0	0
ASV_500	0	0	0	0	0	0	0	12	0	15	21	8	0	0	0	0	0	46	0	0	0	0	35	0	0	0	0
ASV_501	14	12	0	0	23	24	0	0	0	0	0	0	0	0	0	0	0	0	0	0	0	14	0	0	0	49	0
ASV_502	0	18	0	0	0	8	0	0	45	0	0	0	0	0	0	27	0	0	0	0	23	0	0	0	0	13	0
ASV_503	0	0	134	0	0	0	0	0	0	0	0	0	0	0	0	0	0	0	0	0	0	0	0	0	0	0	0
ASV_504	0	0	0	0	0	0	0	0	0	0	0	0	0	0	0	0	0	0	0	134	0	0	0	0	0	0	0
ASV_505	28	0	0	0	0	24	0	0	0	23	0	0	0	0	0	0	0	0	0	0	0	43	0	0	0	15	0
ASV_506	0	21	0	4	10	0	0	24	0	0	0	0	0	0	0	48	0	0	0	0	0	0	17	0	9	0	0
ASV_507	0	0	0	0	0	0	133	0	0	0	0	0	0	0	0	0	0	0	0	0	0	0	0	0	0	0	0
ASV_508	42	0	0	0	0	0	0	0	20	0	0	0	0	0	0	70	0	0	0	0	0	0	0	0	0	0	0
ASV_509	0	0	0	0	0	0	0	0	0	0	0	0	0	59	72	0	0	0	0	0	0	0	0	0	0	0	0
ASV_510	0	0	0	0	0	0	0	0	0	48	0	0	0	0	0	0	0	0	0	0	0	0	0	0	0	28	54
ASV_511	0	0	7	13	5	89	14	0	0	0	0	0	0	0	0	0	0	0	0	0	0	0	0	0	0	0	0
ASV_512	21	0	0	0	15	0	0	17	0	0	0	0	0	0	0	0	0	0	0	51	0	22	0	0	0	0	0
ASV_513	0	36	27	0	0	0	0	0	18	0	0	0	0	20	0	0	0	0	0	0	24	0	0	0	0	0	0
ASV_514	0	0	125	0	0	0	0	0	0	0	0	0	0	0	0	0	0	0	0	0	0	0	0	0	0	0	0
ASV_515	0	0	0	125	0	0	0	0	0	0	0	0	0	0	0	0	0	0	0	0	0	0	0	0	0	0	0
ASV_516	0	0	0	0	0	0	125	0	0	0	0	0	0	0	0	0	0	0	0	0	0	0	0	0	0	0	0
ASV_517	0	0	124	0	0	0	0	0	0	0	0	0	0	0	0	0	0	0	0	0	0	0	0	0	0	0	0
ASV_518	0	0	0	0	66	14	0	0	0	0	0	0	0	0	0	0	0	0	0	0	0	0	0	0	0	43	0
ASV_519	0	29	61	0	0	0	0	0	0	0	0	32	0	0	0	0	0	0	0	0	0	0	0	0	0	0	0
ASV_520	0	0	0	0	88	0	0	0	0	0	0	0	0	0	0	0	0	0	0	0	0	0	0	0	0	34	0
ASV_521	0	0	0	0	5	0	11	0	9	0	0	0	0	0	0	0	0	0	0	68	10	12	0	0	7	0	0
ASV_522	0	0	0	0	0	0	6	0	0	0	0	0	0	0	0	0	0	0	0	116	0	0	0	0	0	0	0
ASV_523	8	13	0	5	21	5	9	7	9	0	6	0	0	0	0	0	3	0	0	10	0	21	3	0	0	0	0
ASV_524	7	7	0	0	0	17	0	20	0	0	0	0	0	0	0	0	0	0	41	0	0	0	10	8	0	10	0
ASV_525	0	0	9	0	0	5	4	0	48	0	0	0	0	0	3	0	10	4	0	0	0	6	0	0	0	0	31
ASV_526	0	0	0	0	0	0	0	0	0	0	0	0	0	0	0	0	52	0	0	0	0	68	0	0	0	0	0
ASV_527	21	0	0	0	0	0	0	19	0	0	77	0	0	0	0	0	0	0	0	0	0	0	0	0	0	0	0
ASV_528	0	0	0	0	0	0	0	117	0	0	0	0	0	0	0	0	0	0	0	0	0	0	0	0	0	0	0
ASV_529	0	0	48	0	0	0	0	0	11	0	0	0	0	10	0	0	0	0	0	0	8	0	0	0	0	0	39
ASV_530	0	0	0	0	0	0	0	0	0	0	0	50	0	0	0	0	0	0	35	0	0	0	0	31	0	0	0
ASV_531	0	0	0	0	0	0	0	0	0	0	0	0	0	0	0	0	114	0	0	0	0	0	0	0	0	2	0
ASV_532	12	0	0	0	0	0	0	0	0	0	0	0	0	0	0	76	5	0	0	0	0	17	0	5	0	0	0
ASV_533	5	0	0	0	0	7	9	0	25	0	8	0	0	0	5	0	0	0	0	6	0	17	8	15	10	0	0
ASV_534	0	0	0	0	0	0	0	0	0	0	0	0	0	0	0	0	0	0	44	0	0	0	0	0	71	0	0
ASV_535	0	0	61	0	0	0	0	53	0	0	0	0	0	0	0	0	0	0	0	0	0	0	0	0	0	0	0
ASV_536	0	0	0	102	0	0	0	0	12	0	0	0	0	0	0	0	0	0	0	0	0	0	0	0	0	0	0
ASV_537	0	0	0	0	0	0	0	0	0	0	0	0	0	0	0	58	0	0	0	0	0	28	0	28	0	0	0
ASV_538	0	0	0	0	0	0	0	0	0	0	0	0	0	0	0	0	0	19	0	0	0	0	35	0	21	0	39
ASV_539	0	0	0	0	0	0	0	0	113	0	0	0	0	0	0	0	0	0	0	0	0	0	0	0	0	0	0
ASV_540	0	0	0	0	0	0	0	0	0	0	0	0	0	0	0	0	113	0	0	0	0	0	0	0	0	0	0
ASV_541	10	0	0	0	27	0	0	0	0	0	0	0	0	0	0	0	0	0	0	48	0	23	4	0	0	0	0
ASV_542	0	0	0	112	0	0	0	0	0	0	0	0	0	0	0	0	0	0	0	0	0	0	0	0	0	0	0
ASV_543	0	0	0	0	0	0	0	0	0	0	0	11	101	0	0	0	0	0	0	0	0	0	0	0	0	0	0
ASV_544	0	0	70	0	0	0	0	27	0	0	0	0	0	0	0	0	0	0	0	0	0	0	0	0	0	14	0
ASV_545	0	0	0	0	0	0	0	0	0	0	0	0	0	0	0	0	111	0	0	0	0	0	0	0	0	0	0
ASV_546	0	0	0	0	0	0	0	0	0	0	0	0	0	0	0	0	0	0	109	0	0	0	0	0	0	0	0
ASV_547	3	0	0	0	0	0	36	17	0	0	0	0	0	0	0	0	25	0	0	0	0	22	0	0	5	0	0
ASV_548	0	0	0	21	18	0	10	3	0	7	0	0	0	0	49	0	0	0	0	0	0	0	0	0	0	0	0
ASV_549	0	0	0	0	0	0	0	0	6	0	8	0	0	10	0	12	13	0	0	0	0	20	20	13	0	5	0
ASV_550	0	0	0	0	0	0	0	0	0	0	107	0	0	0	0	0	0	0	0	0	0	0	0	0	0	0	0
ASV_551	0	0	0	0	0	0	0	0	3	0	98	0	0	0	0	0	0	0	0	0	4	0	0	0	0	0	0
ASV_552	0	0	0	0	0	13	0	0	0	21	0	0	13	0	0	0	0	0	0	0	0	0	0	57	0	0	0
ASV_553	0	0	0	0	0	0	10	0	0	0	0	0	0	0	0	0	94	0	0	0	0	0	0	0	0	0	0
ASV_554	0	0	0	0	0	0	0	0	0	0	0	0	0	0	0	0	0	0	0	0	0	4	0	0	11	89	0
ASV_555	0	5	0	0	0	0	0	0	13	0	0	0	0	0	0	0	0	0	0	58	0	16	0	10	0	0	0
ASV_556	0	0	0	0	0	0	0	0	29	0	0	0	0	0	0	0	0	0	0	0	0	0	0	0	0	0	73
ASV_557	0	0	0	0	0	0	0	0	0	0	0	0	0	0	0	0	0	0	0	0	102	0	0	0	0	0	0
ASV_558	0	0	0	0	0	0	0	0	0	0	0	0	0	0	0	0	0	0	0	0	0	102	0	0	0	0	0
ASV_559	0	0	0	0	40	0	61	0	0	0	0	0	0	0	0	0	0	0	0	0	0	0	0	0	0	0	0
ASV_560	0	0	0	0	0	0	22	0	0	0	0	0	0	0	0	0	0	0	0	0	0	0	0	0	0	0	79
ASV_561	0	0	0	0	0	0	0	0	0	0	0	101	0	0	0	0	0	0	0	0	0	0	0	0	0	0	0
ASV_562	5	0	0	0	0	0	13	0	0	0	0	0	0	0	0	0	0	0	0	0	4	4	0	0	0	0	74
ASV_563	0	0	0	0	28	0	0	0	0	0	0	0	0	0	0	0	0	0	0	0	0	0	0	0	0	72	0
ASV_564	0	0	0	20	0	8	7	0	4	0	0	13	0	4	7	0	0	0	0	0	7	4	0	4	0	0	21
ASV_565	0	0	0	0	10	0	30	0	10	0	0	0	0	0	0	0	0	0	0	0	19	30	0	0	0	0	0
ASV_566	0	0	0	0	0	0	31	0	0	0	68	0	0	0	0	0	0	0	0	0	0	0	0	0	0	0	0
ASV_567	0	0	0	0	0	0	0	99	0	0	0	0	0	0	0	0	0	0	0	0	0	0	0	0	0	0	0
ASV_568	0	0	0	0	0	0	0	0	0	0	0	0	0	0	0	0	0	99	0	0	0	0	0	0	0	0	0
ASV_569	0	0	0	0	0	0	0	0	0	0	0	0	0	0	0	0	0	0	0	0	0	25	0	0	74	0	0
ASV_570	0	8	0	0	0	0	32	0	0	0	0	0	0	0	0	18	40	0	0	0	0	0	0	0	0	0	0
ASV_571	0	0	0	10	18	0	6	0	0	0	0	0	0	0	0	8	0	0	0	20	0	0	0	36	0	0	0
ASV_572	0	0	0	26	0	12	0	0	0	0	19	0	19	0	0	0	0	0	0	14	0	0	7	0	0	0	0
ASV_573	0	0	0	44	52	0	0	0	0	0	0	0	0	0	0	0	0	0	0	0	0	0	0	0	0	0	0
ASV_574	0	0	0	0	0	0	0	0	0	0	0	0	0	0	96	0	0	0	0	0	0	0	0	0	0	0	0
ASV_575	0	0	0	0	0	0	0	0	0	0	0	0	0	0	0	0	0	0	0	0	0	96	0	0	0	0	0
ASV_576	0	0	0	0	0	0	0	95	0	0	0	0	0	0	0	0	0	0	0	0	0	0	0	0	0	0	0
ASV_577	0	0	0	0	0	0	0	0	0	0	0	0	95	0	0	0	0	0	0	0	0	0	0	0	0	0	0
ASV_578	0	0	0	0	0	0	0	0	0	0	0	0	0	0	0	0	0	0	95	0	0	0	0	0	0	0	0
ASV_579	0	0	0	94	0	0	0	0	0	0	0	0	0	0	0	0	0	0	0	0	0	0	0	0	0	0	0
ASV_580	0	0	0	5	12	7	0	0	0	0	0	0	0	5	0	35	0	0	0	0	0	17	0	0	13	0	0
ASV_581	0	0	0	13	0	11	0	0	7	0	0	0	0	0	0	0	0	0	0	0	45	0	0	0	0	0	17
ASV_582	0	0	0	0	61	0	0	0	0	0	0	0	0	0	0	32	0	0	0	0	0	0	0	0	0	0	0
ASV_583	0	92	0	0	0	0	0	0	0	0	0	0	0	0	0	0	0	0	0	0	0	0	0	0	0	0	0
ASV_584	0	0	0	0	0	0	0	0	14	0	0	0	0	0	0	0	0	0	39	0	39	0	0	0	0	0	0
ASV_585	0	0	10	52	0	5	0	0	8	0	16	0	0	0	0	0	0	0	0	0	0	0	0	0	0	0	0
ASV_586	0	0	0	0	0	0	0	0	0	0	0	91	0	0	0	0	0	0	0	0	0	0	0	0	0	0	0
ASV_587	0	0	0	0	0	0	0	0	0	0	0	0	0	0	0	0	17	0	0	0	0	0	12	23	16	23	0
ASV_588	5	5	0	0	0	0	0	0	0	0	0	0	0	0	0	44	0	0	0	0	0	36	0	0	0	0	0
ASV_589	0	0	0	0	0	0	90	0	0	0	0	0	0	0	0	0	0	0	0	0	0	0	0	0	0	0	0
ASV_590	0	0	0	0	0	0	0	0	0	0	0	0	0	0	0	0	0	0	0	0	0	90	0	0	0	0	0
ASV_591	0	0	0	0	0	0	0	0	0	0	0	0	0	0	0	0	0	0	0	0	0	0	90	0	0	0	0
ASV_592	0	0	0	0	0	0	0	0	0	0	0	0	0	0	0	0	0	89	0	0	0	0	0	0	0	0	0
ASV_593	0	0	0	0	0	0	0	0	0	0	0	0	0	0	0	0	0	0	0	89	0	0	0	0	0	0	0
ASV_594	0	0	61	0	0	0	0	0	0	0	0	0	0	0	10	0	0	0	0	17	0	0	0	0	0	0	0
ASV_595	0	0	0	0	0	0	0	88	0	0	0	0	0	0	0	0	0	0	0	0	0	0	0	0	0	0	0
ASV_596	0	0	0	0	0	0	0	0	0	0	0	0	0	0	0	51	37	0	0	0	0	0	0	0	0	0	0
ASV_597	0	0	0	0	0	0	0	0	0	0	0	0	0	0	0	0	0	0	0	0	0	0	0	88	0	0	0
ASV_598	0	87	0	0	0	0	0	0	0	0	0	0	0	0	0	0	0	0	0	0	0	0	0	0	0	0	0
ASV_599	0	0	0	0	47	0	0	0	0	0	0	0	0	0	0	0	0	0	0	0	0	0	0	0	40	0	0
ASV_600	0	0	0	35	27	0	0	3	5	0	0	0	2	0	5	0	0	0	0	0	0	0	0	3	0	0	6
ASV_601	0	0	0	0	85	0	0	0	0	0	0	0	0	0	0	0	0	0	0	0	0	0	0	0	0	0	0
ASV_602	0	0	0	0	0	0	0	0	0	0	0	0	0	0	85	0	0	0	0	0	0	0	0	0	0	0	0
ASV_603	84	0	0	0	0	0	0	0	0	0	0	0	0	0	0	0	0	0	0	0	0	0	0	0	0	0	0
ASV_604	84	0	0	0	0	0	0	0	0	0	0	0	0	0	0	0	0	0	0	0	0	0	0	0	0	0	0
ASV_605	0	12	3	0	44	7	8	0	4	3	0	0	0	3	0	0	0	0	0	0	0	0	0	0	0	0	0
ASV_606	0	0	0	84	0	0	0	0	0	0	0	0	0	0	0	0	0	0	0	0	0	0	0	0	0	0	0
ASV_607	0	0	0	0	0	19	0	0	0	35	6	0	0	10	0	0	0	5	0	0	0	0	0	0	0	0	9
ASV_608	0	0	0	0	0	0	0	0	0	84	0	0	0	0	0	0	0	0	0	0	0	0	0	0	0	0	0
ASV_609	0	0	0	0	0	0	0	0	0	0	0	0	0	0	0	0	0	84	0	0	0	0	0	0	0	0	0
ASV_610	0	0	0	0	0	0	0	0	0	0	0	0	0	0	0	0	0	0	0	0	0	0	84	0	0	0	0
ASV_611	0	0	0	0	0	0	0	0	0	0	0	0	0	0	0	0	0	0	0	0	0	0	0	0	84	0	0
ASV_612	6	0	0	0	22	0	0	0	36	0	0	0	0	0	0	0	0	0	0	19	0	0	0	0	0	0	0
ASV_613	0	0	0	0	43	0	0	0	0	0	0	0	0	0	0	0	0	10	0	0	30	0	0	0	0	0	0
ASV_614	0	0	0	0	0	0	23	0	19	0	0	41	0	0	0	0	0	0	0	0	0	0	0	0	0	0	0
ASV_615	43	0	0	0	0	8	0	28	0	0	0	0	0	0	0	0	0	0	0	0	0	0	0	0	3	0	0
ASV_616	0	0	82	0	0	0	0	0	0	0	0	0	0	0	0	0	0	0	0	0	0	0	0	0	0	0	0
ASV_617	0	0	32	37	7	0	0	0	0	0	0	0	0	0	0	0	0	0	0	0	0	6	0	0	0	0	0
ASV_618	0	0	0	0	0	0	0	0	0	0	0	0	0	0	0	0	0	0	0	0	0	0	0	0	0	82	0
ASV_619	0	0	0	0	0	17	0	0	0	0	31	0	0	0	0	0	0	0	0	0	33	0	0	0	0	0	0
ASV_620	0	0	0	69	0	0	0	0	0	0	0	4	0	0	4	0	0	0	0	0	3	0	0	0	0	0	0
ASV_621	0	0	0	0	0	18	6	0	15	0	0	0	0	0	0	17	0	0	0	0	0	24	0	0	0	0	0
ASV_622	0	0	0	0	0	0	0	0	0	0	0	0	0	0	0	0	0	0	0	0	0	0	80	0	0	0	0
ASV_623	8	4	0	0	0	0	0	45	0	0	8	0	0	0	0	0	5	0	0	0	0	0	0	0	9	0	0
ASV_624	0	0	0	50	0	6	0	0	7	0	0	0	0	0	0	0	0	0	0	0	0	0	0	0	0	0	16
ASV_625	0	0	0	0	0	0	0	0	0	79	0	0	0	0	0	0	0	0	0	0	0	0	0	0	0	0	0
ASV_626	0	0	78	0	0	0	0	0	0	0	0	0	0	0	0	0	0	0	0	0	0	0	0	0	0	0	0
ASV_627	0	0	0	0	0	0	0	0	0	0	0	0	0	0	0	0	0	78	0	0	0	0	0	0	0	0	0
ASV_628	0	0	0	0	0	77	0	0	0	0	0	0	0	0	0	0	0	0	0	0	0	0	0	0	0	0	0
ASV_629	0	0	0	0	0	77	0	0	0	0	0	0	0	0	0	0	0	0	0	0	0	0	0	0	0	0	0
ASV_630	0	0	0	0	0	0	0	0	0	0	0	0	77	0	0	0	0	0	0	0	0	0	0	0	0	0	0
ASV_631	0	0	0	0	0	0	0	0	0	0	0	0	77	0	0	0	0	0	0	0	0	0	0	0	0	0	0
ASV_632	0	0	0	0	0	0	0	0	0	0	0	0	0	77	0	0	0	0	0	0	0	0	0	0	0	0	0
ASV_633	0	0	0	0	0	0	0	0	0	0	0	0	0	0	0	0	0	0	0	0	0	0	0	77	0	0	0
ASV_634	0	0	0	0	0	0	26	0	0	0	50	0	0	0	0	0	0	0	0	0	0	0	0	0	0	0	0
ASV_635	0	0	0	0	0	0	0	76	0	0	0	0	0	0	0	0	0	0	0	0	0	0	0	0	0	0	0
ASV_636	0	0	0	0	0	0	0	0	0	0	0	0	10	0	0	0	17	7	0	0	0	42	0	0	0	0	0
ASV_637	0	0	32	0	0	0	0	0	0	0	0	0	0	43	0	0	0	0	0	0	0	0	0	0	0	0	0
ASV_638	0	0	0	45	5	0	0	0	0	0	0	0	0	0	0	0	0	0	0	4	0	0	0	0	0	21	0
ASV_639	0	0	0	0	0	0	0	0	75	0	0	0	0	0	0	0	0	0	0	0	0	0	0	0	0	0	0
ASV_640	0	0	0	0	36	0	0	0	0	0	0	0	0	0	0	0	0	0	0	0	18	0	6	6	8	0	0
ASV_641	0	0	0	0	27	0	0	0	0	0	0	0	0	0	0	0	0	0	0	23	0	24	0	0	0	0	0
ASV_642	0	0	0	0	0	0	0	0	74	0	0	0	0	0	0	0	0	0	0	0	0	0	0	0	0	0	0
ASV_643	18	19	0	0	12	0	12	0	0	0	0	0	0	0	0	0	0	0	0	0	0	0	0	0	12	0	0
ASV_644	0	0	0	29	44	0	0	0	0	0	0	0	0	0	0	0	0	0	0	0	0	0	0	0	0	0	0
ASV_645	0	11	7	14	4	7	0	3	3	0	0	0	0	0	0	4	0	5	0	0	0	4	0	0	0	6	4
ASV_646	0	0	62	0	0	10	0	0	0	0	0	0	0	0	0	0	0	0	0	0	0	0	0	0	0	0	0
ASV_647	0	0	0	0	0	0	0	0	0	0	0	0	0	0	0	0	0	0	0	0	0	72	0	0	0	0	0
ASV_648	31	0	0	0	0	0	0	0	0	0	10	0	0	0	0	0	30	0	0	0	0	0	0	0	0	0	0
ASV_649	0	0	0	0	0	0	0	27	0	0	7	0	0	0	0	0	0	0	4	0	0	0	4	29	0	0	0
ASV_650	0	0	0	0	0	0	0	0	71	0	0	0	0	0	0	0	0	0	0	0	0	0	0	0	0	0	0
ASV_651	0	0	0	0	0	0	0	0	71	0	0	0	0	0	0	0	0	0	0	0	0	0	0	0	0	0	0
ASV_652	0	0	0	0	0	0	0	0	0	0	0	0	0	0	0	0	0	0	0	0	0	0	0	71	0	0	0
ASV_653	0	0	0	0	0	0	0	0	0	0	0	0	0	0	0	0	0	0	0	0	0	0	0	71	0	0	0
ASV_654	28	0	0	0	0	16	0	17	0	0	9	0	0	0	0	0	0	0	0	0	0	0	0	0	0	0	0
ASV_655	0	0	0	0	0	70	0	0	0	0	0	0	0	0	0	0	0	0	0	0	0	0	0	0	0	0	0
ASV_656	0	0	0	0	0	9	0	0	0	0	27	0	0	11	0	0	0	0	11	4	0	8	0	0	0	0	0
ASV_657	0	0	0	0	0	0	0	0	34	0	0	0	0	14	0	0	0	0	0	22	0	0	0	0	0	0	0
ASV_658	0	0	0	0	0	0	0	0	0	0	0	0	20	0	0	3	0	0	0	18	2	21	0	2	0	0	4
ASV_659	0	42	0	0	0	0	0	0	0	0	0	0	0	0	0	0	0	0	0	0	0	0	0	27	0	0	0
ASV_660	0	2	0	0	0	0	67	0	0	0	0	0	0	0	0	0	0	0	0	0	0	0	0	0	0	0	0
ASV_661	0	0	0	69	0	0	0	0	0	0	0	0	0	0	0	0	0	0	0	0	0	0	0	0	0	0	0
ASV_662	0	0	0	0	0	0	0	0	0	0	0	0	0	0	0	0	0	0	0	0	0	0	0	69	0	0	0
ASV_663	0	68	0	0	0	0	0	0	0	0	0	0	0	0	0	0	0	0	0	0	0	0	0	0	0	0	0
ASV_664	0	0	0	0	0	24	0	0	0	0	8	0	0	0	14	0	0	0	0	0	0	0	0	0	0	0	22
ASV_665	0	0	0	0	0	0	0	0	0	0	0	0	0	0	0	0	68	0	0	0	0	0	0	0	0	0	0
ASV_666	0	0	0	0	0	0	0	0	0	0	0	0	0	0	0	0	0	0	0	0	0	0	0	68	0	0	0
ASV_667	0	0	0	0	0	0	0	0	0	0	0	0	0	0	0	0	0	0	0	0	0	0	0	0	68	0	0
ASV_668	0	0	0	0	0	0	0	0	0	0	0	0	0	0	0	0	0	0	0	0	0	0	0	0	0	68	0
ASV_669	52	0	0	0	0	0	0	0	0	0	0	0	0	0	0	0	15	0	0	0	0	0	0	0	0	0	0
ASV_670	0	0	0	42	0	0	0	0	0	0	0	0	0	18	0	0	0	0	0	0	0	0	0	0	0	7	0
ASV_671	0	0	0	0	0	0	0	0	67	0	0	0	0	0	0	0	0	0	0	0	0	0	0	0	0	0	0
ASV_672	0	0	0	0	0	0	0	0	13	0	0	0	0	0	0	0	0	0	0	0	0	0	0	0	0	13	41
ASV_673	0	0	0	0	0	0	0	0	0	67	0	0	0	0	0	0	0	0	0	0	0	0	0	0	0	0	0
ASV_674	0	0	0	0	0	0	0	0	0	0	0	0	67	0	0	0	0	0	0	0	0	0	0	0	0	0	0
ASV_675	0	0	0	0	0	0	0	0	0	0	0	0	0	0	0	0	0	0	0	0	0	67	0	0	0	0	0
ASV_676	0	0	66	0	0	0	0	0	0	0	0	0	0	0	0	0	0	0	0	0	0	0	0	0	0	0	0
ASV_677	0	0	0	0	38	0	17	0	0	0	0	0	0	0	0	0	0	0	0	0	0	0	0	0	0	11	0
ASV_678	0	0	0	0	0	0	0	0	66	0	0	0	0	0	0	0	0	0	0	0	0	0	0	0	0	0	0
ASV_679	0	0	14	21	0	0	0	0	0	0	0	0	0	0	0	0	0	0	0	0	0	0	7	23	0	0	0
ASV_680	0	0	3	9	4	0	5	0	8	0	0	0	0	8	0	0	0	0	0	0	0	0	0	24	0	0	4
ASV_681	0	0	0	65	0	0	0	0	0	0	0	0	0	0	0	0	0	0	0	0	0	0	0	0	0	0	0
ASV_682	0	0	0	0	0	0	35	0	0	0	30	0	0	0	0	0	0	0	0	0	0	0	0	0	0	0	0
ASV_683	0	0	0	52	0	0	12	0	0	0	0	0	0	0	0	0	0	0	0	0	0	0	0	0	0	0	0
ASV_684	0	0	0	0	0	30	0	0	0	0	0	0	0	0	0	0	0	0	0	0	34	0	0	0	0	0	0
ASV_685	0	0	0	0	0	0	0	0	0	0	0	0	0	0	0	0	64	0	0	0	0	0	0	0	0	0	0
ASV_686	0	0	0	0	0	0	0	0	0	0	0	0	0	0	0	0	0	0	10	10	0	20	0	12	0	0	12
ASV_687	0	0	0	0	0	0	0	0	0	0	0	0	0	0	0	0	0	0	0	0	0	0	0	0	64	0	0
ASV_688	0	0	0	0	63	0	0	0	0	0	0	0	0	0	0	0	0	0	0	0	0	0	0	0	0	0	0
ASV_689	0	0	0	0	0	0	0	0	22	0	0	12	0	0	0	0	0	0	29	0	0	0	0	0	0	0	0
ASV_690	0	0	0	0	0	0	0	0	0	0	0	0	0	0	0	0	5	0	0	0	0	0	0	0	0	58	0
ASV_691	0	17	7	0	4	0	0	0	0	0	4	0	0	0	0	0	0	0	0	25	0	0	0	0	0	5	0
ASV_692	0	22	0	0	0	0	0	0	0	0	0	0	0	0	0	0	0	0	0	0	0	0	0	0	26	14	0
ASV_693	0	0	0	0	0	0	0	62	0	0	0	0	0	0	0	0	0	0	0	0	0	0	0	0	0	0	0
ASV_694	0	0	0	0	0	0	0	62	0	0	0	0	0	0	0	0	0	0	0	0	0	0	0	0	0	0	0
ASV_695	0	4	0	0	0	0	0	0	0	0	0	0	0	0	0	0	0	0	5	9	3	16	0	12	0	0	12
ASV_696	0	61	0	0	0	0	0	0	0	0	0	0	0	0	0	0	0	0	0	0	0	0	0	0	0	0	0
ASV_697	0	0	0	10	0	0	0	0	0	0	0	0	0	0	0	0	0	0	0	0	0	31	20	0	0	0	0
ASV_698	0	0	0	0	0	0	0	61	0	0	0	0	0	0	0	0	0	0	0	0	0	0	0	0	0	0	0
ASV_699	0	0	0	0	0	0	0	0	0	0	61	0	0	0	0	0	0	0	0	0	0	0	0	0	0	0	0
ASV_700	0	0	0	0	0	0	0	0	0	0	0	0	0	0	0	0	0	0	0	0	28	0	0	0	33	0	0
ASV_701	7	0	0	0	0	53	0	0	0	0	0	0	0	0	0	0	0	0	0	0	0	0	0	0	0	0	0
ASV_702	0	0	0	0	0	0	60	0	0	0	0	0	0	0	0	0	0	0	0	0	0	0	0	0	0	0	0
ASV_703	0	0	0	0	0	0	0	0	0	0	0	0	0	0	0	0	0	0	0	0	0	0	0	0	60	0	0
ASV_704	0	15	0	0	0	0	19	0	0	0	0	0	0	0	0	0	0	0	0	25	0	0	0	0	0	0	0
ASV_705	8	0	0	0	0	0	0	0	0	0	0	0	0	0	0	0	6	0	0	7	0	26	0	0	11	0	0
ASV_706	0	0	0	0	20	0	0	0	0	0	0	0	0	0	0	0	0	0	0	12	0	26	0	0	0	0	0
ASV_707	0	0	0	0	0	0	0	0	0	0	0	58	0	0	0	0	0	0	0	0	0	0	0	0	0	0	0
ASV_708	0	0	0	0	46	0	0	0	0	0	0	0	0	0	0	0	0	0	0	0	0	0	0	0	11	0	0
ASV_709	0	0	0	0	0	0	0	19	0	0	0	0	0	0	0	22	16	0	0	0	0	0	0	0	0	0	0
ASV_710	0	0	0	0	0	0	0	57	0	0	0	0	0	0	0	0	0	0	0	0	0	0	0	0	0	0	0
ASV_711	0	0	0	0	0	0	0	0	0	0	0	0	0	0	0	0	0	0	0	0	0	0	0	57	0	0	0
ASV_712	0	0	0	0	0	0	0	0	0	0	0	0	0	0	0	0	0	0	0	0	0	0	0	57	0	0	0
ASV_713	0	0	0	56	0	0	0	0	0	0	0	0	0	0	0	0	0	0	0	0	0	0	0	0	0	0	0
ASV_714	0	0	0	0	0	56	0	0	0	0	0	0	0	0	0	0	0	0	0	0	0	0	0	0	0	0	0
ASV_715	0	0	0	0	0	0	0	0	0	55	0	0	0	0	0	0	0	0	0	0	0	0	0	0	0	0	0
ASV_716	0	0	0	0	0	0	0	0	0	15	0	21	0	0	0	0	0	0	19	0	0	0	0	0	0	0	0
ASV_717	0	0	0	0	0	0	0	0	0	0	0	0	55	0	0	0	0	0	0	0	0	0	0	0	0	0	0
ASV_718	0	0	0	0	0	0	0	0	0	0	0	0	0	0	55	0	0	0	0	0	0	0	0	0	0	0	0
ASV_719	0	0	0	0	0	0	0	0	0	0	0	0	0	0	0	0	0	0	0	0	55	0	0	0	0	0	0
ASV_720	0	0	0	0	0	0	0	0	0	0	0	0	0	0	0	0	0	0	0	0	0	0	55	0	0	0	0
ASV_721	0	0	0	0	0	0	0	0	0	0	0	0	0	0	0	0	0	0	0	0	0	0	0	0	0	0	55
ASV_722	0	0	0	0	24	16	0	0	0	0	0	0	0	0	0	0	0	0	0	5	0	9	0	0	0	0	0
ASV_723	0	0	0	0	0	0	19	0	0	0	35	0	0	0	0	0	0	0	0	0	0	0	0	0	0	0	0
ASV_724	0	0	0	0	0	0	0	0	0	0	0	0	54	0	0	0	0	0	0	0	0	0	0	0	0	0	0
ASV_725	0	0	0	0	0	0	0	0	0	0	0	0	0	0	54	0	0	0	0	0	0	0	0	0	0	0	0
ASV_726	0	0	0	0	0	0	0	0	0	0	0	0	0	0	0	54	0	0	0	0	0	0	0	0	0	0	0
ASV_727	0	0	0	0	0	0	0	0	0	0	0	0	0	0	0	0	0	0	0	0	0	0	54	0	0	0	0
ASV_728	0	0	0	0	0	0	0	0	0	0	0	0	0	0	0	0	0	0	0	0	0	0	0	0	0	0	54
ASV_729	0	0	0	0	0	0	0	0	0	0	0	0	0	0	0	0	0	0	0	0	53	0	0	0	0	0	0
ASV_730	0	0	0	0	0	0	0	0	0	0	0	0	0	0	0	0	0	0	0	0	0	0	53	0	0	0	0
ASV_731	0	0	0	0	0	0	0	0	0	0	0	0	0	0	0	0	0	0	0	0	0	0	0	0	0	53	0
ASV_732	0	0	0	0	42	0	0	0	0	0	0	0	0	0	0	0	0	0	0	10	0	0	0	0	0	0	0
ASV_733	0	0	0	0	0	0	0	0	0	0	0	0	0	52	0	0	0	0	0	0	0	0	0	0	0	0	0
ASV_734	0	0	0	0	0	0	0	0	0	0	0	0	0	0	0	0	0	0	0	0	0	0	0	52	0	0	0
ASV_735	11	0	0	0	0	0	40	0	0	0	0	0	0	0	0	0	0	0	0	0	0	0	0	0	0	0	0
ASV_736	0	0	0	0	0	0	0	0	0	0	0	0	0	0	51	0	0	0	0	0	0	0	0	0	0	0	0
ASV_737	0	0	0	0	0	0	0	0	0	0	0	0	0	0	0	0	0	0	51	0	0	0	0	0	0	0	0
ASV_738	31	0	0	0	9	0	0	10	0	0	0	0	0	0	0	0	0	0	0	0	0	0	0	0	0	0	0
ASV_739	6	0	0	0	0	0	0	0	0	0	0	0	0	0	0	5	7	0	0	3	0	9	2	16	0	2	0
ASV_740	0	0	0	0	0	14	0	0	0	0	0	0	0	0	0	0	0	0	0	0	0	36	0	0	0	0	0
ASV_741	0	0	0	0	0	0	0	0	0	0	0	0	0	0	0	0	50	0	0	0	0	0	0	0	0	0	0
ASV_742	0	0	0	0	0	0	0	0	0	0	0	0	0	0	0	0	50	0	0	0	0	0	0	0	0	0	0
ASV_743	0	0	0	0	0	0	0	0	0	0	0	0	0	0	0	0	0	0	0	0	0	0	0	0	0	50	0
ASV_744	41	0	0	0	0	0	0	8	0	0	0	0	0	0	0	0	0	0	0	0	0	0	0	0	0	0	0
ASV_745	0	0	0	4	0	0	8	0	0	0	0	0	0	0	9	0	0	0	0	0	0	16	0	0	0	0	12
ASV_746	0	0	0	0	0	0	0	0	0	0	0	0	14	0	0	0	0	0	0	0	0	0	0	35	0	0	0
ASV_747	0	0	0	0	0	0	0	0	0	0	0	0	0	0	0	0	0	0	0	0	0	0	0	0	0	49	0
ASV_748	0	9	0	0	0	0	0	0	0	0	0	0	0	0	0	0	0	0	0	0	11	0	9	0	14	5	0
ASV_749	0	19	0	0	0	0	29	0	0	0	0	0	0	0	0	0	0	0	0	0	0	0	0	0	0	0	0
ASV_750	0	10	0	0	0	0	0	0	0	0	0	0	0	0	0	0	0	0	0	0	0	0	0	0	24	14	0
ASV_751	0	0	0	0	0	15	0	0	0	0	0	0	0	0	0	0	0	0	0	0	0	0	0	0	0	33	0
ASV_752	0	0	0	0	0	0	0	0	48	0	0	0	0	0	0	0	0	0	0	0	0	0	0	0	0	0	0
ASV_753	0	0	0	0	0	0	0	0	0	0	0	0	0	0	0	0	0	48	0	0	0	0	0	0	0	0	0
ASV_754	4	0	0	0	0	0	0	0	0	0	9	0	0	0	0	0	34	0	0	0	0	0	0	0	0	0	0
ASV_755	0	0	0	0	16	0	0	0	0	0	0	0	0	0	0	0	0	0	0	0	0	0	0	0	31	0	0
ASV_756	0	0	0	0	0	44	0	0	0	0	0	0	0	0	0	0	0	0	0	0	0	0	0	0	3	0	0
ASV_757	0	0	0	0	0	47	0	0	0	0	0	0	0	0	0	0	0	0	0	0	0	0	0	0	0	0	0
ASV_758	0	0	0	0	0	0	25	0	0	0	0	0	0	0	0	0	22	0	0	0	0	0	0	0	0	0	0
ASV_759	0	0	0	0	0	0	0	0	20	0	0	0	0	0	0	0	0	0	0	0	15	0	12	0	0	0	0
ASV_760	0	0	0	0	0	0	0	0	0	47	0	0	0	0	0	0	0	0	0	0	0	0	0	0	0	0	0
ASV_761	0	0	0	0	0	0	0	0	0	0	0	0	0	0	21	0	0	0	0	0	26	0	0	0	0	0	0
ASV_762	0	0	0	0	0	0	0	0	0	0	0	0	0	0	0	0	47	0	0	0	0	0	0	0	0	0	0
ASV_763	0	0	0	0	0	46	0	0	0	0	0	0	0	0	0	0	0	0	0	0	0	0	0	0	0	0	0
ASV_764	0	0	0	0	0	0	0	0	0	0	0	0	46	0	0	0	0	0	0	0	0	0	0	0	0	0	0
ASV_765	0	0	0	0	0	0	0	0	0	0	0	0	0	0	0	46	0	0	0	0	0	0	0	0	0	0	0
ASV_766	0	0	0	0	0	0	0	0	0	0	0	0	0	0	0	0	46	0	0	0	0	0	0	0	0	0	0
ASV_767	0	0	0	0	0	0	0	0	0	0	0	0	0	0	0	0	13	0	0	0	0	0	0	0	0	33	0
ASV_768	0	0	0	0	0	0	0	0	0	0	0	0	0	0	0	0	0	0	0	0	0	0	0	0	0	0	46
ASV_769	8	15	0	0	8	0	2	0	0	0	0	0	0	0	0	0	12	0	0	0	0	0	0	0	0	0	0
ASV_770	45	0	0	0	0	0	0	0	0	0	0	0	0	0	0	0	0	0	0	0	0	0	0	0	0	0	0
ASV_771	20	0	0	0	0	0	0	25	0	0	0	0	0	0	0	0	0	0	0	0	0	0	0	0	0	0	0
ASV_772	0	0	10	18	7	7	0	0	0	0	0	0	0	0	0	0	0	0	0	0	0	0	0	0	3	0	0
ASV_773	0	0	0	0	0	0	37	0	0	0	8	0	0	0	0	0	0	0	0	0	0	0	0	0	0	0	0
ASV_774	0	0	0	0	0	0	0	0	11	11	0	0	0	0	16	0	0	0	0	0	0	0	0	7	0	0	0
ASV_775	0	0	0	0	0	0	0	0	0	0	0	0	0	0	0	0	0	0	0	0	45	0	0	0	0	0	0
ASV_776	0	0	44	0	0	0	0	0	0	0	0	0	0	0	0	0	0	0	0	0	0	0	0	0	0	0	0
ASV_777	0	0	0	44	0	0	0	0	0	0	0	0	0	0	0	0	0	0	0	0	0	0	0	0	0	0	0
ASV_778	0	0	0	0	0	0	0	0	44	0	0	0	0	0	0	0	0	0	0	0	0	0	0	0	0	0	0
ASV_779	0	0	0	0	0	0	0	0	0	0	44	0	0	0	0	0	0	0	0	0	0	0	0	0	0	0	0
ASV_780	0	0	0	0	0	0	0	0	0	0	0	0	44	0	0	0	0	0	0	0	0	0	0	0	0	0	0
ASV_781	0	0	0	0	0	0	43	0	0	0	0	0	0	0	0	0	0	0	0	0	0	0	0	0	0	0	0
ASV_782	0	0	0	0	0	0	0	0	0	0	11	0	0	0	0	0	0	0	0	0	0	32	0	0	0	0	0
ASV_783	0	0	0	0	0	0	0	0	0	0	0	0	0	0	0	0	0	0	0	0	0	0	0	0	36	7	0
ASV_784	0	15	0	0	0	0	2	0	0	0	3	0	0	0	0	0	22	0	0	0	0	0	0	0	0	0	0
ASV_785	0	5	0	0	0	0	0	3	4	0	0	0	0	0	0	0	0	0	0	14	3	0	0	0	0	0	13
ASV_786	0	0	0	0	0	0	42	0	0	0	0	0	0	0	0	0	0	0	0	0	0	0	0	0	0	0	0
ASV_787	0	0	0	0	0	0	0	0	42	0	0	0	0	0	0	0	0	0	0	0	0	0	0	0	0	0	0
ASV_788	0	0	0	0	0	0	0	0	0	0	0	0	0	0	0	0	42	0	0	0	0	0	0	0	0	0	0
ASV_789	0	0	0	0	41	0	0	0	0	0	0	0	0	0	0	0	0	0	0	0	0	0	0	0	0	0	0
ASV_790	0	0	0	0	0	41	0	0	0	0	0	0	0	0	0	0	0	0	0	0	0	0	0	0	0	0	0
ASV_791	0	0	0	0	0	0	8	0	0	0	5	0	0	0	0	0	7	0	0	0	0	0	0	0	8	13	0
ASV_792	0	0	0	0	0	0	0	0	4	0	2	0	0	0	0	3	7	0	0	7	0	0	6	12	0	0	0
ASV_793	0	0	0	0	0	0	0	0	0	0	0	0	41	0	0	0	0	0	0	0	0	0	0	0	0	0	0
ASV_794	40	0	0	0	0	0	0	0	0	0	0	0	0	0	0	0	0	0	0	0	0	0	0	0	0	0	0
ASV_795	0	29	0	0	0	0	0	0	0	0	0	0	0	0	0	0	0	0	0	0	0	0	11	0	0	0	0
ASV_796	0	40	0	0	0	0	0	0	0	0	0	0	0	0	0	0	0	0	0	0	0	0	0	0	0	0	0
ASV_797	0	0	0	0	0	0	0	40	0	0	0	0	0	0	0	0	0	0	0	0	0	0	0	0	0	0	0
ASV_798	0	0	0	0	0	0	0	0	40	0	0	0	0	0	0	0	0	0	0	0	0	0	0	0	0	0	0
ASV_799	0	0	0	0	0	0	0	0	0	0	0	0	0	0	40	0	0	0	0	0	0	0	0	0	0	0	0
ASV_800	0	0	0	0	0	0	0	0	0	0	0	0	0	0	0	0	0	0	0	40	0	0	0	0	0	0	0
ASV_801	0	0	0	0	0	0	0	0	0	0	0	0	0	0	0	0	0	0	0	0	15	0	0	0	25	0	0
ASV_802	39	0	0	0	0	0	0	0	0	0	0	0	0	0	0	0	0	0	0	0	0	0	0	0	0	0	0
ASV_803	0	0	0	0	8	0	0	0	0	0	0	0	0	0	0	9	0	0	0	5	0	17	0	0	0	0	0
ASV_804	0	0	0	0	39	0	0	0	0	0	0	0	0	0	0	0	0	0	0	0	0	0	0	0	0	0	0
ASV_805	0	0	0	0	0	0	0	0	39	0	0	0	0	0	0	0	0	0	0	0	0	0	0	0	0	0	0
ASV_806	0	4	0	13	0	0	0	0	0	0	0	0	0	0	0	6	0	0	0	12	0	0	0	0	0	3	0
ASV_807	0	0	0	0	38	0	0	0	0	0	0	0	0	0	0	0	0	0	0	0	0	0	0	0	0	0	0
ASV_808	0	0	0	0	0	0	15	0	0	0	0	0	0	0	0	0	0	0	0	0	0	0	0	0	0	0	23
ASV_809	0	0	0	0	0	0	0	0	38	0	0	0	0	0	0	0	0	0	0	0	0	0	0	0	0	0	0
ASV_810	0	0	0	0	0	0	0	0	0	0	0	0	0	0	38	0	0	0	0	0	0	0	0	0	0	0	0
ASV_811	0	7	0	0	5	0	0	7	0	0	0	0	0	0	0	3	0	0	0	0	0	15	0	0	0	0	0
ASV_812	0	0	0	0	0	0	15	0	0	0	0	22	0	0	0	0	0	0	0	0	0	0	0	0	0	0	0
ASV_813	0	0	0	0	0	0	0	0	0	0	0	7	0	0	0	0	0	0	0	0	0	0	0	18	0	12	0
ASV_814	0	0	0	0	0	0	0	0	0	0	0	0	0	0	37	0	0	0	0	0	0	0	0	0	0	0	0
ASV_815	0	0	0	0	0	0	0	0	0	0	0	0	0	0	0	0	0	0	0	0	0	0	0	0	0	37	0
ASV_816	0	0	0	4	4	0	0	0	0	0	0	0	0	0	0	0	9	0	12	0	0	7	0	0	0	0	0
ASV_817	0	0	0	0	0	0	8	0	0	0	0	0	0	0	0	0	4	0	0	0	0	0	0	0	0	0	24
ASV_818	0	0	0	0	0	0	0	36	0	0	0	0	0	0	0	0	0	0	0	0	0	0	0	0	0	0	0
ASV_819	0	0	0	0	0	0	0	0	0	0	0	0	0	0	0	36	0	0	0	0	0	0	0	0	0	0	0
ASV_820	35	0	0	0	0	0	0	0	0	0	0	0	0	0	0	0	0	0	0	0	0	0	0	0	0	0	0
ASV_821	0	0	35	0	0	0	0	0	0	0	0	0	0	0	0	0	0	0	0	0	0	0	0	0	0	0	0
ASV_822	0	0	9	26	0	0	0	0	0	0	0	0	0	0	0	0	0	0	0	0	0	0	0	0	0	0	0
ASV_823	0	0	0	15	0	0	0	0	0	0	0	0	0	0	0	0	0	0	0	7	13	0	0	0	0	0	0
ASV_824	0	0	0	0	6	0	0	0	0	0	0	0	0	0	0	0	0	0	0	0	0	0	0	0	29	0	0
ASV_825	0	0	0	0	0	0	24	0	0	0	0	0	7	0	0	0	0	0	0	0	0	0	4	0	0	0	0
ASV_826	0	0	0	0	0	0	0	0	3	0	0	0	0	14	18	0	0	0	0	0	0	0	0	0	0	0	0
ASV_827	0	0	0	0	0	0	0	0	0	0	0	0	0	0	0	0	0	0	10	0	0	0	0	0	0	8	17
ASV_828	0	0	0	0	0	0	0	0	0	0	0	0	0	0	0	0	0	0	0	0	0	35	0	0	0	0	0
ASV_829	0	0	0	0	0	0	0	0	0	0	0	0	0	0	0	0	0	0	0	0	0	0	0	0	0	0	35
ASV_830	0	0	0	0	10	0	0	0	0	0	0	0	0	0	0	24	0	0	0	0	0	0	0	0	0	0	0
ASV_831	0	0	0	0	0	8	0	0	0	26	0	0	0	0	0	0	0	0	0	0	0	0	0	0	0	0	0
ASV_832	0	0	0	0	0	0	28	0	0	6	0	0	0	0	0	0	0	0	0	0	0	0	0	0	0	0	0
ASV_833	0	0	0	0	0	0	0	0	0	34	0	0	0	0	0	0	0	0	0	0	0	0	0	0	0	0	0
ASV_834	0	0	0	0	0	0	0	0	0	0	0	0	0	0	0	0	0	5	0	0	0	16	0	4	9	0	0
ASV_835	0	0	0	0	0	0	0	0	0	0	0	0	0	0	0	0	0	0	0	34	0	0	0	0	0	0	0
ASV_836	8	0	0	0	0	0	0	0	0	0	0	0	0	0	0	0	0	0	0	25	0	0	0	0	0	0	0
ASV_837	0	0	0	0	19	0	0	0	0	0	8	0	0	0	0	0	0	0	0	6	0	0	0	0	0	0	0
ASV_838	0	0	0	0	0	0	0	33	0	0	0	0	0	0	0	0	0	0	0	0	0	0	0	0	0	0	0
ASV_839	0	0	0	0	0	0	0	0	0	0	0	33	0	0	0	0	0	0	0	0	0	0	0	0	0	0	0
ASV_840	0	0	0	0	0	0	0	0	0	0	0	0	0	0	0	0	0	0	0	0	0	0	33	0	0	0	0
ASV_841	0	0	0	0	0	0	0	0	0	0	0	0	0	0	0	0	0	0	0	0	0	0	0	33	0	0	0
ASV_842	0	14	0	0	0	0	0	0	0	0	0	0	0	0	0	0	8	0	0	0	0	10	0	0	0	0	0
ASV_843	0	0	0	32	0	0	0	0	0	0	0	0	0	0	0	0	0	0	0	0	0	0	0	0	0	0	0
ASV_844	0	0	0	0	0	15	9	0	0	0	0	0	0	0	0	0	8	0	0	0	0	0	0	0	0	0	0
ASV_845	0	0	0	0	0	0	0	0	0	0	0	0	0	0	0	0	11	0	0	0	21	0	0	0	0	0	0
ASV_846	0	8	0	0	0	0	0	0	0	0	8	0	0	0	0	0	0	0	0	0	15	0	0	0	0	0	0
ASV_847	0	0	0	0	2	0	0	0	0	0	0	0	0	0	0	3	0	0	0	26	0	0	0	0	0	0	0
ASV_848	0	0	0	0	0	0	0	0	0	0	7	0	0	0	0	0	8	0	0	0	0	7	0	9	0	0	0
ASV_849	0	0	0	0	0	0	0	0	0	0	0	0	31	0	0	0	0	0	0	0	0	0	0	0	0	0	0
ASV_850	0	0	0	0	0	0	0	0	0	0	0	0	0	0	0	0	0	0	0	0	31	0	0	0	0	0	0
ASV_851	0	0	0	0	0	0	0	0	0	0	0	0	0	0	0	0	0	0	0	0	0	0	0	0	0	31	0
ASV_852	0	0	0	0	16	0	0	0	0	0	0	0	0	0	8	0	0	0	0	0	6	0	0	0	0	0	0
ASV_853	0	0	0	0	0	0	30	0	0	0	0	0	0	0	0	0	0	0	0	0	0	0	0	0	0	0	0
ASV_854	0	0	0	0	0	0	0	0	0	0	0	30	0	0	0	0	0	0	0	0	0	0	0	0	0	0	0
ASV_855	0	0	7	0	0	0	0	0	0	0	0	0	0	9	0	0	0	0	0	13	0	0	0	0	0	0	0
ASV_856	0	0	0	0	29	0	0	0	0	0	0	0	0	0	0	0	0	0	0	0	0	0	0	0	0	0	0
ASV_857	0	0	0	0	0	0	9	0	0	0	0	0	0	0	0	0	0	0	0	0	0	0	0	0	20	0	0
ASV_858	0	0	0	0	0	0	7	0	0	0	0	0	0	0	0	0	22	0	0	0	0	0	0	0	0	0	0
ASV_859	0	0	0	0	0	0	0	0	0	29	0	0	0	0	0	0	0	0	0	0	0	0	0	0	0	0	0
ASV_860	0	0	0	0	0	0	0	0	0	0	7	0	0	0	0	0	0	0	0	22	0	0	0	0	0	0	0
ASV_861	0	0	0	0	0	0	0	0	0	0	0	0	0	0	0	0	0	29	0	0	0	0	0	0	0	0	0
ASV_862	0	0	0	0	0	0	0	0	0	0	0	0	0	0	0	0	0	0	29	0	0	0	0	0	0	0	0
ASV_863	0	0	0	0	0	0	0	0	0	0	0	0	0	0	0	0	0	0	0	0	0	0	0	0	29	0	0
ASV_864	0	0	0	0	0	0	0	0	0	0	0	0	0	0	0	0	0	0	0	0	0	0	0	0	0	29	0
ASV_865	8	0	0	0	0	0	0	0	0	0	0	0	0	0	0	0	0	0	0	0	8	0	0	0	0	12	0
ASV_866	3	0	0	0	4	0	0	0	0	0	0	0	0	0	0	0	3	0	0	0	0	18	0	0	0	0	0
ASV_867	0	0	0	0	8	0	0	0	0	0	15	0	0	0	0	0	0	0	0	5	0	0	0	0	0	0	0
ASV_868	0	0	0	0	0	28	0	0	0	0	0	0	0	0	0	0	0	0	0	0	0	0	0	0	0	0	0
ASV_869	0	0	0	0	0	0	22	6	0	0	0	0	0	0	0	0	0	0	0	0	0	0	0	0	0	0	0
ASV_870	0	0	0	0	0	0	0	28	0	0	0	0	0	0	0	0	0	0	0	0	0	0	0	0	0	0	0
ASV_871	0	0	0	0	0	0	0	13	0	0	0	0	0	0	0	0	0	0	0	0	0	0	0	0	15	0	0
ASV_872	0	0	0	0	0	0	0	10	0	0	0	0	0	0	0	0	0	0	0	18	0	0	0	0	0	0	0
ASV_873	0	0	0	0	0	0	0	0	0	0	28	0	0	0	0	0	0	0	0	0	0	0	0	0	0	0	0
ASV_874	0	0	0	0	0	0	0	0	0	0	0	0	0	0	0	0	28	0	0	0	0	0	0	0	0	0	0
ASV_875	0	0	0	0	0	0	0	0	0	0	0	0	0	0	0	0	0	0	0	0	0	0	0	0	28	0	0
ASV_876	8	0	0	0	0	0	0	19	0	0	0	0	0	0	0	0	0	0	0	0	0	0	0	0	0	0	0
ASV_877	0	0	27	0	0	0	0	0	0	0	0	0	0	0	0	0	0	0	0	0	0	0	0	0	0	0	0
ASV_878	0	0	0	27	0	0	0	0	0	0	0	0	0	0	0	0	0	0	0	0	0	0	0	0	0	0	0
ASV_879	0	0	0	27	0	0	0	0	0	0	0	0	0	0	0	0	0	0	0	0	0	0	0	0	0	0	0
ASV_880	0	0	0	7	0	0	0	0	20	0	0	0	0	0	0	0	0	0	0	0	0	0	0	0	0	0	0
ASV_881	0	0	0	0	10	0	17	0	0	0	0	0	0	0	0	0	0	0	0	0	0	0	0	0	0	0	0
ASV_882	0	0	0	0	0	0	0	16	0	0	0	0	0	0	0	0	0	0	0	0	0	0	0	0	11	0	0
ASV_883	0	0	0	0	0	0	0	0	0	0	0	0	0	0	0	0	0	27	0	0	0	0	0	0	0	0	0
ASV_884	10	0	0	0	0	16	0	0	0	0	0	0	0	0	0	0	0	0	0	0	0	0	0	0	0	0	0
ASV_885	3	0	0	0	0	14	9	0	0	0	0	0	0	0	0	0	0	0	0	0	0	0	0	0	0	0	0
ASV_886	0	10	0	0	0	0	0	0	0	0	0	0	0	0	0	0	0	0	0	0	0	16	0	0	0	0	0
ASV_887	0	0	26	0	0	0	0	0	0	0	0	0	0	0	0	0	0	0	0	0	0	0	0	0	0	0	0
ASV_888	0	0	0	2	14	0	0	0	0	0	0	0	0	0	0	0	0	0	0	0	0	0	10	0	0	0	0
ASV_889	0	0	0	0	0	26	0	0	0	0	0	0	0	0	0	0	0	0	0	0	0	0	0	0	0	0	0
ASV_890	0	0	0	0	0	0	0	26	0	0	0	0	0	0	0	0	0	0	0	0	0	0	0	0	0	0	0
ASV_891	0	0	0	0	0	0	0	0	0	0	0	26	0	0	0	0	0	0	0	0	0	0	0	0	0	0	0
ASV_892	0	0	0	0	0	0	0	0	0	0	0	0	0	26	0	0	0	0	0	0	0	0	0	0	0	0	0
ASV_893	0	0	0	0	0	0	0	0	0	0	0	0	0	26	0	0	0	0	0	0	0	0	0	0	0	0	0
ASV_894	0	0	0	0	0	0	0	0	0	0	0	0	0	0	0	26	0	0	0	0	0	0	0	0	0	0	0
ASV_895	0	0	0	0	0	0	0	0	0	0	0	0	0	0	0	0	0	0	26	0	0	0	0	0	0	0	0
ASV_896	0	0	0	0	0	0	0	0	0	0	0	0	0	0	0	0	0	0	0	6	0	13	0	7	0	0	0
ASV_897	0	0	0	0	0	0	0	0	0	0	0	0	0	0	0	0	0	0	0	0	0	0	0	26	0	0	0
ASV_898	0	0	0	0	0	0	0	0	0	0	0	0	0	0	0	0	0	0	0	0	0	0	0	0	26	0	0
ASV_899	0	25	0	0	0	0	0	0	0	0	0	0	0	0	0	0	0	0	0	0	0	0	0	0	0	0	0
ASV_900	0	7	0	0	0	0	0	0	0	0	0	0	0	0	0	0	0	0	0	0	18	0	0	0	0	0	0
ASV_901	0	0	0	25	0	0	0	0	0	0	0	0	0	0	0	0	0	0	0	0	0	0	0	0	0	0	0
ASV_902	0	0	0	0	25	0	0	0	0	0	0	0	0	0	0	0	0	0	0	0	0	0	0	0	0	0	0
ASV_903	0	0	0	0	0	25	0	0	0	0	0	0	0	0	0	0	0	0	0	0	0	0	0	0	0	0	0
ASV_904	0	0	0	0	0	25	0	0	0	0	0	0	0	0	0	0	0	0	0	0	0	0	0	0	0	0	0
ASV_905	0	0	0	0	0	0	0	0	25	0	0	0	0	0	0	0	0	0	0	0	0	0	0	0	0	0	0
ASV_906	0	0	0	0	0	0	0	0	0	0	0	0	0	0	0	0	0	0	0	0	25	0	0	0	0	0	0
ASV_907	0	0	0	0	0	0	0	0	0	0	0	0	0	0	0	0	0	0	0	0	0	0	0	0	0	0	25
ASV_908	0	0	0	0	24	0	0	0	0	0	0	0	0	0	0	0	0	0	0	0	0	0	0	0	0	0	0
ASV_909	0	0	0	0	0	0	24	0	0	0	0	0	0	0	0	0	0	0	0	0	0	0	0	0	0	0	0
ASV_910	0	0	0	0	0	0	0	0	0	0	0	0	13	0	0	0	0	0	0	0	0	6	0	3	0	0	2
ASV_911	0	0	0	23	0	0	0	0	0	0	0	0	0	0	0	0	0	0	0	0	0	0	0	0	0	0	0
ASV_912	0	0	0	0	0	10	0	0	3	0	0	0	0	3	0	0	0	0	0	7	0	0	0	0	0	0	0
ASV_913	0	0	0	0	0	0	0	0	0	0	0	0	0	0	0	14	9	0	0	0	0	0	0	0	0	0	0
ASV_914	0	0	0	0	0	0	0	0	0	0	0	0	0	0	0	0	0	0	0	23	0	0	0	0	0	0	0
ASV_915	0	0	0	0	0	0	0	0	0	0	0	0	0	0	0	0	0	0	0	23	0	0	0	0	0	0	0
ASV_916	0	3	0	0	0	0	0	0	0	0	10	0	0	0	0	0	9	0	0	0	0	0	0	0	0	0	0
ASV_917	0	0	22	0	0	0	0	0	0	0	0	0	0	0	0	0	0	0	0	0	0	0	0	0	0	0	0
ASV_918	0	0	0	0	0	0	0	15	0	0	0	0	0	0	0	0	0	0	0	0	0	0	7	0	0	0	0
ASV_919	0	0	0	0	0	0	0	0	0	0	22	0	0	0	0	0	0	0	0	0	0	0	0	0	0	0	0
ASV_920	0	0	0	0	0	0	0	0	0	0	0	0	22	0	0	0	0	0	0	0	0	0	0	0	0	0	0
ASV_921	0	0	0	0	0	0	0	0	0	0	0	0	0	0	0	0	22	0	0	0	0	0	0	0	0	0	0
ASV_922	0	0	0	0	0	0	0	0	0	0	0	0	0	0	0	0	22	0	0	0	0	0	0	0	0	0	0
ASV_923	0	0	0	0	0	0	0	0	0	0	0	0	0	0	0	0	0	22	0	0	0	0	0	0	0	0	0
ASV_924	0	0	0	21	0	0	0	0	0	0	0	0	0	0	0	0	0	0	0	0	0	0	0	0	0	0	0
ASV_925	0	0	0	0	21	0	0	0	0	0	0	0	0	0	0	0	0	0	0	0	0	0	0	0	0	0	0
ASV_926	0	0	0	0	0	0	5	0	0	0	0	0	0	0	0	0	0	0	0	0	0	0	0	0	16	0	0
ASV_927	0	0	0	0	0	0	0	0	0	0	14	0	0	0	0	0	0	0	0	0	0	7	0	0	0	0	0
ASV_928	0	0	0	0	0	0	0	0	0	0	0	21	0	0	0	0	0	0	0	0	0	0	0	0	0	0	0
ASV_929	0	0	0	0	0	0	0	0	0	0	0	0	0	0	0	0	21	0	0	0	0	0	0	0	0	0	0
ASV_930	20	0	0	0	0	0	0	0	0	0	0	0	0	0	0	0	0	0	0	0	0	0	0	0	0	0	0
ASV_931	11	0	0	0	0	0	0	0	0	0	0	0	0	0	9	0	0	0	0	0	0	0	0	0	0	0	0
ASV_932	0	20	0	0	0	0	0	0	0	0	0	0	0	0	0	0	0	0	0	0	0	0	0	0	0	0	0
ASV_933	0	0	4	0	0	5	0	0	0	11	0	0	0	0	0	0	0	0	0	0	0	0	0	0	0	0	0
ASV_934	0	0	0	0	0	20	0	0	0	0	0	0	0	0	0	0	0	0	0	0	0	0	0	0	0	0	0
ASV_935	0	0	0	0	0	0	0	20	0	0	0	0	0	0	0	0	0	0	0	0	0	0	0	0	0	0	0
ASV_936	0	0	0	0	0	0	0	0	0	0	0	0	0	0	20	0	0	0	0	0	0	0	0	0	0	0	0
ASV_937	0	0	0	0	0	0	0	0	0	0	0	0	0	0	0	0	0	0	0	0	0	0	0	7	0	13	0
ASV_938	0	0	0	0	0	0	0	0	0	0	0	0	0	0	0	0	0	0	0	0	0	0	0	20	0	0	0
ASV_939	0	0	0	0	0	0	0	0	0	0	0	0	0	0	0	0	0	0	0	0	0	0	0	0	0	0	20
ASV_940	19	0	0	0	0	0	0	0	0	0	0	0	0	0	0	0	0	0	0	0	0	0	0	0	0	0	0
ASV_941	3	0	0	0	0	0	3	3	0	10	0	0	0	0	0	0	0	0	0	0	0	0	0	0	0	0	0
ASV_942	0	0	5	14	0	0	0	0	0	0	0	0	0	0	0	0	0	0	0	0	0	0	0	0	0	0	0
ASV_943	0	0	19	0	0	0	0	0	0	0	0	0	0	0	0	0	0	0	0	0	0	0	0	0	0	0	0
ASV_944	0	0	5	0	0	0	0	0	0	0	0	0	0	0	8	0	3	0	0	0	0	0	0	0	0	0	3
ASV_945	0	0	0	0	13	6	0	0	0	0	0	0	0	0	0	0	0	0	0	0	0	0	0	0	0	0	0
ASV_946	0	0	0	0	19	0	0	0	0	0	0	0	0	0	0	0	0	0	0	0	0	0	0	0	0	0	0
ASV_947	0	0	0	0	0	0	19	0	0	0	0	0	0	0	0	0	0	0	0	0	0	0	0	0	0	0	0
ASV_948	0	0	0	0	0	0	9	0	0	0	10	0	0	0	0	0	0	0	0	0	0	0	0	0	0	0	0
ASV_949	0	0	0	0	0	0	0	0	19	0	0	0	0	0	0	0	0	0	0	0	0	0	0	0	0	0	0
ASV_950	0	0	0	0	0	0	0	0	0	0	11	0	0	0	0	0	0	0	0	0	0	0	8	0	0	0	0
ASV_951	0	0	0	0	0	0	0	0	0	0	0	19	0	0	0	0	0	0	0	0	0	0	0	0	0	0	0
ASV_952	0	0	0	0	0	0	0	0	0	0	0	0	0	0	0	5	14	0	0	0	0	0	0	0	0	0	0
ASV_953	0	0	0	0	0	0	0	0	0	0	0	0	0	0	0	0	0	19	0	0	0	0	0	0	0	0	0
ASV_954	0	0	0	0	0	0	0	0	0	0	0	0	0	0	0	0	0	0	0	0	0	19	0	0	0	0	0
ASV_955	0	0	0	0	0	0	0	0	0	0	0	0	0	0	0	0	0	0	0	0	0	0	0	0	0	19	0
ASV_956	0	0	0	0	0	0	0	0	0	0	0	0	0	0	0	0	0	0	0	0	0	0	0	0	0	19	0
ASV_957	7	0	0	0	0	0	0	0	0	0	0	0	0	0	0	0	0	0	0	0	0	8	0	0	0	3	0
ASV_958	0	0	18	0	0	0	0	0	0	0	0	0	0	0	0	0	0	0	0	0	0	0	0	0	0	0	0
ASV_959	0	0	0	18	0	0	0	0	0	0	0	0	0	0	0	0	0	0	0	0	0	0	0	0	0	0	0
ASV_960	0	0	0	3	0	0	0	0	0	0	2	0	8	0	0	0	0	0	0	0	0	0	5	0	0	0	0
ASV_961	0	0	0	0	0	0	6	0	0	0	12	0	0	0	0	0	0	0	0	0	0	0	0	0	0	0	0
ASV_962	0	0	0	0	0	0	0	18	0	0	0	0	0	0	0	0	0	0	0	0	0	0	0	0	0	0	0
ASV_963	0	0	0	0	0	0	0	0	0	0	0	0	0	0	0	0	18	0	0	0	0	0	0	0	0	0	0
ASV_964	0	0	0	0	0	0	0	0	0	0	0	0	0	0	0	0	18	0	0	0	0	0	0	0	0	0	0
ASV_965	0	0	0	0	0	0	0	0	0	0	0	0	0	0	0	0	0	0	0	18	0	0	0	0	0	0	0
ASV_966	0	0	0	0	0	0	0	0	0	0	0	0	0	0	0	0	0	0	0	0	0	0	0	0	18	0	0
ASV_967	0	10	0	0	0	0	5	0	0	0	2	0	0	0	0	0	0	0	0	0	0	0	0	0	0	0	0
ASV_968	0	0	17	0	0	0	0	0	0	0	0	0	0	0	0	0	0	0	0	0	0	0	0	0	0	0	0
ASV_969	0	0	0	2	0	0	0	0	0	0	0	0	10	0	0	0	0	0	0	0	0	0	0	5	0	0	0
ASV_970	0	0	0	0	6	8	0	3	0	0	0	0	0	0	0	0	0	0	0	0	0	0	0	0	0	0	0
ASV_971	0	0	0	0	0	11	0	0	0	0	6	0	0	0	0	0	0	0	0	0	0	0	0	0	0	0	0
ASV_972	0	0	0	0	0	0	17	0	0	0	0	0	0	0	0	0	0	0	0	0	0	0	0	0	0	0	0
ASV_973	0	0	0	0	0	0	5	0	0	0	0	0	0	0	0	0	0	0	0	0	0	12	0	0	0	0	0
ASV_974	0	0	0	0	0	0	0	17	0	0	0	0	0	0	0	0	0	0	0	0	0	0	0	0	0	0	0
ASV_975	0	0	0	0	0	0	0	17	0	0	0	0	0	0	0	0	0	0	0	0	0	0	0	0	0	0	0
ASV_976	0	0	0	0	0	0	0	0	9	0	0	0	0	0	8	0	0	0	0	0	0	0	0	0	0	0	0
ASV_977	0	0	0	0	0	0	0	0	0	0	0	0	0	0	0	0	0	0	17	0	0	0	0	0	0	0	0
ASV_978	0	0	0	0	0	0	0	0	0	0	0	0	0	0	0	0	0	0	0	0	17	0	0	0	0	0	0
ASV_979	0	0	0	0	0	0	0	0	0	0	0	0	0	0	0	0	0	0	0	0	0	0	0	17	0	0	0
ASV_980	0	0	0	0	0	0	0	0	0	0	0	0	0	0	0	0	0	0	0	0	0	0	0	17	0	0	0
ASV_981	0	4	0	0	0	0	0	0	0	0	0	0	0	0	0	0	0	0	0	0	0	0	0	0	0	12	0
ASV_982	0	0	0	0	16	0	0	0	0	0	0	0	0	0	0	0	0	0	0	0	0	0	0	0	0	0	0
ASV_983	0	0	0	0	5	11	0	0	0	0	0	0	0	0	0	0	0	0	0	0	0	0	0	0	0	0	0
ASV_984	0	0	0	0	0	0	0	0	0	0	16	0	0	0	0	0	0	0	0	0	0	0	0	0	0	0	0
ASV_985	0	0	0	0	0	0	0	0	0	0	0	0	0	0	0	0	16	0	0	0	0	0	0	0	0	0	0
ASV_986	0	0	0	0	0	0	0	0	0	0	0	0	0	0	0	0	11	0	0	0	0	0	0	0	0	0	5
ASV_987	0	0	0	0	0	0	0	0	0	0	0	0	0	0	0	0	9	0	0	0	0	0	0	0	0	7	0
ASV_988	0	0	0	0	0	0	0	0	0	0	0	0	0	0	0	0	16	0	0	0	0	0	0	0	0	0	0
ASV_989	0	0	0	0	0	0	0	0	0	0	0	0	0	0	0	0	0	0	0	16	0	0	0	0	0	0	0
ASV_990	15	0	0	0	0	0	0	0	0	0	0	0	0	0	0	0	0	0	0	0	0	0	0	0	0	0	0
ASV_991	0	0	4	0	0	0	0	0	0	0	0	0	11	0	0	0	0	0	0	0	0	0	0	0	0	0	0
ASV_992	0	0	0	15	0	0	0	0	0	0	0	0	0	0	0	0	0	0	0	0	0	0	0	0	0	0	0
ASV_993	0	0	0	9	0	0	0	0	0	0	0	0	0	6	0	0	0	0	0	0	0	0	0	0	0	0	0
ASV_994	0	0	0	15	0	0	0	0	0	0	0	0	0	0	0	0	0	0	0	0	0	0	0	0	0	0	0
ASV_995	0	0	0	15	0	0	0	0	0	0	0	0	0	0	0	0	0	0	0	0	0	0	0	0	0	0	0
ASV_996	0	0	0	0	8	0	0	0	0	0	0	0	7	0	0	0	0	0	0	0	0	0	0	0	0	0	0
ASV_997	0	0	0	0	6	0	0	0	0	0	0	0	0	0	0	0	0	0	0	9	0	0	0	0	0	0	0
ASV_998	0	0	0	0	6	9	0	0	0	0	0	0	0	0	0	0	0	0	0	0	0	0	0	0	0	0	0
ASV_999	0	0	0	0	0	0	0	0	0	0	0	0	15	0	0	0	0	0	0	0	0	0	0	0	0	0	0
ASV_1000	0	0	0	0	0	0	0	0	0	0	0	0	0	0	0	0	15	0	0	0	0	0	0	0	0	0	0
ASV_1001	0	0	0	0	0	0	0	0	0	0	0	0	0	0	0	0	0	0	0	5	0	0	0	0	10	0	0
ASV_1002	0	0	0	0	0	0	0	0	0	0	0	0	0	0	0	0	0	0	0	0	15	0	0	0	0	0	0
ASV_1003	0	0	0	0	0	0	0	0	0	0	0	0	0	0	0	0	0	0	0	0	0	0	0	0	0	5	10
ASV_1004	0	0	0	0	0	0	0	0	0	0	0	0	0	0	0	0	0	0	0	0	0	0	0	0	0	0	15
ASV_1005	2	0	0	0	0	0	0	0	0	0	0	0	0	0	0	0	0	0	0	12	0	0	0	0	0	0	0
ASV_1006	4	10	0	0	0	0	0	0	0	0	0	0	0	0	0	0	0	0	0	0	0	0	0	0	0	0	0
ASV_1007	0	14	0	0	0	0	0	0	0	0	0	0	0	0	0	0	0	0	0	0	0	0	0	0	0	0	0
ASV_1008	0	0	0	0	14	0	0	0	0	0	0	0	0	0	0	0	0	0	0	0	0	0	0	0	0	0	0
ASV_1009	0	0	0	0	14	0	0	0	0	0	0	0	0	0	0	0	0	0	0	0	0	0	0	0	0	0	0
ASV_1010	0	0	0	0	8	0	0	0	3	0	0	0	0	0	0	0	0	0	0	0	0	0	0	0	3	0	0
ASV_1011	0	0	0	0	0	14	0	0	0	0	0	0	0	0	0	0	0	0	0	0	0	0	0	0	0	0	0
ASV_1012	0	0	0	0	0	0	0	0	7	0	0	0	0	0	0	0	0	0	0	7	0	0	0	0	0	0	0
ASV_1013	0	0	0	0	0	0	0	0	6	0	0	0	0	0	0	0	0	0	0	0	0	0	0	0	0	0	8
ASV_1014	0	0	0	0	0	0	0	0	0	14	0	0	0	0	0	0	0	0	0	0	0	0	0	0	0	0	0
ASV_1015	0	0	0	0	0	0	0	0	0	0	14	0	0	0	0	0	0	0	0	0	0	0	0	0	0	0	0
ASV_1016	0	0	0	0	0	0	0	0	0	0	0	0	0	0	0	11	3	0	0	0	0	0	0	0	0	0	0
ASV_1017	0	0	0	0	0	0	0	0	0	0	0	0	0	0	0	0	14	0	0	0	0	0	0	0	0	0	0
ASV_1018	0	0	0	0	0	0	0	0	0	0	0	0	0	0	0	0	14	0	0	0	0	0	0	0	0	0	0
ASV_1019	0	0	0	0	0	0	0	0	0	0	0	0	0	0	0	0	0	0	0	0	14	0	0	0	0	0	0
ASV_1020	0	0	0	0	0	0	0	0	0	0	0	0	0	0	0	0	0	0	0	0	0	0	0	0	14	0	0
ASV_1021	13	0	0	0	0	0	0	0	0	0	0	0	0	0	0	0	0	0	0	0	0	0	0	0	0	0	0
ASV_1022	0	0	13	0	0	0	0	0	0	0	0	0	0	0	0	0	0	0	0	0	0	0	0	0	0	0	0
ASV_1023	0	0	0	13	0	0	0	0	0	0	0	0	0	0	0	0	0	0	0	0	0	0	0	0	0	0	0
ASV_1024	0	0	0	13	0	0	0	0	0	0	0	0	0	0	0	0	0	0	0	0	0	0	0	0	0	0	0
ASV_1025	0	0	0	0	10	3	0	0	0	0	0	0	0	0	0	0	0	0	0	0	0	0	0	0	0	0	0
ASV_1026	0	0	0	0	13	0	0	0	0	0	0	0	0	0	0	0	0	0	0	0	0	0	0	0	0	0	0
ASV_1027	0	0	0	0	0	0	0	8	0	0	0	0	0	0	0	0	0	0	0	0	0	0	0	5	0	0	0
ASV_1028	0	0	0	0	0	0	0	0	0	13	0	0	0	0	0	0	0	0	0	0	0	0	0	0	0	0	0
ASV_1029	0	0	0	0	0	0	0	0	0	0	0	0	0	0	0	0	0	0	13	0	0	0	0	0	0	0	0
ASV_1030	0	0	0	0	0	0	0	0	0	0	0	0	0	0	0	0	0	0	0	0	0	13	0	0	0	0	0
ASV_1031	0	0	0	0	0	0	0	0	0	0	0	0	0	0	0	0	0	0	0	0	0	13	0	0	0	0	0
ASV_1032	0	0	0	0	0	0	0	0	0	0	0	0	0	0	0	0	0	0	0	0	0	13	0	0	0	0	0
ASV_1033	0	0	0	0	0	0	0	0	0	0	0	0	0	0	0	0	0	0	0	0	0	0	0	13	0	0	0
ASV_1034	0	0	0	0	0	0	0	0	0	0	0	0	0	0	0	0	0	0	0	0	0	0	0	0	0	0	13
ASV_1035	0	0	0	0	0	0	0	0	0	0	0	0	0	0	0	0	0	0	0	0	0	0	0	0	0	0	13
ASV_1036	12	0	0	0	0	0	0	0	0	0	0	0	0	0	0	0	0	0	0	0	0	0	0	0	0	0	0
ASV_1037	12	0	0	0	0	0	0	0	0	0	0	0	0	0	0	0	0	0	0	0	0	0	0	0	0	0	0
ASV_1038	0	12	0	0	0	0	0	0	0	0	0	0	0	0	0	0	0	0	0	0	0	0	0	0	0	0	0
ASV_1039	0	0	0	6	4	0	2	0	0	0	0	0	0	0	0	0	0	0	0	0	0	0	0	0	0	0	0
ASV_1040	0	0	0	0	0	0	0	6	0	0	0	0	0	0	0	0	6	0	0	0	0	0	0	0	0	0	0
ASV_1041	0	0	0	0	0	0	0	12	0	0	0	0	0	0	0	0	0	0	0	0	0	0	0	0	0	0	0
ASV_1042	0	0	0	0	0	0	0	0	0	12	0	0	0	0	0	0	0	0	0	0	0	0	0	0	0	0	0
ASV_1043	0	0	0	0	0	0	0	0	0	0	12	0	0	0	0	0	0	0	0	0	0	0	0	0	0	0	0
ASV_1044	0	0	0	0	0	0	0	0	0	0	0	12	0	0	0	0	0	0	0	0	0	0	0	0	0	0	0
ASV_1045	0	0	0	0	0	0	0	0	0	0	0	12	0	0	0	0	0	0	0	0	0	0	0	0	0	0	0
ASV_1046	0	0	0	0	0	0	0	0	0	0	0	0	12	0	0	0	0	0	0	0	0	0	0	0	0	0	0
ASV_1047	0	0	0	0	0	0	0	0	0	0	0	0	0	0	0	12	0	0	0	0	0	0	0	0	0	0	0
ASV_1048	0	0	0	0	0	0	0	0	0	0	0	0	0	0	0	0	12	0	0	0	0	0	0	0	0	0	0
ASV_1049	0	0	0	0	0	0	0	0	0	0	0	0	0	0	0	0	12	0	0	0	0	0	0	0	0	0	0
ASV_1050	0	0	0	0	0	0	0	0	0	0	0	0	0	0	0	0	12	0	0	0	0	0	0	0	0	0	0
ASV_1051	0	0	0	0	0	0	0	0	0	0	0	0	0	0	0	0	0	0	0	0	12	0	0	0	0	0	0
ASV_1052	0	0	0	0	0	0	0	0	0	0	0	0	0	0	0	0	0	0	0	0	0	6	0	6	0	0	0
ASV_1053	0	0	0	0	0	0	0	0	0	0	0	0	0	0	0	0	0	0	0	0	0	0	0	0	0	0	12
ASV_1054	2	0	0	6	0	0	0	0	0	0	0	0	0	0	0	0	0	0	3	0	0	0	0	0	0	0	0
ASV_1055	6	0	0	0	0	0	0	0	5	0	0	0	0	0	0	0	0	0	0	0	0	0	0	0	0	0	0
ASV_1056	0	11	0	0	0	0	0	0	0	0	0	0	0	0	0	0	0	0	0	0	0	0	0	0	0	0	0
ASV_1057	0	0	5	0	2	0	0	0	2	0	0	0	0	0	0	0	0	0	0	0	0	0	0	2	0	0	0
ASV_1058	0	0	11	0	0	0	0	0	0	0	0	0	0	0	0	0	0	0	0	0	0	0	0	0	0	0	0
ASV_1059	0	0	0	0	6	0	0	0	0	0	0	0	0	0	0	0	0	0	0	0	0	0	0	0	5	0	0
ASV_1060	0	0	0	0	0	11	0	0	0	0	0	0	0	0	0	0	0	0	0	0	0	0	0	0	0	0	0
ASV_1061	0	0	0	0	0	2	0	0	0	0	0	0	2	0	0	0	0	0	0	0	0	4	0	3	0	0	0
ASV_1062	0	0	0	0	0	0	11	0	0	0	0	0	0	0	0	0	0	0	0	0	0	0	0	0	0	0	0
ASV_1063	0	0	0	0	0	0	0	11	0	0	0	0	0	0	0	0	0	0	0	0	0	0	0	0	0	0	0
ASV_1064	0	0	0	0	0	0	0	0	11	0	0	0	0	0	0	0	0	0	0	0	0	0	0	0	0	0	0
ASV_1065	0	0	0	0	0	0	0	0	0	0	0	0	0	0	11	0	0	0	0	0	0	0	0	0	0	0	0
ASV_1066	0	0	0	0	0	0	0	0	0	0	0	0	0	0	0	11	0	0	0	0	0	0	0	0	0	0	0
ASV_1067	0	0	0	0	0	0	0	0	0	0	0	0	0	0	0	0	11	0	0	0	0	0	0	0	0	0	0
ASV_1068	0	0	0	0	0	0	0	0	0	0	0	0	0	0	0	0	11	0	0	0	0	0	0	0	0	0	0
ASV_1069	0	0	0	0	0	0	0	0	0	0	0	0	0	0	0	0	6	0	5	0	0	0	0	0	0	0	0
ASV_1070	0	0	0	0	0	0	0	0	0	0	0	0	0	0	0	0	11	0	0	0	0	0	0	0	0	0	0
ASV_1071	0	0	0	0	0	0	0	0	0	0	0	0	0	0	0	0	11	0	0	0	0	0	0	0	0	0	0
ASV_1072	0	0	0	0	0	0	0	0	0	0	0	0	0	0	0	0	11	0	0	0	0	0	0	0	0	0	0
ASV_1073	0	0	0	0	0	0	0	0	0	0	0	0	0	0	0	0	0	11	0	0	0	0	0	0	0	0	0
ASV_1074	0	0	0	0	0	0	0	0	0	0	0	0	0	0	0	0	0	0	0	0	11	0	0	0	0	0	0
ASV_1075	0	0	0	0	0	0	0	0	0	0	0	0	0	0	0	0	0	0	0	0	0	11	0	0	0	0	0
ASV_1076	0	0	0	0	0	0	0	0	0	0	0	0	0	0	0	0	0	0	0	0	0	11	0	0	0	0	0
ASV_1077	0	0	0	0	0	0	0	0	0	0	0	0	0	0	0	0	0	0	0	0	0	0	0	11	0	0	0
ASV_1078	0	0	0	0	0	0	0	0	0	0	0	0	0	0	0	0	0	0	0	0	0	0	0	0	0	11	0
ASV_1079	2	0	0	0	8	0	0	0	0	0	0	0	0	0	0	0	0	0	0	0	0	0	0	0	0	0	0
ASV_1080	0	10	0	0	0	0	0	0	0	0	0	0	0	0	0	0	0	0	0	0	0	0	0	0	0	0	0
ASV_1081	0	8	0	0	0	0	0	0	0	0	0	0	0	0	0	0	0	0	0	0	0	2	0	0	0	0	0
ASV_1082	0	10	0	0	0	0	0	0	0	0	0	0	0	0	0	0	0	0	0	0	0	0	0	0	0	0	0
ASV_1083	0	0	7	0	0	0	0	0	0	0	0	0	0	3	0	0	0	0	0	0	0	0	0	0	0	0	0
ASV_1084	0	0	0	3	0	0	0	0	0	2	0	0	0	0	0	0	0	0	0	0	0	2	0	0	3	0	0
ASV_1085	0	0	0	10	0	0	0	0	0	0	0	0	0	0	0	0	0	0	0	0	0	0	0	0	0	0	0
ASV_1086	0	0	0	10	0	0	0	0	0	0	0	0	0	0	0	0	0	0	0	0	0	0	0	0	0	0	0
ASV_1087	0	0	0	10	0	0	0	0	0	0	0	0	0	0	0	0	0	0	0	0	0	0	0	0	0	0	0
ASV_1088	0	0	0	0	10	0	0	0	0	0	0	0	0	0	0	0	0	0	0	0	0	0	0	0	0	0	0
ASV_1089	0	0	0	0	0	0	10	0	0	0	0	0	0	0	0	0	0	0	0	0	0	0	0	0	0	0	0
ASV_1090	0	0	0	0	0	0	10	0	0	0	0	0	0	0	0	0	0	0	0	0	0	0	0	0	0	0	0
ASV_1091	0	0	0	0	0	0	0	0	10	0	0	0	0	0	0	0	0	0	0	0	0	0	0	0	0	0	0
ASV_1092	0	0	0	0	0	0	0	0	0	0	10	0	0	0	0	0	0	0	0	0	0	0	0	0	0	0	0
ASV_1093	0	0	0	0	0	0	0	0	0	0	0	0	0	0	0	0	8	0	0	0	0	0	0	0	0	2	0
ASV_1094	0	0	0	0	0	0	0	0	0	0	0	0	0	0	0	0	0	10	0	0	0	0	0	0	0	0	0
ASV_1095	0	0	0	0	0	0	0	0	0	0	0	0	0	0	0	0	0	0	0	10	0	0	0	0	0	0	0
ASV_1096	0	0	0	0	0	0	0	0	0	0	0	0	0	0	0	0	0	0	0	0	10	0	0	0	0	0	0
ASV_1097	0	0	0	0	0	0	0	0	0	0	0	0	0	0	0	0	0	0	0	0	0	4	0	0	0	0	6
ASV_1098	9	0	0	0	0	0	0	0	0	0	0	0	0	0	0	0	0	0	0	0	0	0	0	0	0	0	0
ASV_1099	5	0	0	0	0	0	4	0	0	0	0	0	0	0	0	0	0	0	0	0	0	0	0	0	0	0	0
ASV_1100	0	9	0	0	0	0	0	0	0	0	0	0	0	0	0	0	0	0	0	0	0	0	0	0	0	0	0
ASV_1101	0	0	2	0	0	0	0	0	2	0	0	0	0	0	0	0	0	0	0	0	0	0	0	0	2	0	3
ASV_1102	0	0	0	0	0	9	0	0	0	0	0	0	0	0	0	0	0	0	0	0	0	0	0	0	0	0	0
ASV_1103	0	0	0	0	0	3	6	0	0	0	0	0	0	0	0	0	0	0	0	0	0	0	0	0	0	0	0
ASV_1104	0	0	0	0	0	0	9	0	0	0	0	0	0	0	0	0	0	0	0	0	0	0	0	0	0	0	0
ASV_1105	0	0	0	0	0	0	9	0	0	0	0	0	0	0	0	0	0	0	0	0	0	0	0	0	0	0	0
ASV_1106	0	0	0	0	0	0	0	9	0	0	0	0	0	0	0	0	0	0	0	0	0	0	0	0	0	0	0
ASV_1107	0	0	0	0	0	0	0	9	0	0	0	0	0	0	0	0	0	0	0	0	0	0	0	0	0	0	0
ASV_1108	0	0	0	0	0	0	0	0	0	9	0	0	0	0	0	0	0	0	0	0	0	0	0	0	0	0	0
ASV_1109	0	0	0	0	0	0	0	0	0	0	5	0	0	0	0	0	0	0	0	0	0	0	0	0	4	0	0
ASV_1110	0	0	0	0	0	0	0	0	0	0	9	0	0	0	0	0	0	0	0	0	0	0	0	0	0	0	0
ASV_1111	0	0	0	0	0	0	0	0	0	0	0	0	0	0	0	0	9	0	0	0	0	0	0	0	0	0	0
ASV_1112	0	0	0	0	0	0	0	0	0	0	0	0	0	0	0	0	9	0	0	0	0	0	0	0	0	0	0
ASV_1113	0	0	0	0	0	0	0	0	0	0	0	0	0	0	0	0	0	0	0	0	0	0	0	0	0	0	9
ASV_1114	8	0	0	0	0	0	0	0	0	0	0	0	0	0	0	0	0	0	0	0	0	0	0	0	0	0	0
ASV_1115	8	0	0	0	0	0	0	0	0	0	0	0	0	0	0	0	0	0	0	0	0	0	0	0	0	0	0
ASV_1116	8	0	0	0	0	0	0	0	0	0	0	0	0	0	0	0	0	0	0	0	0	0	0	0	0	0	0
ASV_1117	8	0	0	0	0	0	0	0	0	0	0	0	0	0	0	0	0	0	0	0	0	0	0	0	0	0	0
ASV_1118	0	8	0	0	0	0	0	0	0	0	0	0	0	0	0	0	0	0	0	0	0	0	0	0	0	0	0
ASV_1119	0	0	8	0	0	0	0	0	0	0	0	0	0	0	0	0	0	0	0	0	0	0	0	0	0	0	0
ASV_1120	0	0	0	8	0	0	0	0	0	0	0	0	0	0	0	0	0	0	0	0	0	0	0	0	0	0	0
ASV_1121	0	0	0	0	8	0	0	0	0	0	0	0	0	0	0	0	0	0	0	0	0	0	0	0	0	0	0
ASV_1122	0	0	0	0	8	0	0	0	0	0	0	0	0	0	0	0	0	0	0	0	0	0	0	0	0	0	0
ASV_1123	0	0	0	0	3	0	0	0	0	0	0	0	0	0	0	0	0	0	0	0	0	0	0	0	5	0	0
ASV_1124	0	0	0	0	0	0	8	0	0	0	0	0	0	0	0	0	0	0	0	0	0	0	0	0	0	0	0
ASV_1125	0	0	0	0	0	0	0	8	0	0	0	0	0	0	0	0	0	0	0	0	0	0	0	0	0	0	0
ASV_1126	0	0	0	0	0	0	0	8	0	0	0	0	0	0	0	0	0	0	0	0	0	0	0	0	0	0	0
ASV_1127	0	0	0	0	0	0	0	8	0	0	0	0	0	0	0	0	0	0	0	0	0	0	0	0	0	0	0
ASV_1128	0	0	0	0	0	0	0	0	0	8	0	0	0	0	0	0	0	0	0	0	0	0	0	0	0	0	0
ASV_1129	0	0	0	0	0	0	0	0	0	0	8	0	0	0	0	0	0	0	0	0	0	0	0	0	0	0	0
ASV_1130	0	0	0	0	0	0	0	0	0	0	0	2	0	0	0	0	0	0	0	6	0	0	0	0	0	0	0
ASV_1131	0	0	0	0	0	0	0	0	0	0	0	8	0	0	0	0	0	0	0	0	0	0	0	0	0	0	0
ASV_1132	0	0	0	0	0	0	0	0	0	0	0	0	8	0	0	0	0	0	0	0	0	0	0	0	0	0	0
ASV_1133	0	0	0	0	0	0	0	0	0	0	0	0	0	0	0	0	8	0	0	0	0	0	0	0	0	0	0
ASV_1134	0	0	0	0	0	0	0	0	0	0	0	0	0	0	0	0	0	0	0	4	0	4	0	0	0	0	0
ASV_1135	0	0	0	0	0	0	0	0	0	0	0	0	0	0	0	0	0	0	0	8	0	0	0	0	0	0	0
ASV_1136	0	0	0	0	0	0	0	0	0	0	0	0	0	0	0	0	0	0	0	8	0	0	0	0	0	0	0
ASV_1137	0	0	0	0	0	0	0	0	0	0	0	0	0	0	0	0	0	0	0	8	0	0	0	0	0	0	0
ASV_1138	0	0	0	0	0	0	0	0	0	0	0	0	0	0	0	0	0	0	0	0	0	8	0	0	0	0	0
ASV_1139	0	0	0	0	0	0	0	0	0	0	0	0	0	0	0	0	0	0	0	0	0	8	0	0	0	0	0
ASV_1140	7	0	0	0	0	0	0	0	0	0	0	0	0	0	0	0	0	0	0	0	0	0	0	0	0	0	0
ASV_1141	0	7	0	0	0	0	0	0	0	0	0	0	0	0	0	0	0	0	0	0	0	0	0	0	0	0	0
ASV_1142	0	4	0	0	0	0	0	0	0	0	0	0	0	0	0	3	0	0	0	0	0	0	0	0	0	0	0
ASV_1143	0	0	7	0	0	0	0	0	0	0	0	0	0	0	0	0	0	0	0	0	0	0	0	0	0	0	0
ASV_1144	0	0	0	7	0	0	0	0	0	0	0	0	0	0	0	0	0	0	0	0	0	0	0	0	0	0	0
ASV_1145	0	0	0	0	0	7	0	0	0	0	0	0	0	0	0	0	0	0	0	0	0	0	0	0	0	0	0
ASV_1146	0	0	0	0	0	7	0	0	0	0	0	0	0	0	0	0	0	0	0	0	0	0	0	0	0	0	0
ASV_1147	0	0	0	0	0	7	0	0	0	0	0	0	0	0	0	0	0	0	0	0	0	0	0	0	0	0	0
ASV_1148	0	0	0	0	0	0	7	0	0	0	0	0	0	0	0	0	0	0	0	0	0	0	0	0	0	0	0
ASV_1149	0	0	0	0	0	0	4	0	0	0	0	0	0	0	0	0	3	0	0	0	0	0	0	0	0	0	0
ASV_1150	0	0	0	0	0	0	7	0	0	0	0	0	0	0	0	0	0	0	0	0	0	0	0	0	0	0	0
ASV_1151	0	0	0	0	0	0	0	0	7	0	0	0	0	0	0	0	0	0	0	0	0	0	0	0	0	0	0
ASV_1152	0	0	0	0	0	0	0	0	0	7	0	0	0	0	0	0	0	0	0	0	0	0	0	0	0	0	0
ASV_1153	0	0	0	0	0	0	0	0	0	0	0	0	0	3	0	0	0	0	0	0	0	0	0	0	0	4	0
ASV_1154	0	0	0	0	0	0	0	0	0	0	0	0	0	0	0	0	7	0	0	0	0	0	0	0	0	0	0
ASV_1155	0	0	0	0	0	0	0	0	0	0	0	0	0	0	0	0	0	0	7	0	0	0	0	0	0	0	0
ASV_1156	0	0	0	0	0	0	0	0	0	0	0	0	0	0	0	0	0	0	0	7	0	0	0	0	0	0	0
ASV_1157	0	0	0	0	0	0	0	0	0	0	0	0	0	0	0	0	0	0	0	3	0	0	0	4	0	0	0
ASV_1158	0	0	0	0	0	0	0	0	0	0	0	0	0	0	0	0	0	0	0	0	0	0	0	0	0	7	0
ASV_1159	0	0	0	0	0	0	0	0	0	0	0	0	0	0	0	0	0	0	0	0	0	0	0	0	0	7	0
ASV_1160	6	0	0	0	0	0	0	0	0	0	0	0	0	0	0	0	0	0	0	0	0	0	0	0	0	0	0
ASV_1161	0	6	0	0	0	0	0	0	0	0	0	0	0	0	0	0	0	0	0	0	0	0	0	0	0	0	0
ASV_1162	0	6	0	0	0	0	0	0	0	0	0	0	0	0	0	0	0	0	0	0	0	0	0	0	0	0	0
ASV_1163	0	6	0	0	0	0	0	0	0	0	0	0	0	0	0	0	0	0	0	0	0	0	0	0	0	0	0
ASV_1164	0	0	0	0	0	0	0	0	6	0	0	0	0	0	0	0	0	0	0	0	0	0	0	0	0	0	0
ASV_1165	0	0	0	0	0	0	0	0	6	0	0	0	0	0	0	0	0	0	0	0	0	0	0	0	0	0	0
ASV_1166	0	0	0	0	0	0	0	0	0	0	6	0	0	0	0	0	0	0	0	0	0	0	0	0	0	0	0
ASV_1167	0	0	0	0	0	0	0	0	0	0	0	0	6	0	0	0	0	0	0	0	0	0	0	0	0	0	0
ASV_1168	0	0	0	0	0	0	0	0	0	0	0	0	0	0	0	0	6	0	0	0	0	0	0	0	0	0	0
ASV_1169	0	0	0	0	0	0	0	0	0	0	0	0	0	0	0	0	6	0	0	0	0	0	0	0	0	0	0
ASV_1170	0	0	0	0	0	0	0	0	0	0	0	0	0	0	0	0	0	0	6	0	0	0	0	0	0	0	0
ASV_1171	0	0	0	0	0	0	0	0	0	0	0	0	0	0	0	0	0	0	0	6	0	0	0	0	0	0	0
ASV_1172	0	0	0	0	0	0	0	0	0	0	0	0	0	0	0	0	0	0	0	0	0	6	0	0	0	0	0
ASV_1173	0	0	0	0	0	0	0	0	0	0	0	0	0	0	0	0	0	0	0	0	0	0	6	0	0	0	0
ASV_1174	0	0	0	0	0	0	0	0	0	0	0	0	0	0	0	0	0	0	0	0	0	0	0	6	0	0	0
ASV_1175	0	0	0	0	0	0	0	0	0	0	0	0	0	0	0	0	0	0	0	0	0	0	0	0	6	0	0
ASV_1176	0	0	0	0	0	0	0	0	0	0	0	0	0	0	0	0	0	0	0	0	0	0	0	0	6	0	0
ASV_1177	0	0	0	0	0	0	0	0	0	0	0	0	0	0	0	0	0	0	0	0	0	0	0	0	0	6	0
ASV_1178	0	0	0	0	0	0	0	0	0	0	0	0	0	0	0	0	0	0	0	0	0	0	0	0	0	0	6
ASV_1179	0	0	0	0	0	0	0	0	0	0	0	0	0	0	0	0	0	0	0	0	0	0	0	0	0	0	6
ASV_1180	3	0	0	0	0	0	0	0	0	0	0	0	0	0	0	0	0	0	0	0	0	0	2	0	0	0	0
ASV_1181	3	0	0	0	0	0	0	0	0	0	2	0	0	0	0	0	0	0	0	0	0	0	0	0	0	0	0
ASV_1182	0	5	0	0	0	0	0	0	0	0	0	0	0	0	0	0	0	0	0	0	0	0	0	0	0	0	0
ASV_1183	0	0	0	3	0	0	0	0	0	0	0	0	0	0	0	0	2	0	0	0	0	0	0	0	0	0	0
ASV_1184	0	0	0	5	0	0	0	0	0	0	0	0	0	0	0	0	0	0	0	0	0	0	0	0	0	0	0
ASV_1185	0	0	0	0	5	0	0	0	0	0	0	0	0	0	0	0	0	0	0	0	0	0	0	0	0	0	0
ASV_1186	0	0	0	0	5	0	0	0	0	0	0	0	0	0	0	0	0	0	0	0	0	0	0	0	0	0	0
ASV_1187	0	0	0	0	5	0	0	0	0	0	0	0	0	0	0	0	0	0	0	0	0	0	0	0	0	0	0
ASV_1188	0	0	0	0	0	0	5	0	0	0	0	0	0	0	0	0	0	0	0	0	0	0	0	0	0	0	0
ASV_1189	0	0	0	0	0	0	0	0	5	0	0	0	0	0	0	0	0	0	0	0	0	0	0	0	0	0	0
ASV_1190	0	0	0	0	0	0	0	0	3	0	0	0	0	0	0	0	0	0	0	0	0	0	0	0	2	0	0
ASV_1191	0	0	0	0	0	0	0	0	0	0	0	0	0	5	0	0	0	0	0	0	0	0	0	0	0	0	0
ASV_1192	0	0	0	0	0	0	0	0	0	0	0	0	0	0	5	0	0	0	0	0	0	0	0	0	0	0	0
ASV_1193	0	0	0	0	0	0	0	0	0	0	0	0	0	0	0	0	5	0	0	0	0	0	0	0	0	0	0
ASV_1194	0	0	0	0	0	0	0	0	0	0	0	0	0	0	0	0	5	0	0	0	0	0	0	0	0	0	0
ASV_1195	0	0	0	0	0	0	0	0	0	0	0	0	0	0	0	0	0	0	0	5	0	0	0	0	0	0	0
ASV_1196	0	0	0	0	0	0	0	0	0	0	0	0	0	0	0	0	0	0	0	0	5	0	0	0	0	0	0
ASV_1197	0	0	0	0	0	0	0	0	0	0	0	0	0	0	0	0	0	0	0	0	0	5	0	0	0	0	0
ASV_1198	0	0	0	0	0	0	0	0	0	0	0	0	0	0	0	0	0	0	0	0	0	0	0	5	0	0	0
ASV_1199	0	0	0	0	0	0	0	0	0	0	0	0	0	0	0	0	0	0	0	0	0	0	0	0	5	0	0
ASV_1200	0	0	0	0	0	0	0	0	0	0	0	0	0	0	0	0	0	0	0	0	0	0	0	0	5	0	0
ASV_1201	0	4	0	0	0	0	0	0	0	0	0	0	0	0	0	0	0	0	0	0	0	0	0	0	0	0	0
ASV_1202	0	0	4	0	0	0	0	0	0	0	0	0	0	0	0	0	0	0	0	0	0	0	0	0	0	0	0
ASV_1203	0	0	0	4	0	0	0	0	0	0	0	0	0	0	0	0	0	0	0	0	0	0	0	0	0	0	0
ASV_1204	0	0	0	0	4	0	0	0	0	0	0	0	0	0	0	0	0	0	0	0	0	0	0	0	0	0	0
ASV_1205	0	0	0	0	4	0	0	0	0	0	0	0	0	0	0	0	0	0	0	0	0	0	0	0	0	0	0
ASV_1206	0	0	0	0	0	4	0	0	0	0	0	0	0	0	0	0	0	0	0	0	0	0	0	0	0	0	0
ASV_1207	0	0	0	0	0	0	4	0	0	0	0	0	0	0	0	0	0	0	0	0	0	0	0	0	0	0	0
ASV_1208	0	0	0	0	0	0	4	0	0	0	0	0	0	0	0	0	0	0	0	0	0	0	0	0	0	0	0
ASV_1209	0	0	0	0	0	0	0	4	0	0	0	0	0	0	0	0	0	0	0	0	0	0	0	0	0	0	0
ASV_1210	0	0	0	0	0	0	0	0	4	0	0	0	0	0	0	0	0	0	0	0	0	0	0	0	0	0	0
ASV_1211	0	0	0	0	0	0	0	0	0	4	0	0	0	0	0	0	0	0	0	0	0	0	0	0	0	0	0
ASV_1212	0	0	0	0	0	0	0	0	0	0	4	0	0	0	0	0	0	0	0	0	0	0	0	0	0	0	0
ASV_1213	0	0	0	0	0	0	0	0	0	0	4	0	0	0	0	0	0	0	0	0	0	0	0	0	0	0	0
ASV_1214	0	0	0	0	0	0	0	0	0	0	4	0	0	0	0	0	0	0	0	0	0	0	0	0	0	0	0
ASV_1215	0	0	0	0	0	0	0	0	0	0	0	0	0	4	0	0	0	0	0	0	0	0	0	0	0	0	0
ASV_1216	0	0	0	0	0	0	0	0	0	0	0	0	0	0	0	4	0	0	0	0	0	0	0	0	0	0	0
ASV_1217	0	0	0	0	0	0	0	0	0	0	0	0	0	0	0	4	0	0	0	0	0	0	0	0	0	0	0
ASV_1218	0	0	0	0	0	0	0	0	0	0	0	0	0	0	0	0	4	0	0	0	0	0	0	0	0	0	0
ASV_1219	0	0	0	0	0	0	0	0	0	0	0	0	0	0	0	0	0	0	4	0	0	0	0	0	0	0	0
ASV_1220	0	0	0	0	0	0	0	0	0	0	0	0	0	0	0	0	0	0	0	4	0	0	0	0	0	0	0
ASV_1221	0	0	0	0	0	0	0	0	0	0	0	0	0	0	0	0	0	0	0	0	0	4	0	0	0	0	0
ASV_1222	0	0	0	0	0	0	0	0	0	0	0	0	0	0	0	0	0	0	0	0	0	4	0	0	0	0	0
ASV_1223	0	0	0	0	0	0	0	0	0	0	0	0	0	0	0	0	0	0	0	0	0	0	0	4	0	0	0
ASV_1224	0	0	0	0	0	0	0	0	0	0	0	0	0	0	0	0	0	0	0	0	0	0	0	0	0	4	0
ASV_1225	3	0	0	0	0	0	0	0	0	0	0	0	0	0	0	0	0	0	0	0	0	0	0	0	0	0	0
ASV_1226	0	0	3	0	0	0	0	0	0	0	0	0	0	0	0	0	0	0	0	0	0	0	0	0	0	0	0
ASV_1227	0	0	3	0	0	0	0	0	0	0	0	0	0	0	0	0	0	0	0	0	0	0	0	0	0	0	0
ASV_1228	0	0	3	0	0	0	0	0	0	0	0	0	0	0	0	0	0	0	0	0	0	0	0	0	0	0	0
ASV_1229	0	0	0	3	0	0	0	0	0	0	0	0	0	0	0	0	0	0	0	0	0	0	0	0	0	0	0
ASV_1230	0	0	0	0	3	0	0	0	0	0	0	0	0	0	0	0	0	0	0	0	0	0	0	0	0	0	0
ASV_1231	0	0	0	0	0	3	0	0	0	0	0	0	0	0	0	0	0	0	0	0	0	0	0	0	0	0	0
ASV_1232	0	0	0	0	0	3	0	0	0	0	0	0	0	0	0	0	0	0	0	0	0	0	0	0	0	0	0
ASV_1233	0	0	0	0	0	0	3	0	0	0	0	0	0	0	0	0	0	0	0	0	0	0	0	0	0	0	0
ASV_1234	0	0	0	0	0	0	3	0	0	0	0	0	0	0	0	0	0	0	0	0	0	0	0	0	0	0	0
ASV_1235	0	0	0	0	0	0	3	0	0	0	0	0	0	0	0	0	0	0	0	0	0	0	0	0	0	0	0
ASV_1236	0	0	0	0	0	0	0	3	0	0	0	0	0	0	0	0	0	0	0	0	0	0	0	0	0	0	0
ASV_1237	0	0	0	0	0	0	0	0	0	0	0	0	0	0	0	3	0	0	0	0	0	0	0	0	0	0	0
ASV_1238	0	0	0	0	0	0	0	0	0	0	0	0	0	0	0	0	3	0	0	0	0	0	0	0	0	0	0
ASV_1239	0	0	0	0	0	0	0	0	0	0	0	0	0	0	0	0	3	0	0	0	0	0	0	0	0	0	0
ASV_1240	0	0	0	0	0	0	0	0	0	0	0	0	0	0	0	0	0	0	3	0	0	0	0	0	0	0	0
ASV_1241	0	0	0	0	0	0	0	0	0	0	0	0	0	0	0	0	0	0	3	0	0	0	0	0	0	0	0
ASV_1242	0	0	0	0	0	0	0	0	0	0	0	0	0	0	0	0	0	0	0	0	0	0	0	3	0	0	0
ASV_1243	0	0	0	0	0	0	0	0	0	0	0	0	0	0	0	0	0	0	0	0	0	0	0	3	0	0	0
ASV_1244	0	0	0	0	0	0	0	0	0	0	0	0	0	0	0	0	0	0	0	0	0	0	0	0	3	0	0
ASV_1245	0	0	0	0	0	0	2	0	0	0	0	0	0	0	0	0	0	0	0	0	0	0	0	0	0	0	0
ASV_1246	0	0	0	0	0	0	2	0	0	0	0	0	0	0	0	0	0	0	0	0	0	0	0	0	0	0	0
ASV_1247	0	0	0	0	0	0	2	0	0	0	0	0	0	0	0	0	0	0	0	0	0	0	0	0	0	0	0
ASV_1248	0	0	0	0	0	0	2	0	0	0	0	0	0	0	0	0	0	0	0	0	0	0	0	0	0	0	0
ASV_1249	0	0	0	0	0	0	0	2	0	0	0	0	0	0	0	0	0	0	0	0	0	0	0	0	0	0	0
ASV_1250	0	0	0	0	0	0	0	2	0	0	0	0	0	0	0	0	0	0	0	0	0	0	0	0	0	0	0
ASV_1251	0	0	0	0	0	0	0	2	0	0	0	0	0	0	0	0	0	0	0	0	0	0	0	0	0	0	0
ASV_1252	0	0	0	0	0	0	0	2	0	0	0	0	0	0	0	0	0	0	0	0	0	0	0	0	0	0	0
ASV_1253	0	0	0	0	0	0	0	0	0	0	2	0	0	0	0	0	0	0	0	0	0	0	0	0	0	0	0
ASV_1254	0	0	0	0	0	0	0	0	0	0	0	0	0	0	0	0	2	0	0	0	0	0	0	0	0	0	0
ASV_1255	0	0	0	0	0	0	0	0	0	0	0	0	0	0	0	0	2	0	0	0	0	0	0	0	0	0	0
ASV_1256	0	0	0	0	0	0	0	0	0	0	0	0	0	0	0	0	2	0	0	0	0	0	0	0	0	0	0
ASV_1257	0	0	0	0	0	0	0	0	0	0	0	0	0	0	0	0	0	0	0	2	0	0	0	0	0	0	0
ASV_1258	0	0	0	0	0	0	0	0	0	0	0	0	0	0	0	0	0	0	0	2	0	0	0	0	0	0	0
ASV_1259	0	0	0	0	0	0	0	0	0	0	0	0	0	0	0	0	0	0	0	0	2	0	0	0	0	0	0
ASV_1260	0	0	0	0	0	0	0	0	0	0	0	0	0	0	0	0	0	0	0	0	0	0	2	0	0	0	0
ASV_1261	0	0	0	0	0	0	0	0	0	0	0	0	0	0	0	0	0	0	0	0	0	0	2	0	0	0	0
ASV_1262	0	0	0	0	0	0	0	0	0	0	0	0	0	0	0	0	0	0	0	0	0	0	0	2	0	0	0
ASV_1263	0	0	0	0	0	0	0	0	0	0	0	0	0	0	0	0	0	0	0	0	0	0	0	0	2	0	0
ASV_1264	0	0	0	0	0	0	0	0	0	0	0	0	0	0	0	0	0	0	0	0	0	0	0	0	0	2	0
